mtllib sewer.mtl
o Default
v 2 5 0
v 3 6 0
v 2 6 0
v 3 5 0
v 1 5 0
v 2 6 0
v 1 6 0
v 2 5 0
v 0 6 0
v 1 7 0
v 0 7 0
v 1 6 0
v -1 -5 9
v 0 -4 9
v -1 -4 9
v 0 -5 9
v -1 -4 9
v 0 -3 9
v -1 -3 9
v 0 -4 9
v -1.1102230246251565e-16 -5 7
v 1.1102230246251565e-16 -4 6
v -1.1102230246251565e-16 -4 7
v 1.1102230246251565e-16 -5 6
v -1.1102230246251565e-16 -5 8
v -1.1102230246251565e-16 -4 7
v -1.1102230246251565e-16 -4 8
v -1.1102230246251565e-16 -5 7
v 0 -5 9
v -1.1102230246251565e-16 -4 8
v 0 -4 9
v -1.1102230246251565e-16 -5 8
v 0 -4 9
v 1.1102230246251565e-16 -3 8
v 0 -3 9
v -1.1102230246251565e-16 -4 8
v -1.1102230246251565e-16 -4 8
v 1.1102230246251565e-16 -3 7
v 1.1102230246251565e-16 -3 8
v -1.1102230246251565e-16 -4 7
v -1.1102230246251565e-16 -4 7
v 1.1102230246251565e-16 -3 6
v 1.1102230246251565e-16 -3 7
v 1.1102230246251565e-16 -4 6
v 5 -5 6
v 6 -4 6
v 5 -4 6
v 6 -5 6
v 4 -5 6
v 5 -4 6
v 4 -4 6
v 5 -5 6
v 3 -5 6
v 4 -4 6
v 3 -4 6
v 4 -5 6
v 2 -5 6
v 3 -4 6
v 2 -4 6
v 3 -5 6
v 1 -5 6
v 2 -4 6
v 1 -4 6
v 2 -5 6
v 1.1102230246251565e-16 -5 6
v 1 -4 6
v 1.1102230246251565e-16 -4 6
v 1 -5 6
v 1.1102230246251565e-16 -4 6
v 1 -3 6
v 1.1102230246251565e-16 -3 6
v 1 -4 6
v 1 -4 6
v 2 -3 6
v 1 -3 6
v 2 -4 6
v 2 -4 6
v 3 -3 6
v 2 -3 6
v 3 -4 6
v 3 -4 6
v 4 -3 6
v 3 -3 6
v 4 -4 6
v 4 -4 6
v 5 -3 6
v 4 -3 6
v 5 -4 6
v 5 -4 6
v 6 -3 6
v 5 -3 6
v 6 -4 6
v 15 -5 6
v 16 -4 6
v 15 -4 6
v 16 -5 6
v 14 -5 6
v 15 -4 6
v 14 -4 6
v 15 -5 6
v 13 -5 6
v 14 -4 6
v 13 -4 6
v 14 -5 6
v 11 -5 6
v 12 -4 6
v 11 -4 6
v 12 -5 6
v 12 -5 6
v 13 -4 6
v 12 -4 6
v 13 -5 6
v 9 -4 6
v 10 -3 6
v 9 -3 6
v 10 -4 6
v 8 -4 6
v 9 -3 6
v 8 -3 6
v 9 -4 6
v 7 -4 6
v 8 -3 6
v 7 -3 6
v 8 -4 6
v 6 -4 6
v 7 -3 6
v 6 -3 6
v 7 -4 6
v 6 -5 6
v 7 -4 6
v 6 -4 6
v 7 -5 6
v 7 -5 6
v 8 -4 6
v 7 -4 6
v 8 -5 6
v 8 -5 6
v 9 -4 6
v 8 -4 6
v 9 -5 6
v 9 -5 6
v 10 -4 6
v 9 -4 6
v 10 -5 6
v 10 -5 6
v 11 -4 6
v 10 -4 6
v 11 -5 6
v 10 -4 6
v 11 -3 6
v 10 -3 6
v 11 -4 6
v 11 -4 6
v 12 -3 6
v 11 -3 6
v 12 -4 6
v 12 -4 6
v 13 -3 6
v 12 -3 6
v 13 -4 6
v 13 -4 6
v 14 -3 6
v 13 -3 6
v 14 -4 6
v 14 -4 6
v 15 -3 6
v 14 -3 6
v 15 -4 6
v 15 -4 6
v 16 -3 6
v 15 -3 6
v 16 -4 6
v 15 -3 6
v 16 -2 6
v 15 -2 6
v 16 -3 6
v 14 -3 6
v 15 -2 6
v 14 -2 6
v 15 -3 6
v 14 -2 6
v 15 -1 6
v 14 -1 6
v 15 -2 6
v 15 -2 6
v 16 -1 6
v 15 -1 6
v 16 -2 6
v 15 -1 6
v 16 0 6
v 15 0 6
v 16 -1 6
v 14 -1 6
v 15 0 6
v 14 0 6
v 15 -1 6
v 14 4 6.0625
v 16 5 6.0625
v 14 5 6.0625
v 16 4 6.0625
v 13 6 4.5
v 14 7 4.5
v 13 7 4.5
v 14 6 4.5
v 13 5 4.5
v 14 6 4.5
v 13 6 4.5
v 14 5 4.5
v 12 5 4.5
v 13 6 4.5
v 12 6 4.5
v 13 5 4.5
v 12 4 4.5
v 12 5 4.5
v 13 4 4.5
v 12 3 4.5
v 13 3 4.5
v 13 3 4.5
v 14 4 4.5
v 13 4 4.5
v 14 3 4.5
v 13 0 4.5
v 14 0 4.5
v 14 1 2
v 14 2 3
v 14 2 2
v 14 1 3
v 14 1 5
v 14 2 6
v 14 2 5
v 14 1 6
v 14 1 6
v 15 2 6
v 14 2 6
v 15 1 6
v 14 0 3
v 14 1 4
v 14 1 3
v 14 0 4
v 14 0 5
v 14 0 6
v 14 0 1
v 14 1 2
v 14 1 1
v 14 0 2
v 14 0 2
v 14 1 3
v 14 1 2
v 14 0 3
v 14 0 4
v 14 1 5
v 14 1 4
v 14 0 5
v 14 0 6
v 15 1 6
v 14 1 6
v 15 0 6
v 15 0 6
v 16 1 6
v 15 1 6
v 16 0 6
v 14 2 2
v 14 2 1
v 14 1 3
v 14 2 4
v 14 2 3
v 14 1 4
v 14 2 5
v 14 2 4
v 16 2 6
v 15 2 6
v 15 2 6
v 16 3 6
v 15 3 6
v 16 2 6
v 14 2 6
v 15 3 6
v 14 3 6
v 15 2 6
v 14 2 5
v 14 3 6
v 14 3 5
v 14 2 6
v 14 2 4
v 14 3 5
v 14 3 4
v 14 2 5
v 14 2 3
v 14 3 4
v 14 3 3
v 14 2 4
v 14 2 2
v 14 3 3
v 14 3 2
v 14 2 3
v 14 2 1
v 14 3 2
v 14 3 1
v 14 2 2
v 14 3 1
v 14 4 2
v 14 4 1
v 14 3 2
v 14 3 2
v 14 4 3
v 14 4 2
v 14 3 3
v 14 3 5
v 14 4 6
v 14 4 5
v 14 3 6
v 15 3 6
v 16 4 6
v 15 4 6
v 16 3 6
v 14 3 6
v 15 4 6
v 14 4 6
v 15 3 6
v 14 3 4
v 14 4 4
v 14 3 3
v 14 4 4
v 14 4 3
v 14 3 4
v 14 3 0
v 14 4 1
v 14 4 0
v 14 3 1
v 14 4 3
v 14 5 4
v 14 5 3
v 14 5 5
v 16 5 6
v 15 5 6
v 16 4 6
v 14 4 6
v 15 5 6
v 14 5 6
v 15 4 6
v 14 5 6
v 14 5 3
v 14 5 2
v 14 5 2
v 14 5 1
v 14 4 2
v 14 4 0
v 14 5 1
v 14 5 0
v 14 4 1
v 15 6 6
v 16 7 6
v 15 7 6
v 16 6 6
v 14 6 6
v 15 7 6
v 14 7 6
v 15 6 6
v 14 6 5
v 14 7 6
v 14 7 5
v 14 6 6
v 14 6 4
v 14 7 5
v 14 7 4
v 14 6 5
v 14 6 3
v 14 7 4
v 14 7 3
v 14 6 4
v 14 6 2
v 14 7 3
v 14 7 2
v 14 6 3
v 14 6 1
v 14 7 2
v 14 7 1
v 14 6 2
v 14 6 0
v 14 7 1
v 14 7 0
v 14 6 1
v 16 6 6
v 14 6 6
v 16 5 6
v 14 6 3
v 14 6 2
v 14 5 3
v 14 5 0
v 14 6 2
v 14 6 0
v 14 5 2
v 11 -3 6
v 12 -2 6
v 11 -2 6
v 12 -3 6
v 10 -3 6
v 11 -2 6
v 10 -2 6
v 11 -3 6
v 11 -1 6
v 10 -1 6
v 12 -1 6
v 11 -1 6
v 11 -1 6
v 12 0 6
v 11 0 6
v 12 -1 6
v 10 -1 6
v 10 0 6
v 9 -3 6
v 10 -2 6
v 9 -2 6
v 10 -3 6
v 8 -3 6
v 9 -2 6
v 8 -2 6
v 9 -3 6
v 9 -1 6
v 8 -1 6
v 10 -1 6
v 9 -1 6
v 9 -1 6
v 10 0 6
v 9 0 6
v 10 -1 6
v 8 -1 6
v 8 0 6
v 13 -3 6
v 14 -2 6
v 13 -2 6
v 14 -3 6
v 12 -3 6
v 13 -2 6
v 12 -2 6
v 13 -3 6
v 13 -1 6
v 12 -1 6
v 14 -1 6
v 13 -1 6
v 13 -1 6
v 14 0 6
v 13 0 6
v 14 -1 6
v 12 -1 6
v 12 0 6
v 12.5 4 6.125
v 14 5 6.0625
v 12.5 5 6.125
v 14 4 6.0625
v 11.5 4 6.125
v 12.5 5 6.125
v 11.5 5 6.125
v 12.5 4 6.125
v 2 4 1.25
v 3 5 1.25
v 2 5.0208330154418945 1.229166865348816
v 3 4 1.25
v 0.125 4.5625 0.24999992549419403
v 0.125 5.5625 0.24999992549419403
v -0.875 4.5625 0.25
v 0.125 7.5625 0.25
v -0.875 7.5625 0.25
v 0.125 4.5625 0.24999992549419403
v 2 2 1.25
v 3 2 1.25
v 2 1 1.25
v 3 2 1.25
v 2 2 1.25
v 3 1 1.25
v 1 1 1.25
v 2 2 1.25
v 1 2 1.25
v 2 1 1.25
v 1 1 1
v 2 2 1
v 1 2 1
v 2 1 1
v 1.9999499320983887 -5.389220802953787e-8 1.5
v 2.0000498294830322 1 0.5
v 2.0000498294830322 1 1.5
v 1.9999499320983887 -5.389220802953787e-8 0.5
v 2.0000498294830322 1 1.5
v 1 1.0000499486923218 0.5
v 1 1.0000499486923218 1.5
v 2.0000498294830322 1 0.5
v 1 0 1.5
v 2.0000498294830322 1 1.5
v 1 1.0000499486923218 1.5
v 11.5 2 6.125
v 12.5 4 6.125
v 11.5 4 6.125
v 12.5 2 6.125
v 11.5 0 6.125
v 12.5 2 6.125
v 11.5 2 6.125
v 12.5 0 6.125
v 12.5 -1 6.125
v 13.5 1 6.125
v 12.5 1 6.125
v 13.5 -1 6.125
v 12.5 -3 6.125
v 13.5 -1 6.125
v 12.5 -1 6.125
v 13.5 -3 6.125
v -1 -3 9
v 0 -2 9
v -1 -2 9
v 0 -3 9
v -1 -2 9
v 0 -1 9
v -1 -1 9
v 0 -2 9
v -1 -1 9
v 0 0 9
v -1 0 9
v 0 -1 9
v -1.1102230246251565e-16 -1 7
v 1.1102230246251565e-16 0 6
v -1.1102230246251565e-16 0 7
v 1.1102230246251565e-16 -1 6
v -1.1102230246251565e-16 -2 7
v 1.1102230246251565e-16 -1 6
v -1.1102230246251565e-16 -1 7
v 1.1102230246251565e-16 -2 6
v 1.1102230246251565e-16 -3 7
v 1.1102230246251565e-16 -2 6
v -1.1102230246251565e-16 -2 7
v 1.1102230246251565e-16 -3 6
v 1.1102230246251565e-16 -3 8
v -1.1102230246251565e-16 -2 7
v -1.1102230246251565e-16 -2 8
v 1.1102230246251565e-16 -3 7
v 0 -3 9
v -1.1102230246251565e-16 -2 8
v 0 -2 9
v 1.1102230246251565e-16 -3 8
v 0 -2 9
v 1.1102230246251565e-16 -1 8
v 0 -1 9
v -1.1102230246251565e-16 -2 8
v -1.1102230246251565e-16 -2 8
v -1.1102230246251565e-16 -1 7
v 1.1102230246251565e-16 -1 8
v -1.1102230246251565e-16 -2 7
v 1.1102230246251565e-16 -1 8
v -1.1102230246251565e-16 0 7
v -1.1102230246251565e-16 0 8
v -1.1102230246251565e-16 -1 7
v 0 -1 9
v -1.1102230246251565e-16 0 8
v 0 0 9
v 1.1102230246251565e-16 -1 8
v -1 0 9
v 0 1 9
v -1 1 9
v 0 0 9
v 0 2 9
v -1 2 9
v 0 3 9
v -1 3 9
v -1.1102230246251565e-16 1 4
v 1.1102230246251565e-16 2 3
v -1.1102230246251565e-16 2 4
v 1.1102230246251565e-16 1 3
v -1.1102230246251565e-16 0 4
v 1.1102230246251565e-16 1 3
v -1.1102230246251565e-16 1 4
v 1.1102230246251565e-16 0 3
v -1 5 7
v -1 6 6
v -1 6 7
v -1 5 6
v -1 6 6
v -1 7 5
v -1 7 6
v -1 6 5
v -1 6 7
v -1 7 6
v -1 7 7
v -1 6 6
v -1 6 8
v -1 7 7
v -1 7 8
v -1 6 7
v -1 6 9
v -1 7 8
v -1 7 9
v -1 6 8
v -1 4 9
v -1 5 8
v -1 5 9
v -1 4 8
v -1 5 9
v -1 6 8
v -1 6 9
v -1 5 8
v -1 5 8
v -1 6 7
v -1 6 8
v -1 5 7
v -1 5 6
v -1 6 5
v -1 6 6
v -1 5 5
v -1 4 6
v -1 5 5
v -1 5 6
v -1 4 5
v -1 3 9
v -1 4 8
v -1 4 9
v -1 3 8
v -1 3 6
v -1 4 5
v -1 4 6
v -1 3 5
v -1 3 2
v -1 4 1
v -1 4 2
v -1 3 1
v -1 3 3
v -1 4 2
v -1 4 3
v -1 3 2
v -1 4 0
v -1 3 0
v -1 5 3
v -1 6 2
v -1 6 3
v -1 5 2
v -1 6 4
v -1 7 3
v -1 7 4
v -1 6 3
v -1 6 2
v -1 7 1
v -1 7 2
v -1 6 1
v -1 6 3
v -1 7 2
v -1 7 3
v -1 6 2
v -1 6 1
v -1 7 0
v -1 7 1
v -1 6 0
v -1 4 1
v -1 5 0
v -1 5 1
v -1 4 0
v -1 5 1
v -1 5 2
v -1 4 1
v -1 5 2
v -1 6 1
v -1 6 2
v -1 5 1
v -1 5 1
v -1 6 0
v -1 6 1
v -1 5 0
v -1 4 3
v -1 5 2
v -1 5 3
v -1 4 2
v -1 6 0
v 0 7 0
v -1 7 0
v 0 6 0
v -1 5 0
v 0 6 0
v -1 6 0
v 0 5 0
v -1 4 0
v 0 5 0
v -1 5 0
v 0 4 0
v -1 3 0
v 0 3 0
v 0 3 9
v -1 3 8
v -1 3 9
v 0 2.9999499320983887 8
v 0 2.9999499320983887 3
v -1 3 2
v -1 3 3
v 0 2.9999499320983887 2
v 0 2.9999499320983887 6
v -1 3 5
v -1 3 6
v 0 2.9999499320983887 5
v 0 2.9999499320983887 2
v -1 3 1
v -1 3 2
v 0 2.9999499320983887 1
v 0 2.9999499320983887 1
v -1 3 0
v -1 3 1
v 0 3 0
v 3.7495020421829395e-9 1.0000001192092896 8
v 3.7495020421829395e-9 2 7
v 3.7495020421829395e-9 2 8
v 3.7495020421829395e-9 1.0000001192092896 7
v -1.1102230246251565e-16 0 8
v 3.7495020421829395e-9 1.0000001192092896 7
v 3.7495020421829395e-9 1.0000001192092896 8
v -1.1102230246251565e-16 0 7
v -1.1102230246251565e-16 0 7
v 1.2497523016463674e-9 1.0000001192092896 6
v 3.7495020421829395e-9 1.0000001192092896 7
v 1.1102230246251565e-16 0 6
v 3.7495020421829395e-9 2 6
v 3.7495020421829395e-9 2 7
v -1 2 8
v -1 3 6
v -1 2 6
v 7.030548587749763e-9 2.8125312328338623 6.8125
v -1 2.8125686645507812 7.1875
v 7.030548587749763e-9 2.8125686645507812 7.1875
v -1 2.8125312328338623 6.8125
v -1 3.0001187324523926 7.6875
v 7.265009926982202e-9 3.0001187324523926 7.6875
v 7.2647896587341165e-9 2.99998140335083 6.3125
v -1 2.99998140335083 6.3125
v -1 3 8
v 0 2.9999499320983887 8
v 0 2.9999499320983887 6
v -1 3 6
v 7.264773671522562e-9 2.8125 8
v 7.265009926982202e-9 3.0001187324523926 7.6875
v 7.030548587749763e-9 2.8125686645507812 7.1875
v 7.030548587749763e-9 2.8125312328338623 6.8125
v 0 2.9999499320983887 6
v 7.2647896587341165e-9 2.99998140335083 6.3125
v 7.264775447879401e-9 2.8125 6
v 3.7495020421829395e-9 2 6
v -1 5 6
v 0 2.9999499320983887 3
v -1 2.999981164932251 3.3125
v 7.499039611502667e-9 2.999981164932251 3.3125
v -1 3 3
v 3.7495002658261e-9 1 5
v -1.1102230246251565e-16 2 4
v 3.7495002658261e-9 2 5
v -1.1102230246251565e-16 1 4
v 1.249750525289528e-9 3.749624610804858e-9 5
v -1.1102230246251565e-16 1 4
v 3.7495002658261e-9 1 5
v -1.1102230246251565e-16 0 4
v -1 2 5
v -1 3 3
v -1 3 5
v -1 2 3
v 7.030546811392924e-9 2.8125312328338623 3.8125
v -1 2.8125686645507812 4.1875
v 7.030546811392924e-9 2.8125686645507812 4.1875
v -1 2.8125312328338623 3.8125
v -1 3.0001187324523926 4.6875
v 7.265008150625363e-9 3.0001187324523926 4.6875
v -1 3 5
v 0 2.9999499320983887 5
v 7.264773671522562e-9 2.8125 5
v 7.265008150625363e-9 3.0001187324523926 4.6875
v 0 2.9999499320983887 5
v 7.030546811392924e-9 2.8125686645507812 4.1875
v 7.030546811392924e-9 2.8125312328338623 3.8125
v 0 2.9999499320983887 3
v 7.499039611502667e-9 2.999981164932251 3.3125
v 7.264773671522562e-9 2.8125 3
v 1.1102230246251565e-16 2 3
v -1 6 5
v -1 7 4
v -1 7 5
v -1 6 4
v -1 6 4
v -1 5 4
v -1 5 4
v -1 6 3
v -1 6 4
v -1 5 3
v -1 3 5
v -1 5 3
v -1 5 5
v 1.1102230246251565e-16 0 6
v 3.7495002658261e-9 1 5
v 1.2497523016463674e-9 1.0000001192092896 6
v 1.249750525289528e-9 3.749624610804858e-9 5
v 0 0 9
v 3.7495020421829395e-9 1.0000001192092896 8
v 0 1 9
v -1.1102230246251565e-16 0 8
v 3.7495020421829395e-9 2 8
v 0 2 9
v 3.7495002658261e-9 2 5
v 3.7495020421829395e-9 2 6
v 3.7495020421829395e-9 2 6
v 0 2.9999499320983887 5
v 0 2.9999499320983887 6
v 3.7495002658261e-9 2 5
v 0 2 9
v 0 2.9999499320983887 8
v 0 3 9
v 3.7495020421829395e-9 2 8
v -1.2497496371111083e-9 -2.499749740536572e-9 2
v -1.2497496371111083e-9 1 1
v -1.2497496371111083e-9 1 2
v -1.2497496371111083e-9 -2.499749740536572e-9 1
v 1.1102230246251565e-16 0 3
v -1.2497496371111083e-9 1 2
v 1.1102230246251565e-16 1 3
v -1.2497496371111083e-9 -2.499749740536572e-9 2
v -3.74949937764768e-9 2 2
v 1.1102230246251565e-16 2 3
v -3.74949937764768e-9 2 1
v -3.74949937764768e-9 2 2
v -3.74949937764768e-9 2 2
v 0 2.9999499320983887 1
v 0 2.9999499320983887 2
v -3.74949937764768e-9 2 1
v 1.1102230246251565e-16 2 3
v 0 2.9999499320983887 3
v 5 -3 6
v 6 -2 6
v 5 -2 6
v 6 -3 6
v 4 -3 6
v 5 -2 6
v 4 -2 6
v 5 -3 6
v 5 -1 6
v 4 -1 6
v 6 -1 6
v 5 -1 6
v 5 -1 6
v 6 0 6
v 5 0 6
v 6 -1 6
v 4 -1 6
v 4 0 6
v 3 -3 6
v 4 -2 6
v 3 -2 6
v 4 -3 6
v 2 -3 6
v 3 -2 6
v 2 -2 6
v 3 -3 6
v 3 -1 6
v 2 -1 6
v 4 -1 6
v 3 -1 6
v 3 -1 6
v 4 0 6
v 3 0 6
v 4 -1 6
v 2 -1 6
v 2 0 6
v 1 -3 6
v 2 -2 6
v 1 -2 6
v 2 -3 6
v 1.1102230246251565e-16 -3 6
v 1 -2 6
v 1.1102230246251565e-16 -2 6
v 1 -3 6
v 1 -1 6
v 1.1102230246251565e-16 -1 6
v 2 -1 6
v 1 -1 6
v 1 -1 6
v 2 0 6
v 1 0 6
v 2 -1 6
v 1.1102230246251565e-16 -1 6
v 1.1102230246251565e-16 0 6
v 7 -3 6
v 8 -2 6
v 7 -2 6
v 8 -3 6
v 6 -3 6
v 7 -2 6
v 6 -2 6
v 7 -3 6
v 7 -1 6
v 6 -1 6
v 8 -1 6
v 7 -1 6
v 7 -1 6
v 8 0 6
v 7 0 6
v 8 -1 6
v 6 -1 6
v 6 0 6
v 12 -0.000049995000154012814 5
v 11 0.000049995000154012814 4
v 11 0.000049995000154012814 5
v 12 -0.000049995000154012814 4
v 11 0.000049995000154012814 5
v 10 0.000049995000154012814 4
v 10 0.000049995000154012814 5
v 11 0.000049995000154012814 4
v 9 -0.000049995000154012814 5
v 8 0.000049995000154012814 4
v 8 0.000049995000154012814 5
v 9 -0.000049995000154012814 4
v 8 0.000049995000154012814 5
v 7 0.000049995000154012814 4
v 7 0.000049995000154012814 5
v 8 0.000049995000154012814 4
v 2 -0.000049995000154012814 5
v 1 0.000049995000154012814 4
v 1 0.000049995000154012814 5
v 2 -0.000049995000154012814 4
v 4 -0.000049995000154012814 5
v 3 0.000049995000154012814 4
v 3 0.000049995000154012814 5
v 4 -0.000049995000154012814 4
v 1.249750525289528e-9 3.749624610804858e-9 5
v 1 0.000049995000154012814 5
v 2 0 6
v 1 0 6
v 4 0 6
v 3 0 6
v 2 -0.000049995000154012814 5
v 3 0.000049995000154012814 5
v 12 -0.000049995000154012814 5
v 13 -0.000049995000154012814 5
v 14 0 6
v 13 -0.000049995000154012814 5
v 13 0 6
v 14 0 5
v 12 0 6
v 11 0 6
v 10 0 6
v 9 -0.000049995000154012814 5
v 9 0 6
v 10 0.000049995000154012814 5
v 6 0.000049995000154012814 5
v 7 0.000049995000154012814 5
v 8 0 6
v 7 0 6
v 6 0 6
v 5 0.000049995000154012814 5
v 5 0 6
v 6 0.000049995000154012814 5
v 4 -0.000049995000154012814 5
v 5 0.000049995000154012814 5
v 9 1 1
v 9 2 3
v 9 2 1
v 9 1 3
v 3 3 2
v 3 5 1
v 3 5 2
v 3 3 1
v 3 3 3
v 3 5 2
v 3 5 3
v 3 3 2
v 3 0.000049995000154012814 5
v 2 -0.000049995000154012814 4
v 2 -0.000049995000154012814 5
v 3 0.000049995000154012814 4
v 1 0.000049995000154012814 5
v -1.1102230246251565e-16 0 4
v 1.249750525289528e-9 3.749624610804858e-9 5
v 1 0.000049995000154012814 4
v 1 0.000049995000154012814 4
v 1.1102230246251565e-16 0 3
v -1.1102230246251565e-16 0 4
v 1 -0.000050067901611328125 3
v 2 -0.000049995000154012814 4
v 1 -0.000050067901611328125 3
v 1 0.000049995000154012814 4
v 2 -0.000050067901611328125 3
v 3 0.000049995000154012814 4
v 2 -0.000050067901611328125 3
v 2 -0.000049995000154012814 4
v 3 -0.000050067901611328125 3
v 3 -0.000050067901611328125 3
v 2 0.000050067901611328125 2
v 2 -0.000050067901611328125 3
v 3 -0.000050067901611328125 2
v 2 -0.000050067901611328125 3
v 1 0.000050067901611328125 2
v 2 0.000050067901611328125 2
v 3 -0.000050067901611328125 2
v 2 0.000050067901611328125 1
v 2 0.000050067901611328125 2
v 3 -0.000050067901611328125 1
v 3 1 2
v 3 2 3
v 3 2 2
v 3 1 3
v 3 1 3
v 3 1 2
v 3 -0.000050067901611328125 3
v 1 0 0.5
v 2 1 1
v 1 1 1
v 2 0.000050067901611328125 1
v 3 -0.000050067901611328125 1
v 3 1 2
v 3 1 1
v 3 -0.000050067901611328125 2
v 2 0.000050067901611328125 1
v 2 1 1
v 3 1 1
v 3 2 2
v 3 2 1
v 3 1 2
v 2 1 1
v 2 2 1
v 3 3 1
v 2 3.0000500679016113 0
v 2 3.0000500679016113 1
v 3 2.9999499320983887 0
v 3 2 2
v 3 3 3
v 3 3 2
v 3 2 3
v 3 2 1
v 3 3 2
v 3 3 1
v 3 2 2
v 2 2 1
v 3 3 1
v 2 3.0000500679016113 1
v 3 2 1
v 1 -0.000050067901611328125 3
v -1.2497496371111083e-9 -2.499749740536572e-9 2
v 1.1102230246251565e-16 0 3
v 1 0.000050067901611328125 2
v 1 0.000050067901611328125 2
v -1.2497496371111083e-9 -2.499749740536572e-9 1
v -1.2497496371111083e-9 -2.499749740536572e-9 2
v 1 0 0.5
v 2 0.000050067901611328125 2
v 1 0.000050067901611328125 2
v 2 0.000050067901611328125 1
v -1.2497496371111083e-9 1 1
v 1 2 1
v -3.74949937764768e-9 2 1
v 1 1 1
v -1.2497496371111083e-9 -2.499749740536572e-9 1
v 1 1 1
v -1.2497496371111083e-9 1 1
v 0 2 0
v 2 3.0000500679016113 0
v 0 3 0
v 2 2 0
v 1.1875 2.8125312328338623 1
v 0.8125 2.8125689029693604 0
v 0.8125 2.8125689029693604 1
v 1.1875 2.8125312328338623 0
v 0.3125 3.0001187324523926 0
v 0.3125 3.0001187324523926 1
v 1.6875 2.999981164932251 1
v 1.6875 2.999981164932251 0
v 0 3 0
v 0 2.9999499320983887 1
v 2 3.0000500679016113 1
v 2 3.0000500679016113 0
v 0 2.8125 1
v 0.3125 3.0001187324523926 1
v 0 2.9999499320983887 1
v 0.8125 2.8125689029693604 1
v 1.1875 2.8125312328338623 1
v 2 3.0000500679016113 1
v 1.6875 2.999981164932251 1
v 2 2.8125 1
v 2 2 1
v 1 6 0
v 2 7 0
v 1 7 0
v 2 6 0
v 0 5 0
v 1 6 0
v 0 6 0
v 1 5 0
v 0 3 0
v 2 5 0
v 0 5 0
v 2 3.0000500679016113 0
v 3 4 0
v 2 4 0
v 3 2.9999499320983887 0
v 2 4 0
v 3 5 0
v 2 5 0
v 3 4 0
v 2 6 0
v 3 7 0
v 2 7 0
v 3 6 0
v 3 7 1
v 3 6 1
v 3 6 1
v 3 5 1
v 3 5 1
v 3 4 1
v 3 4 1
v 3 3 1
v 3 6 1
v 4 7 1
v 3 7 1
v 4 6 1
v 4 6 1
v 5 7 1
v 4 7 1
v 5 6 1
v 5 6 1
v 5 7 0
v 5 7 1
v 5 6 0
v 5 5 1
v 5 6 0
v 5 6 1
v 5 5 0
v 6 7 0
v 6 6 0
v 7 6 0
v 7 5 0
v 11 3 0.5
v 12 4 0.5
v 11 4 0.5
v 12 3 0.5
v 11 4 0.5
v 12 6 0.5
v 11 6 0.5
v 12 4 0.5
v 8 6 0.5
v 12 7 0.5
v 8 7 0.5
v 5 6 0.5
v 5 7 0.5
v 12 -0.5 1.5
v 13 0.5 1.5
v 12 0.5 1.5
v 13 -0.5 1.5
v 12 0.5 1.5
v 13 1.5 1.5
v 12 1.5 1.5
v 13 0.5 1.5
v 8 0.5 1.5
v 12 1.5 1.5
v 8 1.5 1.5
v 8 2.9999499320983887 3
v 7 3.0000500679016113 2
v 7 3.0000500679016113 3
v 8 2.9999499320983887 2
v 3 4 1
v 4 5 1
v 3 5 1
v 4 4 1
v 4 4 1
v 5 5 1
v 4 5 1
v 5 4 1
v 4 3 1
v 5 4 1
v 4 4 1
v 5 3 1
v 3 3 1
v 4 4 1
v 3 4 1
v 4 3 1
v 6.5 4.875 0.0625
v 7.5 5.875 0.0625
v 6.5 5.875 0.0625
v 7.5 4.875 0.0625
v 3 5 1
v 4 6 1
v 3 6 1
v 4 5 1
v 4 5 1
v 5 6 1
v 4 6 1
v 5 5 1
v 5 4 1
v 5 5 0
v 5 5 1
v 5 4 0
v 5 3 1
v 5 4 0
v 5 4 1
v 5 3 0
v 13 -0.000049995000154012814 5
v 12 -0.000049995000154012814 4
v 12 -0.000049995000154012814 5
v 13 -0.000050067901611328125 4
v 11 0.000050067901611328125 3
v 11 0.000049995000154012814 4
v 12 -0.000050067901611328125 3
v 9 -0.000049995000154012814 4
v 8 0.000050067901611328125 3
v 8 0.000049995000154012814 4
v 9 -0.000050067901611328125 3
v 11 0.000050067901611328125 3
v 10 0.000050067901611328125 2
v 10 0.000050067901611328125 3
v 11 -0.000050067901611328125 2
v 10 0.000049995000154012814 5
v 9 -0.000049995000154012814 4
v 9 -0.000049995000154012814 5
v 10 0.000049995000154012814 4
v 5 0.000049995000154012814 5
v 4 -0.000049995000154012814 4
v 4 -0.000049995000154012814 5
v 5 -0.000050067901611328125 4
v 6 0.000049995000154012814 5
v 5 -0.000050067901611328125 4
v 5 0.000049995000154012814 5
v 6 -0.000050067901611328125 4
v 7 0.000049995000154012814 5
v 6 -0.000050067901611328125 4
v 6 0.000049995000154012814 5
v 7 0.000049995000154012814 4
v 11 -0.000050067901611328125 2
v 10 0.000050067901611328125 1
v 10 0.000050067901611328125 2
v 11 -0.000050067901611328125 1
v 5 -0.000050067901611328125 4
v 4 0.000050067901611328125 3
v 4 -0.000049995000154012814 4
v 5 -0.000050067901611328125 3
v 7 0.000049995000154012814 4
v 6 0.000050067901611328125 3
v 6 -0.000050067901611328125 4
v 7 -0.000050067901611328125 3
v 4 -0.000049995000154012814 4
v 3 0.000049995000154012814 4
v 4 0.000050067901611328125 3
v 6 -0.000050067901611328125 4
v 6 0.000050067901611328125 3
v 8 0.000049995000154012814 4
v 8 0.000050067901611328125 3
v 14 0 5
v 13 -0.000050067901611328125 4
v 13 -0.000049995000154012814 5
v 14 0 4
v 14 0 4
v 13 0.000050067901611328125 3
v 13 -0.000050067901611328125 4
v 14 0 3
v 13 0.000050067901611328125 3
v 11 0.000049995000154012814 4
v 10 0.000050067901611328125 3
v 10 0.000049995000154012814 4
v 11 0.000050067901611328125 3
v 10 0.000049995000154012814 4
v 10 0.000050067901611328125 3
v 9 -0.000050067901611328125 3
v 8 0.000050067901611328125 2
v 8 0.000050067901611328125 3
v 9 -0.000050067901611328125 2
v 10 0.000050067901611328125 3
v 9 -0.000050067901611328125 2
v 9 -0.000050067901611328125 3
v 10 0.000050067901611328125 2
v 12 -0.000050067901611328125 3
v 12 -0.000050067901611328125 2
v 13 0.000050067901611328125 3
v 12 -0.000050067901611328125 2
v 12 -0.000050067901611328125 3
v 13 -0.000050067901611328125 2
v 14 0 3
v 13 -0.000050067901611328125 2
v 13 0.000050067901611328125 3
v 14 0 2
v 14 0 2
v 13 0.000050067901611328125 1
v 13 -0.000050067901611328125 2
v 14 0 1
v 13 -0.000050067901611328125 2
v 12 0.000050067901611328125 1
v 12 -0.000050067901611328125 2
v 13 0.000050067901611328125 1
v 12 -0.000050067901611328125 2
v 12 0.000050067901611328125 1
v 10 0.000050067901611328125 2
v 9 0.000050067901611328125 1
v 9 -0.000050067901611328125 2
v 10 0.000050067901611328125 1
v 9 -0.000050067901611328125 2
v 8 0.000050067901611328125 1
v 8 0.000050067901611328125 2
v 9 0.000050067901611328125 1
v 8 1 1
v 9 2 1
v 8 2 1
v 9 1 1
v 12 1 1
v 13 2 1
v 12 2 1
v 13 1 1
v 10 1 1
v 11 2 1
v 10 2 1
v 11 1 1
v 11 -0.000050067901611328125 1
v 12 1 1
v 11 1 1
v 12 0.000050067901611328125 1
v 8 0.000050067901611328125 1
v 9 0.000050067901611328125 1
v 10 1 1
v 9 1 1
v 10 0.000050067901611328125 1
v 11 1 1
v 10 1 1
v 12 0.000050067901611328125 1
v 13 1 1
v 12 1 1
v 13 0.000050067901611328125 1
v 14 1 1
v 13 1 1
v 14 0 1
v 14 2 1
v 13 2 1
v 11 1 1
v 12 2 1
v 11 2 1
v 12 1 1
v 10 2 1
v 9 2 1
v 8 1 3
v 8 2 2
v 8 2 3
v 8 1 2
v 8 1 2
v 8 2 1
v 8 2 2
v 8 1 1
v 8 0.000050067901611328125 2
v 8 0.000050067901611328125 3
v 8 0.000050067901611328125 2
v 7 1 3
v 8 2 3
v 7 2 3
v 8 1 3
v 7 -0.000050067901611328125 3
v 8 0.000050067901611328125 3
v 10 6 0
v 11 7 0
v 10 7 0
v 11 6 0
v 11 6 0
v 12 7 0
v 11 7 0
v 12 6 0
v 7 6 0
v 8 7 0
v 7 7 0
v 8 6 0
v 8 6 0
v 9 7 0
v 8 7 0
v 9 6 0
v 9 6 0
v 10 7 0
v 9 7 0
v 10 6 0
v 13 6 0
v 14 7 0
v 13 7 0
v 14 6 0
v 12 6 0
v 13 7 0
v 12 7 0
v 13 6 0
v 6 6 0
v 6 7 0
v 7 5 0
v 9 6 0
v 7 6 0
v 9 5 0
v 10 4 0
v 11 5 0
v 10 5 0
v 11 4 0
v 9 4 0
v 9 5 0
v 14 6 0
v 14 5 0
v 12 2 0
v 14 3 0
v 12 3 0
v 14 2 0
v 13.1875 2.8125312328338623 1
v 12.8125 2.8125689029693604 0
v 12.8125 2.8125689029693604 1
v 13.1875 2.8125312328338623 0
v 12.3125 3.0001187324523926 0
v 12.3125 3.0001187324523926 1
v 13.6875 2.999981164932251 1
v 13.6875 2.999981164932251 0
v 12 3 0
v 12 3.000150203704834 1
v 14 3 1
v 14 3 0
v 12 2.8125 1
v 12.3125 3.0001187324523926 1
v 12 3.000150203704834 1
v 12.8125 2.8125689029693604 1
v 13.1875 2.8125312328338623 1
v 14 3 1
v 13.6875 2.999981164932251 1
v 14 2.8125 1
v 14 2 1
v 6 5 0
v 6 4 0
v 6 4 0
v 7 5 0
v 6 5 0
v 7 4 0
v 7 4 0
v 8 5 0
v 8 4 0
v 8 4 0
v 9 5 0
v 8 5 0
v 9 4 0
v 12 5 0
v 12 4 0
v 7 3 0
v 8 3 0
v 9 3 0
v 10 4 0
v 9 4 0
v 10 3 0
v 10 3 0
v 11 4 0
v 10 4 0
v 11 3 0
v 11 3 0
v 12 4 0
v 11 4 0
v 12 3 0
v 8 3 0
v 9 4 0
v 8 4 0
v 9 3 0
v 6 3 0
v 7 4 0
v 6 4 0
v 7 3 0
v 7 2.9999499320983887 1
v 6 3 0
v 6 3.0000500679016113 1
v 7 3 0
v 6 3.0000500679016113 1
v 5 3 0
v 5 3 1
v 6 3 0
v 8 2.9999499320983887 1
v 7 3 0
v 7 2.9999499320983887 1
v 6 3.0000500679016113 2
v 6 3.0000500679016113 3
v 11 3 0
v 11 3.0000500679016113 1
v 9 2.9999499320983887 1
v 8 3 0
v 8 2.9999499320983887 1
v 10 3 0
v 10 3.0000500679016113 1
v 9 3 0
v 9 2.9999499320983887 1
v 11 2 1
v 12 3.000150203704834 1
v 11 3.0000500679016113 1
v 12 2 1
v 10 2 1
v 11 3.0000500679016113 1
v 10 3.0000500679016113 1
v 11 2 1
v 9 2 1
v 10 3.0000500679016113 1
v 9 2.9999499320983887 1
v 10 2 1
v 8 2 1
v 9 2.9999499320983887 1
v 8 2.9999499320983887 1
v 9 2 1
v 8 2 2
v 8 2.9999499320983887 1
v 8 2.9999499320983887 2
v 8 2 1
v 6 1 3
v 7 2 3
v 6 2 3
v 7 1 3
v 6 0.000050067901611328125 3
v 7 -0.000050067901611328125 3
v 3 1 3
v 4 2 3
v 3 2 3
v 4 1 3
v 3 -0.000050067901611328125 3
v 4 0.000050067901611328125 3
v 5 2 3
v 5 1 3
v 5 -0.000050067901611328125 3
v 6 3.0000500679016113 3
v 5 3 3
v 4 3 3
v 8 2 3
v 8 2.9999499320983887 3
v 3 2 3
v 4 3 3
v 3 3 3
v 4 2 3
v 6 2 3
v 7 2 3
v 8 2 3
v 4 2.9999499320983887 2
v 3 3 1
v 3 3 2
v 4 3 1
v 5 2.9999499320983887 2
v 4 3 1
v 4 2.9999499320983887 2
v 5 3 1
v 6 3.0000500679016113 2
v 5 3 1
v 5 2.9999499320983887 2
v 6 3.0000500679016113 1
v 7 3.0000500679016113 2
v 6 3.0000500679016113 1
v 6 3.0000500679016113 2
v 4 3 3
v 3 3 2
v 3 3 3
v 4 2.9999499320983887 2
v 5 3 3
v 4 2.9999499320983887 2
v 5 2.9999499320983887 2
v 6 3.0000500679016113 3
v 5 2.9999499320983887 2
v 5 3 3
v 6 3.0000500679016113 2
v 7 2.9999499320983887 1
v 8 2.9999499320983887 1
v 13.5 -3 9
v 14 -1 9
v 13.5 -1 9
v 14 -3 9
v 13 -3 9
v 13.5 -1 9
v 13 -1 9
v 13.5 -3 9
v 10.5 -3 9
v 11 -1 9
v 10.5 -1 9
v 11 -3 9
v 10 -3 9
v 10.5 -1 9
v 10 -1 9
v 10.5 -3 9
v 10 -3 6.5
v 10 -1 6
v 10 -1 6.5
v 10 -3 6
v 10 -3 7
v 10 -1 6.5
v 10 -1 7
v 10 -3 6.5
v 10 -1 7
v 10 -3 7
v 10 -3 6
v 7 0 6.5
v 7 2 6
v 7 2 6.5
v 7 0 6
v 7 0 7
v 7 2 6.5
v 7 2 7
v 7 0 6.5
v 7 2 7
v 7 0 7
v 7 0 6
v 7 2 6
v 7 -8.881784197001252e-16 3.5
v 7 2 4
v 7 2 3.5
v 7 0.000049995000154012814 4
v 7 -0.000050067901611328125 3
v 7 2 3.5
v 7 2 3
v 7 -8.881784197001252e-16 3.5
v 7 2 3
v 7 -0.000050067901611328125 3
v 7 0.000049995000154012814 4
v 7 2 4
v 10.5 -5 11
v 11 -3 11
v 10.5 -3 11
v 11 -5 11
v 10 -5 11
v 10.5 -3 11
v 10 -3 11
v 10.5 -5 11
v 13.5 -5 11
v 14 -3 11
v 13.5 -3 11
v 14 -5 11
v 13 -5 11
v 13.5 -3 11
v 13 -3 11
v 13.5 -5 11
v 9 2.4999499320983887 3
v 8 2.5000500679016113 1
v 8 2.5000500679016113 3
v 9 2.4999499320983887 1
v 8 2 3
v 9 3 3
v 8 3 3
v 9 2 3
v 8 1 3
v 9 1 3
v 7 3 3
v 8 5 3
v 7 5 3
v 8 3 3
v 6 3 3
v 6 5 3
v 5 3 3
v 6 5 3
v 5 5 3
v 6 3 3
v 4 3 3
v 5 5 3
v 4 5 3
v 5 3 3
v 9 5 3
v 9 3 3
v 8 2 3
v 9 2 3
v 3 5 3
v 3 3 3
v 3 3 1
v 3 5 1
v 12 1.9999499320983887 2
v 9 2.0002498626708984 1
v 9 2.0002498626708984 2
v 12 1.9999499320983887 1
v 12 1.9999499320983887 3
v 9 2 3
v 12 1.9999500513076782 4
v 9 2 3
v 9 2.0002498626708984 4
v 12 1.9999499320983887 3
v 12 1.9999500513076782 6
v 9 2.0002498626708984 4
v 9 2.0002498626708984 6
v 12 1.9999500513076782 4
v 12 1 6
v 12 1.9999499320983887 3
v 12 1.9999500513076782 6
v 12 1 3
v 12 1 3
v 12 1.9999499320983887 1
v 12 1.9999499320983887 3
v 12 1 1
v 9 1 6
v 12 1 6
v 9 1 3
v 9 2.0002498626708984 6
v 9 2 3
v 9 1 6
v 9 2 3.5
v 9 4 4
v 9 4 3.5
v 9 2.0002498626708984 4
v 9 2 3
v 9 4 3.5
v 9 4 3
v 9 2 3.5
v 9 4 3
v 9 2 3
v 9 2.0002498626708984 4
v 9 4 4
v 12 1.9999500513076782 6
v 12 4 5
v 12 4 6
v 12 2 5
v 12 4 4
v 12 1.9999500513076782 4
v 12 1.9999500513076782 4
v 12 4 3
v 12 4 4
v 12 1.9999499320983887 3
v 12 1.9999499320983887 3
v 12 4 2
v 12 4 3
v 12 1.9999499320983887 2
v 12 4 1
v 12 1.9999499320983887 1
v 12 1.9999499320983887 1
v 12 4 0
v 12 4 1
v 12 2 0
v 12 2 0
v 12 4 1
v 12 4 0
v 12 1.9999499320983887 1
v 12 1.9999499320983887 2
v 12 4 2
v 12 4 5
v 12 2 5
v 12 4 6
v 12 1.9999500513076782 6
v 12 1.9999499320983887 1
v 12 4 1
v 9 2.0002498626708984 6
v 9 4 6
v 6 0.000050008296966552734 6
v 6 0.000050008296966552734 7
v 7 -0.000049948692321777344 6
v 5 0.000050008296966552734 6
v 5 0.000050008296966552734 7
v 5 0.000050008296966552734 7
v 4 0.000050008296966552734 6
v 4 0.000050008296966552734 7
v 5 0.000050008296966552734 6
v 4 0.000050008296966552734 7
v 3 0.000050008296966552734 6
v 3 0.000050008296966552734 7
v 4 0.000050008296966552734 6
v 3 0.000050008296966552734 7
v 2 0.000050008296966552734 6
v 2 0.000050008296966552734 7
v 3 0.000050008296966552734 6
v 2 0.000050008296966552734 7
v 1 0.000050008296966552734 6
v 1 0.000050008296966552734 7
v 2 0.000050008296966552734 6
v 0 0.000050008296966552734 6
v 0 0.000050008296966552734 7
v 1 -0.000049948692321777344 8
v 0 0.000050008296966552734 8
v 2 -0.000049948692321777344 8
v 3 -0.000049948692321777344 8
v 2 -0.000049948692321777344 8
v 4 -0.000049948692321777344 8
v 3 -0.000049948692321777344 8
v 5 -0.000049948692321777344 8
v 4 -0.000049948692321777344 8
v 6 -0.000049948692321777344 8
v 5 -0.000049948692321777344 8
v 7 -0.000049948692321777344 8
v 7 -0.000049948692321777344 9
v 6 0.000050008296966552734 9
v 5 0.000050008296966552734 9
v 5 0.000050008296966552734 9
v 4 0.000050008296966552734 9
v 4 0.000050008296966552734 9
v 3 0.000050008296966552734 9
v 3 0.000050008296966552734 9
v 2 0.000050008296966552734 9
v 2 0.000050008296966552734 9
v 1 0.000050008296966552734 9
v 0 0.000050008296966552734 9
v 0 -1 9
v 3 0.000050008296966552734 9
v 3 -1 9
v 3 -1 9
v 6 0.000050008296966552734 9
v 3 0.000050008296966552734 9
v 6 -1 9
v 6 -1 9
v 7 -1 9
v 7 -1 9
v 7 -0.000049948692321777344 6
v 7 -0.000049948692321777344 9
v 7 -1 6
v 11 -3.0000500679016113 9
v 10 -2.9999499320983887 6
v 10 -2.9999499320983887 9
v 11 -3.0000500679016113 6
v 12 -3.0000500679016113 9
v 12 -3.0000500679016113 6
v 13 -3.0000500679016113 9
v 12 -3.0000500679016113 6
v 12 -3.0000500679016113 9
v 13 -3.0000500679016113 6
v 14 -3.0000500679016113 9
v 14 -3.0000500679016113 6
v 10 -4 6
v 10 -2.9999499320983887 9
v 10 -2.9999499320983887 6
v 10 -4 9
v 10 -4 9
v 13 -3.0000500679016113 9
v 13 -4 9
v 14 -4 9
v 14 -3.0000500679016113 6
v 14 -3.0000500679016113 9
v 14 -4 6
v 13 -4 9
v 14 -4 9
v 14 -3.0000500679016113 9
v 14 -1 6
v 14 -1 9
v 14 -3.0000500679016113 6
v 14 -3.0000500679016113 6
v 11.4375 0 5.4375
v 11.4375 2 5.9375
v 11.4375 2 5.4375
v 11.4375 0 5.9375
v 11.9375 2 5.9375
v 11.9375 0 5.9375
v 11.9375 2 5.4375
v 11.9375 2 5.9375
v 11.9375 0 5.4375
v 11.9375 0 5.9375
v 9.0625 0 5.9375
v 9.5625 2 5.9375
v 9.0625 2 5.9375
v 9.5625 0 5.9375
v 9.5625 2 5.4375
v 9.5625 2 5.9375
v 9.5625 0 5.4375
v 9.5625 0 5.9375
v 9.0625 0 5.4375
v 9.0625 2 5.4375
v 0 0.000050008296966552734 9
v 1 2 9
v 0 2 9
v 1 0.000050008296966552734 9
v 6 0.000050008296966552734 9
v 7 2 9
v 6 2 9
v 7 -0.000049948692321777344 9
v 5 0.000050008296966552734 9
v 5 2 9
v 4 0.000050008296966552734 9
v 5 2 9
v 4 2 9
v 5 0.000050008296966552734 9
v 3 0.000050008296966552734 9
v 4 2 9
v 3 2 9
v 4 0.000050008296966552734 9
v 2 0.000050008296966552734 9
v 3 2 9
v 2 2 9
v 3 0.000050008296966552734 9
v 2 2 9
v 2 0 9
v 9.00005054473877 1 6
v 8.00005054473877 4 6
v 9.00005054473877 4 6
v 8.00005054473877 1 6
v 8.00005054473877 1 4
v 8.00005054473877 4 4
v 9.00005054473877 1 4
v 8.5 1.750000238418579 6
v 8.499950408935547 1.2499998807907104 5
v 8.499950408935547 1.250000238418579 6
v 8.5 1.75 5
v 9 1.7499500513076782 6
v 9 1.7499500513076782 5
v 9 1.7499500513076782 5
v 8.5 1.75 4
v 8.5 1.75 5
v 9 1.7499500513076782 4
v 8.499950408935547 1.2499996423721313 4
v 8.499950408935547 1.2499998807907104 5
v 8.499950408935547 1.2499998807907104 5
v 8 1.25 4
v 8 1.25 5
v 8.499950408935547 1.2499996423721313 4
v 8.00005054473877 0.75 4
v 8.00005054473877 0.7500001192092896 5
v 8 1.250000238418579 6
v 8.00005054473877 0.7500001192092896 5
v 8.000049591064453 0.7500002384185791 6
v 8 1.25 5
v 8.499950408935547 1.250000238418579 6
v 8.499950408935547 1.2499998807907104 5
v 8.500049591064453 0.7500002384185791 6
v 8.50005054473877 0.7500001192092896 5
v 8.499950408935547 1.250000238418579 6
v 8.499950408935547 1.2499998807907104 5
v 8.50005054473877 0.7500001192092896 5
v 8.50005054473877 0.75 4
v 8.499950408935547 1.2499998807907104 5
v 8.499950408935547 1.2499996423721313 4
v 9.000049591064453 1.250000238418579 6
v 9.00005054473877 1.2500001192092896 5
v 9 1.7499500513076782 6
v 9 1.7499500513076782 5
v 9.00005054473877 1.2500001192092896 5
v 9.00005054473877 1.25 4
v 9 1.7499500513076782 5
v 9 1.7499500513076782 4
v 8.50005054473877 0.75 4
v 8.00005054473877 0.75 4
v 8.499950408935547 1.2499996423721313 4
v 8 1.25 4
v 8.000049591064453 0.7500002384185791 6
v 8.500049591064453 0.7500002384185791 6
v 8 1.250000238418579 6
v 8.499950408935547 1.250000238418579 6
v 9.00005054473877 1.25 4
v 8.499950408935547 1.2499996423721313 4
v 9 1.7499500513076782 4
v 8.5 1.75 4
v 8.499950408935547 1.250000238418579 6
v 9.000049591064453 1.250000238418579 6
v 8.5 1.750000238418579 6
v 9 1.7499500513076782 6
v 8 1 6.0625
v 9 2 6.0625
v 8 2 6.0625
v 9 1 6.0625
v 8 -2.105696061960316e-8 6.0625
v 9 -2.105696061960316e-8 6.0625
v 8 1 3.9375
v 9 1 3.9375
v 8 -2.105696061960316e-8 3.9375
v 9 -2.105696061960316e-8 3.9375
v 8 2 3.9375
v 9 2 3.9375
v 8 0 6
v 7 3 6
v 8 3 6
v 7 0 6
v 7 0 4
v 8 3 4
v 7 3 4
v 8 0 4
v 7.499948978424072 0.7500002384185791 6
v 7.499899387359619 0.24999994039535522 5
v 7.499898910522461 0.2500002384185791 6
v 7.4999494552612305 0.75 5
v 7.999948978424072 0.7499500513076782 6
v 7.999948978424072 0.7499500513076782 5
v 7.999948978424072 0.7499500513076782 5
v 7.499948978424072 0.75 4
v 7.4999494552612305 0.75 5
v 7.999948978424072 0.7499500513076782 4
v 7.499899864196777 0.24999970197677612 4
v 7.499899387359619 0.24999994039535522 5
v 7.499899387359619 0.24999994039535522 5
v 6.999948978424072 0.25 4
v 6.999948978424072 0.25 5
v 7.499899864196777 0.24999970197677612 4
v 6.999999523162842 -0.25 4
v 6.999999523162842 -0.24999988079071045 5
v 6.999948978424072 0.2500002384185791 6
v 6.999999523162842 -0.24999988079071045 5
v 6.999999046325684 -0.2499997615814209 6
v 6.999948978424072 0.25 5
v 7.499898910522461 0.2500002384185791 6
v 7.499899387359619 0.24999994039535522 5
v 7.499999046325684 -0.2499997615814209 6
v 7.499999523162842 -0.24999988079071045 5
v 7.499898910522461 0.2500002384185791 6
v 7.499899387359619 0.24999994039535522 5
v 7.499999523162842 -0.24999988079071045 5
v 7.499999523162842 -0.25 4
v 7.499899387359619 0.24999994039535522 5
v 7.499899864196777 0.24999970197677612 4
v 7.999999046325684 0.2500002384185791 6
v 7.999999523162842 0.25000011920928955 5
v 7.999948978424072 0.7499500513076782 6
v 7.999948978424072 0.7499500513076782 5
v 7.999999523162842 0.25000011920928955 5
v 7.999999523162842 0.25 4
v 7.999948978424072 0.7499500513076782 5
v 7.999948978424072 0.7499500513076782 4
v 7.499999523162842 -0.25 4
v 6.999999523162842 -0.25 4
v 7.499899864196777 0.24999970197677612 4
v 6.999948978424072 0.25 4
v 6.999999046325684 -0.2499997615814209 6
v 7.499999046325684 -0.2499997615814209 6
v 6.999948978424072 0.2500002384185791 6
v 7.499898910522461 0.2500002384185791 6
v 7.999999523162842 0.25 4
v 7.499899864196777 0.24999970197677612 4
v 7.999948978424072 0.7499500513076782 4
v 7.499948978424072 0.75 4
v 7.499898910522461 0.2500002384185791 6
v 7.999999046325684 0.2500002384185791 6
v 7.499948978424072 0.7500002384185791 6
v 7.999948978424072 0.7499500513076782 6
v 6.999948978424072 0 6.0625
v 7.999948978424072 1 6.0625
v 6.999948978424072 1 6.0625
v 7.999948978424072 0 6.0625
v 6.999948978424072 -1 6.0625
v 7.999948978424072 -1 6.0625
v 6.999948978424072 0 3.9375
v 7.999948978424072 0 3.9375
v 6.999948978424072 -1 3.9375
v 7.999948978424072 -1 3.9375
v 6.999948978424072 1 3.9375
v 7.999948978424072 1 3.9375
v 13 -4 9
v 13 -1 10
v 13 -1 9
v 13 -4 10
v 11 -4 10
v 11 -1 9
v 11 -1 10
v 11 -4 9
v 13 -3.249999761581421 9.50005054473877
v 12 -3.75 9.500101089477539
v 13 -3.749999761581421 9.500101089477539
v 12 -3.25 9.50005054473877
v 13 -3.2500500679016113 9.00005054473877
v 12 -3.2500500679016113 9.00005054473877
v 12 -3.2500500679016113 9.00005054473877
v 11 -3.25 9.50005054473877
v 12 -3.25 9.50005054473877
v 11 -3.2500500679016113 9.00005054473877
v 11 -3.750000238418579 9.500100135803223
v 12 -3.75 9.500101089477539
v 12 -3.75 9.500101089477539
v 11 -3.75 10.00005054473877
v 12 -3.75 10.00005054473877
v 11 -3.750000238418579 9.500100135803223
v 11 -4.25 10
v 12 -4.25 10.000000953674316
v 13 -3.749999761581421 10.00005054473877
v 12 -4.25 10.000000953674316
v 13 -4.25 10.000000953674316
v 12 -3.75 10.00005054473877
v 13 -3.749999761581421 9.500101089477539
v 12 -3.75 9.500101089477539
v 13 -4.25 9.500000953674316
v 12 -4.25 9.500000953674316
v 13 -3.749999761581421 9.500101089477539
v 12 -3.75 9.500101089477539
v 12 -4.25 9.500000953674316
v 11 -4.25 9.5
v 12 -3.75 9.500101089477539
v 11 -3.750000238418579 9.500100135803223
v 13 -3.749999761581421 9.000000953674316
v 12 -3.75 9.000000953674316
v 13 -3.2500500679016113 9.00005054473877
v 12 -3.2500500679016113 9.00005054473877
v 12 -3.75 9.000000953674316
v 11 -3.75 9
v 12 -3.2500500679016113 9.00005054473877
v 11 -3.2500500679016113 9.00005054473877
v 11 -4.25 9.5
v 11 -4.25 10
v 11 -3.750000238418579 9.500100135803223
v 11 -3.75 10.00005054473877
v 13 -4.25 10.000000953674316
v 13 -4.25 9.500000953674316
v 13 -3.749999761581421 10.00005054473877
v 13 -3.749999761581421 9.500101089477539
v 11 -3.75 9
v 11 -3.750000238418579 9.500100135803223
v 11 -3.2500500679016113 9.00005054473877
v 11 -3.25 9.50005054473877
v 13 -3.749999761581421 9.500101089477539
v 13 -3.749999761581421 9.000000953674316
v 13 -3.249999761581421 9.50005054473877
v 13 -3.2500500679016113 9.00005054473877
v 13.0625 -4 10.00005054473877
v 13.0625 -3 9.00005054473877
v 13.0625 -3 10.00005054473877
v 13.0625 -4 9.00005054473877
v 13.0625 -5 10.00005054473877
v 13.0625 -5 9.00005054473877
v 10.9375 -4 10.00005054473877
v 10.9375 -4 9.00005054473877
v 10.9375 -5 10.00005054473877
v 10.9375 -5 9.00005054473877
v 10.9375 -3 10.00005054473877
v 10.9375 -3 9.00005054473877
v 13 -5 10
v 13 -2 11
v 13 -2 10
v 13 -5 11
v 11 -5 11
v 11 -2 10
v 11 -2 11
v 11 -5 10
v 13 -4.25 10.50005054473877
v 12 -4.75 10.500101089477539
v 13 -4.75 10.500101089477539
v 12 -4.25 10.50005054473877
v 13 -4.250050067901611 10.00005054473877
v 12 -4.250050067901611 10.00005054473877
v 12 -4.250050067901611 10.00005054473877
v 11 -4.25 10.50005054473877
v 12 -4.25 10.50005054473877
v 11 -4.250050067901611 10.00005054473877
v 11 -4.750000476837158 10.500100135803223
v 12 -4.75 10.500101089477539
v 12 -4.75 10.500101089477539
v 11 -4.75 11.00005054473877
v 12 -4.75 11.00005054473877
v 11 -4.750000476837158 10.500100135803223
v 11 -5.25 11
v 12 -5.25 11.000000953674316
v 13 -4.75 11.00005054473877
v 12 -5.25 11.000000953674316
v 13 -5.25 11.000000953674316
v 12 -4.75 11.00005054473877
v 13 -4.75 10.500101089477539
v 12 -4.75 10.500101089477539
v 13 -5.25 10.500000953674316
v 12 -5.25 10.500000953674316
v 13 -4.75 10.500101089477539
v 12 -4.75 10.500101089477539
v 12 -5.25 10.500000953674316
v 11 -5.25 10.5
v 12 -4.75 10.500101089477539
v 11 -4.750000476837158 10.500100135803223
v 13 -4.75 10.000000953674316
v 12 -4.75 10.000000953674316
v 13 -4.250050067901611 10.00005054473877
v 12 -4.250050067901611 10.00005054473877
v 12 -4.75 10.000000953674316
v 11 -4.75 10
v 12 -4.250050067901611 10.00005054473877
v 11 -4.250050067901611 10.00005054473877
v 11 -5.25 10.5
v 11 -5.25 11
v 11 -4.750000476837158 10.500100135803223
v 11 -4.75 11.00005054473877
v 13 -5.25 11.000000953674316
v 13 -5.25 10.500000953674316
v 13 -4.75 11.00005054473877
v 13 -4.75 10.500101089477539
v 11 -4.75 10
v 11 -4.750000476837158 10.500100135803223
v 11 -4.250050067901611 10.00005054473877
v 11 -4.25 10.50005054473877
v 13 -4.75 10.500101089477539
v 13 -4.75 10.000000953674316
v 13 -4.25 10.50005054473877
v 13 -4.250050067901611 10.00005054473877
v 13.0625 -5 11.00005054473877
v 13.0625 -4 10.00005054473877
v 13.0625 -4 11.00005054473877
v 13.0625 -5 10.00005054473877
v 13.0625 -6 11.00005054473877
v 13.0625 -6 10.00005054473877
v 10.9375 -5 11.00005054473877
v 10.9375 -5 10.00005054473877
v 10.9375 -6 11.00005054473877
v 10.9375 -6 10.00005054473877
v 10.9375 -4 11.00005054473877
v 10.9375 -4 10.00005054473877
v 7 -1 7
v 8 2 7
v 7 2 7
v 8 -1 7
v 8 -1 9
v 7 2 9
v 8 2 9
v 7 -1 9
v 7.500051021575928 -0.2499997615814209 7
v 7.500100612640381 -0.7500000596046448 8
v 7.500101089477539 -0.7499997615814209 7
v 7.5000505447387695 -0.2500000298023224 8
v 7.000051021575928 -0.25004997849464417 7
v 7.000051021575928 -0.25004997849464417 8
v 7.000051021575928 -0.25004997849464417 8
v 7.500051021575928 -0.2499999701976776 9
v 7.5000505447387695 -0.2500000298023224 8
v 7.000051021575928 -0.25004997849464417 9
v 7.500100135803223 -0.7500002980232239 9
v 7.500100612640381 -0.7500000596046448 8
v 7.500100612640381 -0.7500000596046448 8
v 8.00005054473877 -0.75 9
v 8.00005054473877 -0.75 8
v 7.500100135803223 -0.7500002980232239 9
v 8 -1.25 9
v 8.000000953674316 -1.2499998807907104 8
v 8.00005054473877 -0.7499997615814209 7
v 8.000000953674316 -1.2499998807907104 8
v 8.000000953674316 -1.249999761581421 7
v 8.00005054473877 -0.75 8
v 7.500101089477539 -0.7499997615814209 7
v 7.500100612640381 -0.7500000596046448 8
v 7.500000953674316 -1.249999761581421 7
v 7.500000476837158 -1.2499998807907104 8
v 7.500101089477539 -0.7499997615814209 7
v 7.500100612640381 -0.7500000596046448 8
v 7.500000476837158 -1.2499998807907104 8
v 7.500000476837158 -1.25 9
v 7.500100612640381 -0.7500000596046448 8
v 7.500100135803223 -0.7500002980232239 9
v 7.000000953674316 -0.7499997615814209 7
v 7.000000476837158 -0.7499998807907104 8
v 7.000051021575928 -0.25004997849464417 7
v 7.000051021575928 -0.25004997849464417 8
v 7.000000476837158 -0.7499998807907104 8
v 7.000000476837158 -0.75 9
v 7.000051021575928 -0.25004997849464417 8
v 7.000051021575928 -0.25004997849464417 9
v 7.500000476837158 -1.25 9
v 8 -1.25 9
v 7.500100135803223 -0.7500002980232239 9
v 8.00005054473877 -0.75 9
v 8.000000953674316 -1.249999761581421 7
v 7.500000953674316 -1.249999761581421 7
v 8.00005054473877 -0.7499997615814209 7
v 7.500101089477539 -0.7499997615814209 7
v 7.000000476837158 -0.75 9
v 7.500100135803223 -0.7500002980232239 9
v 7.000051021575928 -0.25004997849464417 9
v 7.500051021575928 -0.2499999701976776 9
v 7.500101089477539 -0.7499997615814209 7
v 7.000000953674316 -0.7499997615814209 7
v 7.500051021575928 -0.2499997615814209 7
v 7.000051021575928 -0.25004997849464417 7
v 8.00005054473877 -1 6.9375
v 7.000051021575928 2.105696061960316e-8 6.9375
v 8.00005054473877 2.105696061960316e-8 6.9375
v 7.000051021575928 -1 6.9375
v 8.00005054473877 -2 6.9375
v 7.000051021575928 -2 6.9375
v 8.00005054473877 -1 9.0625
v 7.000051021575928 -1 9.0625
v 8.00005054473877 -2 9.0625
v 7.000051021575928 -2 9.0625
v 8.00005054473877 2.105696061960316e-8 9.0625
v 7.000051021575928 2.105696061960316e-8 9.0625
v 8 -2 7
v 9 1 7
v 8 1 7
v 9 -2 7
v 9 -2 9
v 8 1 9
v 9 1 9
v 8 -2 9
v 8.50005054473877 -1.249999761581421 7
v 8.500101089477539 -1.75 8
v 8.500101089477539 -1.749999761581421 7
v 8.50005054473877 -1.25 8
v 8.00005054473877 -1.2500499486923218 7
v 8.00005054473877 -1.2500499486923218 8
v 8.00005054473877 -1.2500499486923218 8
v 8.50005054473877 -1.25 9
v 8.50005054473877 -1.25 8
v 8.00005054473877 -1.2500499486923218 9
v 8.500100135803223 -1.750000238418579 9
v 8.500101089477539 -1.75 8
v 8.500101089477539 -1.75 8
v 9.00005054473877 -1.75 9
v 9.00005054473877 -1.75 8
v 8.500100135803223 -1.750000238418579 9
v 9 -2.25 9
v 9.000000953674316 -2.25 8
v 9.00005054473877 -1.749999761581421 7
v 9.000000953674316 -2.25 8
v 9.000000953674316 -2.249999761581421 7
v 9.00005054473877 -1.75 8
v 8.500101089477539 -1.749999761581421 7
v 8.500101089477539 -1.75 8
v 8.500000953674316 -2.249999761581421 7
v 8.500000953674316 -2.25 8
v 8.500101089477539 -1.749999761581421 7
v 8.500101089477539 -1.75 8
v 8.500000953674316 -2.25 8
v 8.5 -2.25 9
v 8.500101089477539 -1.75 8
v 8.500100135803223 -1.750000238418579 9
v 8.000000953674316 -1.749999761581421 7
v 8.000000953674316 -1.7499998807907104 8
v 8.00005054473877 -1.2500499486923218 7
v 8.00005054473877 -1.2500499486923218 8
v 8.000000953674316 -1.7499998807907104 8
v 8 -1.75 9
v 8.00005054473877 -1.2500499486923218 8
v 8.00005054473877 -1.2500499486923218 9
v 8.5 -2.25 9
v 9 -2.25 9
v 8.500100135803223 -1.750000238418579 9
v 9.00005054473877 -1.75 9
v 9.000000953674316 -2.249999761581421 7
v 8.500000953674316 -2.249999761581421 7
v 9.00005054473877 -1.749999761581421 7
v 8.500101089477539 -1.749999761581421 7
v 8 -1.75 9
v 8.500100135803223 -1.750000238418579 9
v 8.00005054473877 -1.2500499486923218 9
v 8.50005054473877 -1.25 9
v 8.500101089477539 -1.749999761581421 7
v 8.000000953674316 -1.749999761581421 7
v 8.50005054473877 -1.249999761581421 7
v 8.00005054473877 -1.2500499486923218 7
v 9.00005054473877 -2 6.9375
v 8.00005054473877 -1 6.9375
v 9.00005054473877 -1 6.9375
v 8.00005054473877 -2 6.9375
v 9.00005054473877 -3 6.9375
v 8.00005054473877 -3 6.9375
v 9.00005054473877 -2 9.0625
v 8.00005054473877 -2 9.0625
v 9.00005054473877 -3 9.0625
v 8.00005054473877 -3 9.0625
v 9.00005054473877 -1 9.0625
v 8.00005054473877 -1 9.0625
v 9 -3 7
v 10 0 7
v 9 0 7
v 10 -3 7
v 10 -3 9
v 9 -2.220446049250313e-16 9
v 10 -2.220446049250313e-16 9
v 9 -3 9
v 9.50005054473877 -2.249999761581421 7
v 9.500101089477539 -2.75 8
v 9.500101089477539 -2.749999761581421 7
v 9.50005054473877 -2.25 8
v 9.00005054473877 -2.2500500679016113 7
v 9.00005054473877 -2.2500500679016113 8
v 9.00005054473877 -2.2500500679016113 8
v 9.50005054473877 -2.25 9
v 9.50005054473877 -2.25 8
v 9.00005054473877 -2.2500500679016113 9
v 9.500100135803223 -2.750000238418579 9
v 9.500101089477539 -2.75 8
v 9.500101089477539 -2.75 8
v 10.00005054473877 -2.75 9
v 10.00005054473877 -2.75 8
v 9.500100135803223 -2.750000238418579 9
v 10 -3.25 9
v 10.000000953674316 -3.25 8
v 10.00005054473877 -2.749999761581421 7
v 10.000000953674316 -3.25 8
v 10.000000953674316 -3.249999761581421 7
v 10.00005054473877 -2.75 8
v 9.500101089477539 -2.749999761581421 7
v 9.500101089477539 -2.75 8
v 9.500000953674316 -3.249999761581421 7
v 9.500000953674316 -3.25 8
v 9.500101089477539 -2.749999761581421 7
v 9.500101089477539 -2.75 8
v 9.500000953674316 -3.25 8
v 9.5 -3.25 9
v 9.500101089477539 -2.75 8
v 9.500100135803223 -2.750000238418579 9
v 9.000000953674316 -2.749999761581421 7
v 9.000000953674316 -2.75 8
v 9.00005054473877 -2.2500500679016113 7
v 9.00005054473877 -2.2500500679016113 8
v 9.000000953674316 -2.75 8
v 9 -2.75 9
v 9.00005054473877 -2.2500500679016113 8
v 9.00005054473877 -2.2500500679016113 9
v 9.5 -3.25 9
v 10 -3.25 9
v 9.500100135803223 -2.750000238418579 9
v 10.00005054473877 -2.75 9
v 10.000000953674316 -3.249999761581421 7
v 9.500000953674316 -3.249999761581421 7
v 10.00005054473877 -2.749999761581421 7
v 9.500101089477539 -2.749999761581421 7
v 9 -2.75 9
v 9.500100135803223 -2.750000238418579 9
v 9.00005054473877 -2.2500500679016113 9
v 9.50005054473877 -2.25 9
v 9.500101089477539 -2.749999761581421 7
v 9.000000953674316 -2.749999761581421 7
v 9.50005054473877 -2.249999761581421 7
v 9.00005054473877 -2.2500500679016113 7
v 10.00005054473877 -3 6.9375
v 9.00005054473877 -2 6.9375
v 10.00005054473877 -2 6.9375
v 9.00005054473877 -3 6.9375
v 10.00005054473877 -4 6.9375
v 9.00005054473877 -4 6.9375
v 10.00005054473877 -3 9.0625
v 9.00005054473877 -3 9.0625
v 10.00005054473877 -4 9.0625
v 9.00005054473877 -4 9.0625
v 10.00005054473877 -2 9.0625
v 9.00005054473877 -2 9.0625
vt 0.1875 0.8125
vt 0.125 0.875
vt 0.1875 0.875
vt 0.1875 0.8125
vt 0.125 0.8125
vt 0.125 0.875
vt 0.4375 0.8125
vt 0.375 0.875
vt 0.4375 0.875
vt 0.4375 0.8125
vt 0.375 0.8125
vt 0.375 0.875
vt 0.4375 0.8125
vt 0.375 0.875
vt 0.4375 0.875
vt 0.4375 0.8125
vt 0.375 0.8125
vt 0.375 0.875
vt 0.25 0.5
vt 0.3125 0.5625
vt 0.25 0.5625
vt 0.25 0.5
vt 0.3125 0.5
vt 0.3125 0.5625
vt 0.25 0.5
vt 0.3125 0.5625
vt 0.25 0.5625
vt 0.25 0.5
vt 0.3125 0.5
vt 0.3125 0.5625
vt 0.25 0.5
vt 0.3125 0.5625
vt 0.25 0.5625
vt 0.25 0.5
vt 0.3125 0.5
vt 0.3125 0.5625
vt 0.25 0.5
vt 0.3125 0.5625
vt 0.25 0.5625
vt 0.25 0.5
vt 0.3125 0.5
vt 0.3125 0.5625
vt 0.25 0.5
vt 0.3125 0.5625
vt 0.25 0.5625
vt 0.25 0.5
vt 0.3125 0.5
vt 0.3125 0.5625
vt 0.25 0.5
vt 0.3125 0.5625
vt 0.25 0.5625
vt 0.25 0.5
vt 0.3125 0.5
vt 0.3125 0.5625
vt 0.25 0.5
vt 0.3125 0.5625
vt 0.25 0.5625
vt 0.25 0.5
vt 0.3125 0.5
vt 0.3125 0.5625
vt 0.25 0.5
vt 0.3125 0.5625
vt 0.25 0.5625
vt 0.25 0.5
vt 0.3125 0.5
vt 0.3125 0.5625
vt 0.25 0.5
vt 0.3125 0.5625
vt 0.25 0.5625
vt 0.25 0.5
vt 0.3125 0.5
vt 0.3125 0.5625
vt 0.25 0.5
vt 0.3125 0.5625
vt 0.25 0.5625
vt 0.25 0.5
vt 0.3125 0.5
vt 0.3125 0.5625
vt 0.25 0.5
vt 0.3125 0.5625
vt 0.25 0.5625
vt 0.25 0.5
vt 0.3125 0.5
vt 0.3125 0.5625
vt 0.25 0.5
vt 0.3125 0.5625
vt 0.25 0.5625
vt 0.25 0.5
vt 0.3125 0.5
vt 0.3125 0.5625
vt 0.25 0.5
vt 0.3125 0.5625
vt 0.25 0.5625
vt 0.25 0.5
vt 0.3125 0.5
vt 0.3125 0.5625
vt 0.25 0.5
vt 0.3125 0.5625
vt 0.25 0.5625
vt 0.25 0.5
vt 0.3125 0.5
vt 0.3125 0.5625
vt 0.25 0.5
vt 0.3125 0.5625
vt 0.25 0.5625
vt 0.25 0.5
vt 0.3125 0.5
vt 0.3125 0.5625
vt 0.25 0.5
vt 0.3125 0.5625
vt 0.25 0.5625
vt 0.25 0.5
vt 0.3125 0.5
vt 0.3125 0.5625
vt 0.25 0.5
vt 0.3125 0.5625
vt 0.25 0.5625
vt 0.25 0.5
vt 0.3125 0.5
vt 0.3125 0.5625
vt 0.25 0.5
vt 0.3125 0.5625
vt 0.25 0.5625
vt 0.25 0.5
vt 0.3125 0.5
vt 0.3125 0.5625
vt 0.25 0.5
vt 0.3125 0.5625
vt 0.25 0.5625
vt 0.25 0.5
vt 0.3125 0.5
vt 0.3125 0.5625
vt 0.25 0.5
vt 0.3125 0.5625
vt 0.25 0.5625
vt 0.25 0.5
vt 0.3125 0.5
vt 0.3125 0.5625
vt 0.25 0.5
vt 0.3125 0.5625
vt 0.25 0.5625
vt 0.25 0.5
vt 0.3125 0.5
vt 0.3125 0.5625
vt 0.25 0.5
vt 0.3125 0.5625
vt 0.25 0.5625
vt 0.25 0.5
vt 0.3125 0.5
vt 0.3125 0.5625
vt 0.25 0.5
vt 0.3125 0.5625
vt 0.25 0.5625
vt 0.25 0.5
vt 0.3125 0.5
vt 0.3125 0.5625
vt 0.25 0.5
vt 0.3125 0.5625
vt 0.25 0.5625
vt 0.25 0.5
vt 0.3125 0.5
vt 0.3125 0.5625
vt 0.25 0.5
vt 0.3125 0.5625
vt 0.25 0.5625
vt 0.25 0.5
vt 0.3125 0.5
vt 0.3125 0.5625
vt 0.25 0.5
vt 0.3125 0.5625
vt 0.25 0.5625
vt 0.25 0.5
vt 0.3125 0.5
vt 0.3125 0.5625
vt 0.25 0.5
vt 0.3125 0.5625
vt 0.25 0.5625
vt 0.25 0.5
vt 0.3125 0.5
vt 0.3125 0.5625
vt 0.25 0.5
vt 0.3125 0.5625
vt 0.25 0.5625
vt 0.25 0.5
vt 0.3125 0.5
vt 0.3125 0.5625
vt 0.25 0.5
vt 0.3125 0.5625
vt 0.25 0.5625
vt 0.25 0.5
vt 0.3125 0.5
vt 0.3125 0.5625
vt 0.25 0.5
vt 0.3125 0.5625
vt 0.25 0.5625
vt 0.25 0.5
vt 0.3125 0.5
vt 0.3125 0.5625
vt 0.25 0.5
vt 0.3125 0.5625
vt 0.25 0.5625
vt 0.25 0.5
vt 0.3125 0.5
vt 0.3125 0.5625
vt 0.25 0.5
vt 0.3125 0.5625
vt 0.25 0.5625
vt 0.25 0.5
vt 0.3125 0.5
vt 0.3125 0.5625
vt 0.25 0.5
vt 0.3125 0.5625
vt 0.25 0.5625
vt 0.25 0.5
vt 0.3125 0.5
vt 0.3125 0.5625
vt 0.25 0.5
vt 0.3125 0.5625
vt 0.25 0.5625
vt 0.25 0.5
vt 0.3125 0.5
vt 0.3125 0.5625
vt 0.25 0.5
vt 0.3125 0.5625
vt 0.25 0.5625
vt 0.25 0.5
vt 0.3125 0.5
vt 0.3125 0.5625
vt 0.25 0.5
vt 0.3125 0.5625
vt 0.25 0.5625
vt 0.25 0.5
vt 0.3125 0.5
vt 0.3125 0.5625
vt 0.25 0.5
vt 0.3125 0.5625
vt 0.25 0.5625
vt 0.25 0.5
vt 0.3125 0.5
vt 0.3125 0.5625
vt 0.25 0.5
vt 0.3125 0.5625
vt 0.25 0.5625
vt 0.25 0.5
vt 0.3125 0.5
vt 0.3125 0.5625
vt 0.25 0.5
vt 0.3125 0.5625
vt 0.25 0.5625
vt 0.25 0.5
vt 0.3125 0.5
vt 0.3125 0.5625
vt 0.25 0.5
vt 0.3125 0.5625
vt 0.25 0.5625
vt 0.25 0.5
vt 0.3125 0.5
vt 0.3125 0.5625
vt 0.25 0.5
vt 0.3125 0.5625
vt 0.25 0.5625
vt 0.25 0.5
vt 0.3125 0.5
vt 0.3125 0.5625
vt 0.25 0.5
vt 0.3125 0.5625
vt 0.25 0.5625
vt 0.25 0.5
vt 0.3125 0.5
vt 0.3125 0.5625
vt 0.25 0.5
vt 0.3125 0.5625
vt 0.25 0.5625
vt 0.25 0.5
vt 0.3125 0.5
vt 0.3125 0.5625
vt 0.25 0.5
vt 0.3125 0.5625
vt 0.25 0.5625
vt 0.25 0.5
vt 0.3125 0.5
vt 0.3125 0.5625
vt 0.25 0.5
vt 0.3125 0.5625
vt 0.25 0.5625
vt 0.25 0.5
vt 0.3125 0.5
vt 0.3125 0.5625
vt 0.25 0.5
vt 0.3125 0.5625
vt 0.25 0.5625
vt 0.25 0.5
vt 0.3125 0.5
vt 0.3125 0.5625
vt 0.75 0.1875
vt 0.875 0.25
vt 0.75 0.25
vt 0.75 0.1875
vt 0.875 0.1875
vt 0.875 0.25
vt 0.875 0.875
vt 0.9375 0.9375
vt 0.875 0.9375
vt 0.875 0.875
vt 0.9375 0.875
vt 0.9375 0.9375
vt 0.9375 0.875
vt 1 0.9375
vt 0.9375 0.9375
vt 0.9375 0.875
vt 1 0.875
vt 1 0.9375
vt 0.9375 0.9375
vt 1 1
vt 0.9375 1
vt 0.9375 0.9375
vt 1 0.9375
vt 1 1
vt 0.875 0.8125
vt 0.9375 0.875
vt 0.875 0.875
vt 0.875 0.8125
vt 0.9375 0.8125
vt 0.9375 0.875
vt 0.875 0.75
vt 0.9375 0.8125
vt 0.875 0.8125
vt 0.875 0.75
vt 0.9375 0.75
vt 0.9375 0.8125
vt 0.875 0.9375
vt 0.9375 1
vt 0.875 1
vt 0.875 0.9375
vt 0.9375 0.9375
vt 0.9375 1
vt 0.875 0.75
vt 0.9375 0.9375
vt 0.875 0.9375
vt 0.875 0.75
vt 0.9375 0.75
vt 0.9375 0.9375
vt 0.4375 0.5625
vt 0.5 0.625
vt 0.4375 0.625
vt 0.4375 0.5625
vt 0.5 0.5625
vt 0.5 0.625
vt 0.4375 0.5625
vt 0.5 0.625
vt 0.4375 0.625
vt 0.4375 0.5625
vt 0.5 0.5625
vt 0.5 0.625
vt 0.4375 0.5625
vt 0.5 0.625
vt 0.4375 0.625
vt 0.4375 0.5625
vt 0.5 0.5625
vt 0.5 0.625
vt 0.4375 0.5
vt 0.5 0.5625
vt 0.4375 0.5625
vt 0.4375 0.5
vt 0.5 0.5
vt 0.5 0.5625
vt 0.4375 0.5
vt 0.5 0.5625
vt 0.4375 0.5625
vt 0.4375 0.5
vt 0.5 0.5
vt 0.5 0.5625
vt 0.25 0.5
vt 0.3125 0.5625
vt 0.25 0.5625
vt 0.25 0.5
vt 0.3125 0.5
vt 0.3125 0.5625
vt 0.25 0.5
vt 0.3125 0.5625
vt 0.25 0.5625
vt 0.25 0.5
vt 0.3125 0.5
vt 0.3125 0.5625
vt 0.25 0.5
vt 0.3125 0.5625
vt 0.25 0.5625
vt 0.25 0.5
vt 0.3125 0.5
vt 0.3125 0.5625
vt 0.25 0.5
vt 0.3125 0.5625
vt 0.25 0.5625
vt 0.25 0.5
vt 0.3125 0.5
vt 0.3125 0.5625
vt 0.25 0.5
vt 0.3125 0.5625
vt 0.25 0.5625
vt 0.25 0.5
vt 0.3125 0.5
vt 0.3125 0.5625
vt 0.25 0.5625
vt 0.3125 0.625
vt 0.25 0.625
vt 0.25 0.5625
vt 0.3125 0.5625
vt 0.3125 0.625
vt 0.25 0.5625
vt 0.3125 0.625
vt 0.25 0.625
vt 0.25 0.5625
vt 0.3125 0.5625
vt 0.3125 0.625
vt 0.25 0.5625
vt 0.3125 0.625
vt 0.25 0.625
vt 0.25 0.5625
vt 0.3125 0.5625
vt 0.3125 0.625
vt 0.25 0.5625
vt 0.3125 0.625
vt 0.25 0.625
vt 0.25 0.5625
vt 0.3125 0.5625
vt 0.3125 0.625
vt 0.25 0.75
vt 0.3125 0.8125
vt 0.25 0.8125
vt 0.25 0.75
vt 0.3125 0.75
vt 0.3125 0.8125
vt 0.25 0.75
vt 0.3125 0.8125
vt 0.25 0.8125
vt 0.25 0.75
vt 0.3125 0.75
vt 0.3125 0.8125
vt 0.25 0.75
vt 0.3125 0.8125
vt 0.25 0.8125
vt 0.25 0.75
vt 0.3125 0.75
vt 0.3125 0.8125
vt 0.25 0.75
vt 0.3125 0.8125
vt 0.25 0.8125
vt 0.25 0.75
vt 0.3125 0.75
vt 0.3125 0.8125
vt 0.25 0.75
vt 0.3125 0.8125
vt 0.25 0.8125
vt 0.25 0.75
vt 0.3125 0.75
vt 0.3125 0.8125
vt 0.25 0.75
vt 0.3125 0.8125
vt 0.25 0.8125
vt 0.25 0.75
vt 0.3125 0.75
vt 0.3125 0.8125
vt 0.25 0.75
vt 0.3125 0.8125
vt 0.25 0.8125
vt 0.25 0.75
vt 0.3125 0.75
vt 0.3125 0.8125
vt 0.25 0.75
vt 0.3125 0.8125
vt 0.25 0.8125
vt 0.25 0.75
vt 0.3125 0.75
vt 0.3125 0.8125
vt 0.375 0.75
vt 0.4375 0.8125
vt 0.375 0.8125
vt 0.375 0.75
vt 0.4375 0.75
vt 0.4375 0.8125
vt 0.375 0.75
vt 0.4375 0.8125
vt 0.375 0.8125
vt 0.375 0.75
vt 0.4375 0.75
vt 0.4375 0.8125
vt 0.3125 0.75
vt 0.375 0.8125
vt 0.3125 0.8125
vt 0.3125 0.75
vt 0.375 0.75
vt 0.375 0.8125
vt 0.3125 0.75
vt 0.375 0.8125
vt 0.3125 0.8125
vt 0.3125 0.75
vt 0.375 0.75
vt 0.375 0.8125
vt 0.3125 0.75
vt 0.375 0.8125
vt 0.3125 0.8125
vt 0.3125 0.75
vt 0.375 0.75
vt 0.375 0.8125
vt 0.3125 0.75
vt 0.375 0.8125
vt 0.3125 0.8125
vt 0.3125 0.75
vt 0.375 0.75
vt 0.375 0.8125
vt 0.3125 0.75
vt 0.375 0.8125
vt 0.3125 0.8125
vt 0.3125 0.75
vt 0.375 0.75
vt 0.375 0.8125
vt 0.25 0.8125
vt 0.3125 0.875
vt 0.25 0.875
vt 0.25 0.8125
vt 0.3125 0.8125
vt 0.3125 0.875
vt 0.3125 0.8125
vt 0.375 0.875
vt 0.3125 0.875
vt 0.3125 0.8125
vt 0.375 0.8125
vt 0.375 0.875
vt 0.375 0.8125
vt 0.4375 0.875
vt 0.375 0.875
vt 0.375 0.8125
vt 0.4375 0.8125
vt 0.4375 0.875
vt 0.375 0.8125
vt 0.4375 0.875
vt 0.375 0.875
vt 0.375 0.8125
vt 0.4375 0.8125
vt 0.4375 0.875
vt 0.375 0.8125
vt 0.4375 0.875
vt 0.375 0.875
vt 0.375 0.8125
vt 0.4375 0.8125
vt 0.4375 0.875
vt 0.375 0.8125
vt 0.4375 0.875
vt 0.375 0.875
vt 0.375 0.8125
vt 0.4375 0.8125
vt 0.4375 0.875
vt 0.375 0.8125
vt 0.4375 0.875
vt 0.375 0.875
vt 0.375 0.8125
vt 0.4375 0.8125
vt 0.4375 0.875
vt 0.375 0.8125
vt 0.4375 0.875
vt 0.375 0.875
vt 0.375 0.8125
vt 0.4375 0.8125
vt 0.4375 0.875
vt 0.25 0.9375
vt 0.3125 1
vt 0.25 1
vt 0.25 0.9375
vt 0.3125 0.9375
vt 0.3125 1
vt 0.25 0.9375
vt 0.3125 1
vt 0.25 1
vt 0.25 0.9375
vt 0.3125 0.9375
vt 0.3125 1
vt 0.25 0.9375
vt 0.3125 1
vt 0.25 1
vt 0.25 0.9375
vt 0.3125 0.9375
vt 0.3125 1
vt 0.25 0.9375
vt 0.3125 1
vt 0.25 1
vt 0.25 0.9375
vt 0.3125 0.9375
vt 0.3125 1
vt 0.25 0.9375
vt 0.3125 1
vt 0.25 1
vt 0.25 0.9375
vt 0.3125 0.9375
vt 0.3125 1
vt 0.25 0.9375
vt 0.3125 1
vt 0.25 1
vt 0.25 0.9375
vt 0.3125 0.9375
vt 0.3125 1
vt 0.25 0.9375
vt 0.3125 1
vt 0.25 1
vt 0.25 0.9375
vt 0.3125 0.9375
vt 0.3125 1
vt 0.25 0.9375
vt 0.3125 1
vt 0.25 1
vt 0.25 0.9375
vt 0.3125 0.9375
vt 0.3125 1
vt 0.4375 0.875
vt 0.5625 0.9375
vt 0.4375 0.9375
vt 0.4375 0.875
vt 0.5625 0.875
vt 0.5625 0.9375
vt 0.25 0.875
vt 0.4375 0.9375
vt 0.25 0.9375
vt 0.25 0.875
vt 0.4375 0.875
vt 0.4375 0.9375
vt 0.4375 0.875
vt 0.5 0.9375
vt 0.4375 0.9375
vt 0.4375 0.875
vt 0.5 0.875
vt 0.5 0.9375
vt 0.4375 0.875
vt 0.5625 0.9375
vt 0.4375 0.9375
vt 0.4375 0.875
vt 0.5625 0.875
vt 0.5625 0.9375
vt 0.4375 0.5
vt 0.5 0.5625
vt 0.4375 0.5625
vt 0.4375 0.5
vt 0.5 0.5
vt 0.5 0.5625
vt 0.4375 0.5
vt 0.5 0.5625
vt 0.4375 0.5625
vt 0.4375 0.5
vt 0.5 0.5
vt 0.5 0.5625
vt 0.4375 0.5625
vt 0.5 0.625
vt 0.4375 0.625
vt 0.4375 0.5625
vt 0.5 0.5625
vt 0.5 0.625
vt 0.4375 0.5625
vt 0.5 0.625
vt 0.4375 0.625
vt 0.4375 0.5625
vt 0.5 0.5625
vt 0.5 0.625
vt 0.125 0.375
vt 0.1875 0.4375
vt 0.125 0.4375
vt 0.125 0.375
vt 0.1875 0.375
vt 0.1875 0.4375
vt 0.0625 0.375
vt 0.125 0.4375
vt 0.0625 0.4375
vt 0.0625 0.375
vt 0.125 0.375
vt 0.125 0.4375
vt 0.4375 0.5
vt 0.5 0.5625
vt 0.4375 0.5625
vt 0.4375 0.5
vt 0.5 0.5
vt 0.5 0.5625
vt 0.4375 0.5
vt 0.5 0.5625
vt 0.4375 0.5625
vt 0.4375 0.5
vt 0.5 0.5
vt 0.5 0.5625
vt 0.4375 0.5625
vt 0.5 0.625
vt 0.4375 0.625
vt 0.4375 0.5625
vt 0.5 0.5625
vt 0.5 0.625
vt 0.4375 0.5625
vt 0.5 0.625
vt 0.4375 0.625
vt 0.4375 0.5625
vt 0.5 0.5625
vt 0.5 0.625
vt 0.125 0.375
vt 0.1875 0.4375
vt 0.125 0.4375
vt 0.125 0.375
vt 0.1875 0.375
vt 0.1875 0.4375
vt 0.0625 0.375
vt 0.125 0.4375
vt 0.0625 0.4375
vt 0.0625 0.375
vt 0.125 0.375
vt 0.125 0.4375
vt 0.4375 0.5
vt 0.5 0.5625
vt 0.4375 0.5625
vt 0.4375 0.5
vt 0.5 0.5
vt 0.5 0.5625
vt 0.4375 0.5
vt 0.5 0.5625
vt 0.4375 0.5625
vt 0.4375 0.5
vt 0.5 0.5
vt 0.5 0.5625
vt 0.4375 0.5625
vt 0.5 0.625
vt 0.4375 0.625
vt 0.4375 0.5625
vt 0.5 0.5625
vt 0.5 0.625
vt 0.4375 0.5625
vt 0.5 0.625
vt 0.4375 0.625
vt 0.4375 0.5625
vt 0.5 0.5625
vt 0.5 0.625
vt 0.125 0.375
vt 0.1875 0.4375
vt 0.125 0.4375
vt 0.125 0.375
vt 0.1875 0.375
vt 0.1875 0.4375
vt 0.0625 0.375
vt 0.125 0.4375
vt 0.0625 0.4375
vt 0.0625 0.375
vt 0.125 0.375
vt 0.125 0.4375
vt 0.75 0.1875
vt 0.8125 0.25
vt 0.75 0.25
vt 0.75 0.1875
vt 0.8125 0.1875
vt 0.8125 0.25
vt 0.6875 0.3125
vt 0.75 0.375
vt 0.6875 0.375
vt 0.6875 0.3125
vt 0.75 0.3125
vt 0.75 0.375
vt 0.875 0.9375
vt 0.9375 1
vt 0.875 1
vt 0.875 0.9375
vt 0.9375 0.9375
vt 0.9375 1
vt 0.75 0.9375
vt 0.875 1
vt 0.75 1
vt 0.75 0.9375
vt 0.875 0.9375
vt 0.875 1
vt 0.875 0.75
vt 0.9375 0.9375
vt 0.875 0.9375
vt 0.875 0.75
vt 0.9375 0.75
vt 0.9375 0.9375
vt 0.875 0.8125
vt 0.9375 0.9375
vt 0.875 0.9375
vt 0.875 0.8125
vt 0.9375 0.8125
vt 0.9375 0.9375
vt 0.9375 0.875
vt 1 0.9375
vt 0.9375 0.9375
vt 0.9375 0.875
vt 1 0.875
vt 1 0.9375
vt 0.9375 0.9375
vt 1 1
vt 0.9375 1
vt 0.9375 0.9375
vt 1 0.9375
vt 1 1
vt 0.375 0.75
vt 0.4375 0.8125
vt 0.375 0.8125
vt 0.375 0.75
vt 0.4375 0.75
vt 0.4375 0.8125
vt 0.75 0.6875
vt 0.8125 0.625
vt 0.8125 0.6875
vt 0.75 0.6875
vt 0.75 0.625
vt 0.8125 0.625
vt 0.75 0.6875
vt 0.8125 0.625
vt 0.8125 0.6875
vt 0.75 0.6875
vt 0.75 0.625
vt 0.8125 0.625
vt 0.6875 0.6875
vt 0.75 0.75
vt 0.6875 0.75
vt 0.6875 0.6875
vt 0.75 0.6875
vt 0.75 0.75
vt 0.9375 0.0625
vt 1 0.1875
vt 0.9375 0.1875
vt 0.9375 0.0625
vt 1 0.0625
vt 1 0.1875
vt 0.6875 0.1875
vt 0.75 0.3125
vt 0.6875 0.3125
vt 0.6875 0.1875
vt 0.75 0.1875
vt 0.75 0.3125
vt 0.9375 0.125
vt 1 0.25
vt 0.9375 0.25
vt 0.9375 0.125
vt 1 0.125
vt 1 0.25
vt 0.875 0
vt 0.9375 0.125
vt 0.875 0.125
vt 0.875 0
vt 0.9375 0
vt 0.9375 0.125
vt 0.25 0.5
vt 0.3125 0.5625
vt 0.25 0.5625
vt 0.25 0.5
vt 0.3125 0.5
vt 0.3125 0.5625
vt 0.25 0.5
vt 0.3125 0.5625
vt 0.25 0.5625
vt 0.25 0.5
vt 0.3125 0.5
vt 0.3125 0.5625
vt 0.25 0.5
vt 0.3125 0.5625
vt 0.25 0.5625
vt 0.25 0.5
vt 0.3125 0.5
vt 0.3125 0.5625
vt 0.25 0.5
vt 0.3125 0.5625
vt 0.25 0.5625
vt 0.25 0.5
vt 0.3125 0.5
vt 0.3125 0.5625
vt 0.25 0.5
vt 0.3125 0.5625
vt 0.25 0.5625
vt 0.25 0.5
vt 0.3125 0.5
vt 0.3125 0.5625
vt 0.25 0.5
vt 0.3125 0.5625
vt 0.25 0.5625
vt 0.25 0.5
vt 0.3125 0.5
vt 0.3125 0.5625
vt 0.25 0.5
vt 0.3125 0.5625
vt 0.25 0.5625
vt 0.25 0.5
vt 0.3125 0.5
vt 0.3125 0.5625
vt 0.25 0.5
vt 0.3125 0.5625
vt 0.25 0.5625
vt 0.25 0.5
vt 0.3125 0.5
vt 0.3125 0.5625
vt 0.25 0.5
vt 0.3125 0.5625
vt 0.25 0.5625
vt 0.25 0.5
vt 0.3125 0.5
vt 0.3125 0.5625
vt 0.25 0.5
vt 0.3125 0.5625
vt 0.25 0.5625
vt 0.25 0.5
vt 0.3125 0.5
vt 0.3125 0.5625
vt 0.25 0.5
vt 0.3125 0.5625
vt 0.25 0.5625
vt 0.25 0.5
vt 0.3125 0.5
vt 0.3125 0.5625
vt 0.25 0.5
vt 0.3125 0.5625
vt 0.25 0.5625
vt 0.25 0.5
vt 0.3125 0.5
vt 0.3125 0.5625
vt 0.25 0.5
vt 0.3125 0.5625
vt 0.25 0.5625
vt 0.25 0.5
vt 0.3125 0.5
vt 0.3125 0.5625
vt 0.25 0.5625
vt 0.3125 0.625
vt 0.25 0.625
vt 0.25 0.5625
vt 0.3125 0.5625
vt 0.3125 0.625
vt 0.25 0.625
vt 0.3125 0.6875
vt 0.25 0.6875
vt 0.25 0.625
vt 0.3125 0.625
vt 0.3125 0.6875
vt 0.4375 0.5625
vt 0.5 0.625
vt 0.4375 0.625
vt 0.4375 0.5625
vt 0.5 0.5625
vt 0.5 0.625
vt 0.25 0.5
vt 0.3125 0.5625
vt 0.25 0.5625
vt 0.25 0.5
vt 0.3125 0.5
vt 0.3125 0.5625
vt 0.25 0.9375
vt 0.3125 1
vt 0.25 1
vt 0.25 0.9375
vt 0.3125 0.9375
vt 0.3125 1
vt 0.25 0.9375
vt 0.3125 1
vt 0.25 1
vt 0.25 0.9375
vt 0.3125 0.9375
vt 0.3125 1
vt 0.375 0.8125
vt 0.4375 0.875
vt 0.375 0.875
vt 0.375 0.8125
vt 0.4375 0.8125
vt 0.4375 0.875
vt 0.375 0.8125
vt 0.4375 0.875
vt 0.375 0.875
vt 0.375 0.8125
vt 0.4375 0.8125
vt 0.4375 0.875
vt 0.375 0.8125
vt 0.4375 0.875
vt 0.375 0.875
vt 0.375 0.8125
vt 0.4375 0.8125
vt 0.4375 0.875
vt 0.375 0.8125
vt 0.4375 0.875
vt 0.375 0.875
vt 0.375 0.8125
vt 0.4375 0.8125
vt 0.4375 0.875
vt 0.375 0.8125
vt 0.4375 0.875
vt 0.375 0.875
vt 0.375 0.8125
vt 0.4375 0.8125
vt 0.4375 0.875
vt 0.375 0.8125
vt 0.4375 0.875
vt 0.375 0.875
vt 0.375 0.8125
vt 0.4375 0.8125
vt 0.4375 0.875
vt 0.375 0.8125
vt 0.4375 0.875
vt 0.375 0.875
vt 0.375 0.8125
vt 0.4375 0.8125
vt 0.4375 0.875
vt 0.375 0.8125
vt 0.4375 0.875
vt 0.375 0.875
vt 0.375 0.8125
vt 0.4375 0.8125
vt 0.4375 0.875
vt 0.25 0.75
vt 0.3125 0.8125
vt 0.25 0.8125
vt 0.25 0.75
vt 0.3125 0.75
vt 0.3125 0.8125
vt 0.25 0.75
vt 0.3125 0.8125
vt 0.25 0.8125
vt 0.25 0.75
vt 0.3125 0.75
vt 0.3125 0.8125
vt 0.25 0.75
vt 0.3125 0.8125
vt 0.25 0.8125
vt 0.25 0.75
vt 0.3125 0.75
vt 0.3125 0.8125
vt 0.3125 0.75
vt 0.375 0.8125
vt 0.3125 0.8125
vt 0.3125 0.75
vt 0.375 0.75
vt 0.375 0.8125
vt 0.3125 0.75
vt 0.375 0.8125
vt 0.3125 0.8125
vt 0.3125 0.75
vt 0.375 0.75
vt 0.375 0.8125
vt 0.25 0.9375
vt 0.3125 1
vt 0.25 1
vt 0.25 0.9375
vt 0.3125 0.9375
vt 0.3125 1
vt 0.25 0.9375
vt 0.3125 1
vt 0.25 1
vt 0.25 0.9375
vt 0.3125 0.9375
vt 0.3125 1
vt 0.25 0.9375
vt 0.3125 1
vt 0.25 1
vt 0.25 0.9375
vt 0.3125 0.9375
vt 0.3125 1
vt 0.375 0.8125
vt 0.4375 0.875
vt 0.375 0.875
vt 0.375 0.8125
vt 0.4375 0.8125
vt 0.4375 0.875
vt 0.375 0.8125
vt 0.4375 0.875
vt 0.375 0.875
vt 0.375 0.8125
vt 0.4375 0.8125
vt 0.4375 0.875
vt 0.375 0.8125
vt 0.4375 0.875
vt 0.375 0.875
vt 0.375 0.8125
vt 0.4375 0.8125
vt 0.4375 0.875
vt 0.375 0.8125
vt 0.4375 0.875
vt 0.375 0.875
vt 0.375 0.8125
vt 0.4375 0.8125
vt 0.4375 0.875
vt 0.375 0.8125
vt 0.4375 0.875
vt 0.375 0.875
vt 0.375 0.8125
vt 0.4375 0.8125
vt 0.4375 0.875
vt 0.375 0.8125
vt 0.4375 0.875
vt 0.375 0.875
vt 0.375 0.8125
vt 0.4375 0.8125
vt 0.4375 0.875
vt 0.375 0.8125
vt 0.4375 0.875
vt 0.375 0.875
vt 0.375 0.8125
vt 0.4375 0.8125
vt 0.4375 0.875
vt 0.25 0.8125
vt 0.3125 0.875
vt 0.25 0.875
vt 0.25 0.8125
vt 0.3125 0.8125
vt 0.3125 0.875
vt 0.25 0.8125
vt 0.3125 0.875
vt 0.25 0.875
vt 0.25 0.8125
vt 0.3125 0.8125
vt 0.3125 0.875
vt 0.25 0.8125
vt 0.3125 0.875
vt 0.25 0.875
vt 0.25 0.8125
vt 0.3125 0.8125
vt 0.3125 0.875
vt 0.25 0.75
vt 0.3125 0.8125
vt 0.25 0.8125
vt 0.25 0.75
vt 0.3125 0.75
vt 0.3125 0.8125
vt 0.375 0.6875
vt 0.4375 0.75
vt 0.375 0.75
vt 0.375 0.6875
vt 0.4375 0.6875
vt 0.4375 0.75
vt 0.375 0.6875
vt 0.4375 0.75
vt 0.375 0.75
vt 0.375 0.6875
vt 0.4375 0.6875
vt 0.4375 0.75
vt 0.3125 0.6875
vt 0.375 0.75
vt 0.3125 0.75
vt 0.3125 0.6875
vt 0.375 0.6875
vt 0.375 0.75
vt 0.3125 0.6875
vt 0.375 0.75
vt 0.3125 0.75
vt 0.3125 0.6875
vt 0.375 0.6875
vt 0.375 0.75
vt 0.125 0.6875
vt 0.0625 0.75
vt 0.0625 0.6875
vt 0.125 0.6875
vt 0.125 0.75
vt 0.0625 0.75
vt 0.4375 0.5625
vt 0.5 0.625
vt 0.4375 0.625
vt 0.4375 0.5625
vt 0.5 0.5625
vt 0.5 0.625
vt 0.25 0.5
vt 0.3125 0.5625
vt 0.25 0.5625
vt 0.25 0.5
vt 0.3125 0.5
vt 0.3125 0.5625
vt 0.25 0.5
vt 0.3125 0.5625
vt 0.25 0.5625
vt 0.25 0.5
vt 0.3125 0.5
vt 0.3125 0.5625
vt 0.25 0.5625
vt 0.3125 0.625
vt 0.25 0.625
vt 0.25 0.5625
vt 0.3125 0.5625
vt 0.3125 0.625
vt 0.4375 0.6875
vt 0.5625 0.75
vt 0.4375 0.75
vt 0.4375 0.6875
vt 0.5625 0.6875
vt 0.5625 0.75
vt 0.63671875 0.6875
vt 0.61328125 0.75
vt 0.61328125 0.6875
vt 0.63671875 0.6875
vt 0.63671875 0.75
vt 0.61328125 0.75
vt 0.61328125 0.6875
vt 0.58203125 0.75
vt 0.58203125 0.6875
vt 0.61328125 0.6875
vt 0.61328125 0.75
vt 0.58203125 0.75
vt 0.66796875 0.6875
vt 0.63671875 0.75
vt 0.63671875 0.6875
vt 0.66796875 0.6875
vt 0.66796875 0.75
vt 0.63671875 0.75
vt 0.58203125 0.6875
vt 0.5625 0.75
vt 0.5625 0.6875
vt 0.58203125 0.6875
vt 0.58203125 0.75
vt 0.5625 0.75
vt 0.6875 0.6875
vt 0.66796875 0.75
vt 0.66796875 0.6875
vt 0.6875 0.6875
vt 0.6875 0.75
vt 0.66796875 0.75
vt 0.4375 0.67578125
vt 0.45703125 0.6875
vt 0.4375 0.6875
vt 0.4375 0.67578125
vt 0.48828125 0.67578125
vt 0.45703125 0.6875
vt 0.51171875 0.67578125
vt 0.5625 0.6875
vt 0.54296875 0.6875
vt 0.51171875 0.67578125
vt 0.5625 0.67578125
vt 0.5625 0.6875
vt 0.4375 0.625
vt 0.5625 0.67578125
vt 0.4375 0.67578125
vt 0.4375 0.625
vt 0.5625 0.625
vt 0.5625 0.67578125
vt 0.4375 0.75
vt 0.5625 0.875
vt 0.4375 0.875
vt 0.4375 0.75
vt 0.5625 0.75
vt 0.5625 0.875
vt 0.6875 0.6875
vt 0.66796875 0.75
vt 0.66796875 0.6875
vt 0.6875 0.6875
vt 0.6875 0.75
vt 0.66796875 0.75
vt 0.4375 0.5625
vt 0.5 0.625
vt 0.4375 0.625
vt 0.4375 0.5625
vt 0.5 0.5625
vt 0.5 0.625
vt 0.25 0.5
vt 0.3125 0.5625
vt 0.25 0.5625
vt 0.25 0.5
vt 0.3125 0.5
vt 0.3125 0.5625
vt 0.4375 0.6875
vt 0.5625 0.75
vt 0.4375 0.75
vt 0.4375 0.6875
vt 0.5625 0.6875
vt 0.5625 0.75
vt 0.63671875 0.6875
vt 0.61328125 0.75
vt 0.61328125 0.6875
vt 0.63671875 0.6875
vt 0.63671875 0.75
vt 0.61328125 0.75
vt 0.61328125 0.6875
vt 0.58203125 0.75
vt 0.58203125 0.6875
vt 0.61328125 0.6875
vt 0.61328125 0.75
vt 0.58203125 0.75
vt 0.66796875 0.6875
vt 0.63671875 0.75
vt 0.63671875 0.6875
vt 0.66796875 0.6875
vt 0.66796875 0.75
vt 0.63671875 0.75
vt 0.58203125 0.6875
vt 0.5625 0.75
vt 0.5625 0.6875
vt 0.58203125 0.6875
vt 0.58203125 0.75
vt 0.5625 0.75
vt 0.4375 0.67578125
vt 0.45703125 0.6875
vt 0.4375 0.6875
vt 0.4375 0.67578125
vt 0.48828125 0.67578125
vt 0.45703125 0.6875
vt 0.51171875 0.67578125
vt 0.5625 0.6875
vt 0.54296875 0.6875
vt 0.51171875 0.67578125
vt 0.5625 0.67578125
vt 0.5625 0.6875
vt 0.4375 0.625
vt 0.5625 0.67578125
vt 0.4375 0.67578125
vt 0.4375 0.625
vt 0.5625 0.625
vt 0.5625 0.67578125
vt 0.4375 0.8125
vt 0.375 0.875
vt 0.4375 0.875
vt 0.4375 0.8125
vt 0.375 0.8125
vt 0.375 0.875
vt 0.4375 0.8125
vt 0.375 0.875
vt 0.4375 0.875
vt 0.4375 0.8125
vt 0.375 0.8125
vt 0.375 0.875
vt 0.4375 0.8125
vt 0.375 0.875
vt 0.4375 0.875
vt 0.4375 0.8125
vt 0.375 0.8125
vt 0.375 0.875
vt 0.6875 0.75
vt 0.5625 0.875
vt 0.6875 0.875
vt 0.6875 0.75
vt 0.5625 0.75
vt 0.5625 0.875
vt 0.4375 0.5
vt 0.5 0.5625
vt 0.4375 0.5625
vt 0.4375 0.5
vt 0.5 0.5
vt 0.5 0.5625
vt 0.4375 0.5
vt 0.5 0.5625
vt 0.4375 0.5625
vt 0.4375 0.5
vt 0.5 0.5
vt 0.5 0.5625
vt 0.4375 0.5625
vt 0.5 0.625
vt 0.4375 0.625
vt 0.4375 0.5625
vt 0.5 0.5625
vt 0.5 0.625
vt 0.4375 0.5625
vt 0.5 0.625
vt 0.4375 0.625
vt 0.4375 0.5625
vt 0.5 0.5625
vt 0.5 0.625
vt 0.125 0.375
vt 0.1875 0.4375
vt 0.125 0.4375
vt 0.125 0.375
vt 0.1875 0.375
vt 0.1875 0.4375
vt 0.0625 0.375
vt 0.125 0.4375
vt 0.0625 0.4375
vt 0.0625 0.375
vt 0.125 0.375
vt 0.125 0.4375
vt 0.4375 0.5
vt 0.5 0.5625
vt 0.4375 0.5625
vt 0.4375 0.5
vt 0.5 0.5
vt 0.5 0.5625
vt 0.4375 0.5
vt 0.5 0.5625
vt 0.4375 0.5625
vt 0.4375 0.5
vt 0.5 0.5
vt 0.5 0.5625
vt 0.4375 0.5625
vt 0.5 0.625
vt 0.4375 0.625
vt 0.4375 0.5625
vt 0.5 0.5625
vt 0.5 0.625
vt 0.4375 0.5625
vt 0.5 0.625
vt 0.4375 0.625
vt 0.4375 0.5625
vt 0.5 0.5625
vt 0.5 0.625
vt 0.125 0.375
vt 0.1875 0.4375
vt 0.125 0.4375
vt 0.125 0.375
vt 0.1875 0.375
vt 0.1875 0.4375
vt 0.0625 0.375
vt 0.125 0.4375
vt 0.0625 0.4375
vt 0.0625 0.375
vt 0.125 0.375
vt 0.125 0.4375
vt 0.4375 0.5
vt 0.5 0.5625
vt 0.4375 0.5625
vt 0.4375 0.5
vt 0.5 0.5
vt 0.5 0.5625
vt 0.4375 0.5
vt 0.5 0.5625
vt 0.4375 0.5625
vt 0.4375 0.5
vt 0.5 0.5
vt 0.5 0.5625
vt 0.4375 0.5625
vt 0.5 0.625
vt 0.4375 0.625
vt 0.4375 0.5625
vt 0.5 0.5625
vt 0.5 0.625
vt 0.4375 0.5625
vt 0.5 0.625
vt 0.4375 0.625
vt 0.4375 0.5625
vt 0.5 0.5625
vt 0.5 0.625
vt 0.125 0.375
vt 0.1875 0.4375
vt 0.125 0.4375
vt 0.125 0.375
vt 0.1875 0.375
vt 0.1875 0.4375
vt 0.0625 0.375
vt 0.125 0.4375
vt 0.0625 0.4375
vt 0.0625 0.375
vt 0.125 0.375
vt 0.125 0.4375
vt 0.4375 0.5
vt 0.5 0.5625
vt 0.4375 0.5625
vt 0.4375 0.5
vt 0.5 0.5
vt 0.5 0.5625
vt 0.4375 0.5
vt 0.5 0.5625
vt 0.4375 0.5625
vt 0.4375 0.5
vt 0.5 0.5
vt 0.5 0.5625
vt 0.4375 0.5625
vt 0.5 0.625
vt 0.4375 0.625
vt 0.4375 0.5625
vt 0.5 0.5625
vt 0.5 0.625
vt 0.4375 0.5625
vt 0.5 0.625
vt 0.4375 0.625
vt 0.4375 0.5625
vt 0.5 0.5625
vt 0.5 0.625
vt 0.125 0.375
vt 0.1875 0.4375
vt 0.125 0.4375
vt 0.125 0.375
vt 0.1875 0.375
vt 0.1875 0.4375
vt 0.0625 0.375
vt 0.125 0.4375
vt 0.0625 0.4375
vt 0.0625 0.375
vt 0.125 0.375
vt 0.125 0.4375
vt 0.4375 0.5
vt 0.5 0.5625
vt 0.4375 0.5625
vt 0.4375 0.5
vt 0.5 0.5
vt 0.5 0.5625
vt 0.4375 0.5
vt 0.5 0.5625
vt 0.4375 0.5625
vt 0.4375 0.5
vt 0.5 0.5
vt 0.5 0.5625
vt 0.4375 0.5625
vt 0.5 0.625
vt 0.4375 0.625
vt 0.4375 0.5625
vt 0.5 0.5625
vt 0.5 0.625
vt 0.4375 0.5625
vt 0.5 0.625
vt 0.4375 0.625
vt 0.4375 0.5625
vt 0.5 0.5625
vt 0.5 0.625
vt 0.125 0.375
vt 0.1875 0.4375
vt 0.125 0.4375
vt 0.125 0.375
vt 0.1875 0.375
vt 0.1875 0.4375
vt 0.0625 0.375
vt 0.125 0.4375
vt 0.0625 0.4375
vt 0.0625 0.375
vt 0.125 0.375
vt 0.125 0.4375
vt 0.4375 0.5
vt 0.5 0.5625
vt 0.4375 0.5625
vt 0.4375 0.5
vt 0.5 0.5
vt 0.5 0.5625
vt 0.4375 0.5
vt 0.5 0.5625
vt 0.4375 0.5625
vt 0.4375 0.5
vt 0.5 0.5
vt 0.5 0.5625
vt 0.4375 0.5625
vt 0.5 0.625
vt 0.4375 0.625
vt 0.4375 0.5625
vt 0.5 0.5625
vt 0.5 0.625
vt 0.4375 0.5625
vt 0.5 0.625
vt 0.4375 0.625
vt 0.4375 0.5625
vt 0.5 0.5625
vt 0.5 0.625
vt 0.125 0.375
vt 0.1875 0.4375
vt 0.125 0.4375
vt 0.125 0.375
vt 0.1875 0.375
vt 0.1875 0.4375
vt 0.0625 0.375
vt 0.125 0.4375
vt 0.0625 0.4375
vt 0.0625 0.375
vt 0.125 0.375
vt 0.125 0.4375
vt 0.125 0.5
vt 0.0625 0.5625
vt 0.0625 0.5
vt 0.125 0.5
vt 0.125 0.5625
vt 0.0625 0.5625
vt 0.125 0.5
vt 0.0625 0.5625
vt 0.0625 0.5
vt 0.125 0.5
vt 0.125 0.5625
vt 0.0625 0.5625
vt 0.125 0.5
vt 0.0625 0.5625
vt 0.0625 0.5
vt 0.125 0.5
vt 0.125 0.5625
vt 0.0625 0.5625
vt 0.125 0.5
vt 0.0625 0.5625
vt 0.0625 0.5
vt 0.125 0.5
vt 0.125 0.5625
vt 0.0625 0.5625
vt 0.125 0.5
vt 0.0625 0.5625
vt 0.0625 0.5
vt 0.125 0.5
vt 0.125 0.5625
vt 0.0625 0.5625
vt 0.125 0.5
vt 0.0625 0.5625
vt 0.0625 0.5
vt 0.125 0.5
vt 0.125 0.5625
vt 0.0625 0.5625
vt 0.125 0.4375
vt 0.0625 0.5
vt 0.0625 0.4375
vt 0.125 0.4375
vt 0.125 0.5
vt 0.0625 0.5
vt 0.125 0.4375
vt 0.0625 0.5
vt 0.0625 0.4375
vt 0.125 0.4375
vt 0.125 0.5
vt 0.0625 0.5
vt 0.125 0.4375
vt 0.0625 0.5
vt 0.0625 0.4375
vt 0.125 0.4375
vt 0.125 0.5
vt 0.0625 0.5
vt 0.125 0.4375
vt 0.0625 0.5
vt 0.0625 0.4375
vt 0.125 0.4375
vt 0.125 0.5
vt 0.0625 0.5
vt 0.125 0.4375
vt 0.0625 0.5
vt 0.0625 0.4375
vt 0.125 0.4375
vt 0.125 0.5
vt 0.0625 0.5
vt 0.125 0.4375
vt 0.0625 0.5
vt 0.0625 0.4375
vt 0.125 0.4375
vt 0.125 0.5
vt 0.0625 0.5
vt 0.125 0.4375
vt 0.0625 0.5
vt 0.0625 0.4375
vt 0.125 0.4375
vt 0.125 0.5
vt 0.0625 0.5
vt 0.125 0.4375
vt 0.0625 0.5
vt 0.0625 0.4375
vt 0.125 0.4375
vt 0.125 0.5
vt 0.0625 0.5
vt 0.125 0.4375
vt 0.0625 0.5
vt 0.0625 0.4375
vt 0.125 0.4375
vt 0.125 0.5
vt 0.0625 0.5
vt 0.125 0.4375
vt 0.0625 0.5
vt 0.0625 0.4375
vt 0.125 0.4375
vt 0.125 0.5
vt 0.0625 0.5
vt 0.125 0.4375
vt 0.0625 0.5
vt 0.0625 0.4375
vt 0.125 0.4375
vt 0.125 0.5
vt 0.0625 0.5
vt 0.125 0.4375
vt 0.0625 0.5
vt 0.0625 0.4375
vt 0.125 0.4375
vt 0.125 0.5
vt 0.0625 0.5
vt 0.125 0.4375
vt 0.0625 0.5
vt 0.0625 0.4375
vt 0.125 0.4375
vt 0.125 0.5
vt 0.0625 0.5
vt 0.125 0.4375
vt 0.0625 0.5
vt 0.0625 0.4375
vt 0.125 0.4375
vt 0.125 0.5
vt 0.0625 0.5
vt 0.0625 0.0625
vt 0.1875 0.125
vt 0.0625 0.125
vt 0.0625 0.0625
vt 0.1875 0.0625
vt 0.1875 0.125
vt 0.3125 0.25
vt 0.375 0.375
vt 0.3125 0.375
vt 0.3125 0.25
vt 0.375 0.25
vt 0.375 0.375
vt 0.1875 0.25
vt 0.25 0.375
vt 0.1875 0.375
vt 0.1875 0.25
vt 0.25 0.25
vt 0.25 0.375
vt 0.1875 0.625
vt 0.125 0.6875
vt 0.125 0.625
vt 0.1875 0.625
vt 0.1875 0.6875
vt 0.125 0.6875
vt 0.1875 0.625
vt 0.125 0.6875
vt 0.125 0.625
vt 0.1875 0.625
vt 0.1875 0.6875
vt 0.125 0.6875
vt 0.1875 0.625
vt 0.125 0.6875
vt 0.125 0.625
vt 0.1875 0.625
vt 0.1875 0.6875
vt 0.125 0.6875
vt 0.1875 0.625
vt 0.125 0.6875
vt 0.125 0.625
vt 0.1875 0.625
vt 0.1875 0.6875
vt 0.125 0.6875
vt 0.1875 0.625
vt 0.125 0.6875
vt 0.125 0.625
vt 0.1875 0.625
vt 0.1875 0.6875
vt 0.125 0.6875
vt 0.1875 0.625
vt 0.125 0.6875
vt 0.125 0.625
vt 0.1875 0.625
vt 0.1875 0.6875
vt 0.125 0.6875
vt 0.25 0.6875
vt 0.1875 0.75
vt 0.1875 0.6875
vt 0.25 0.6875
vt 0.25 0.75
vt 0.1875 0.75
vt 0.3125 0.4375
vt 0.25 0.5
vt 0.25 0.4375
vt 0.3125 0.4375
vt 0.3125 0.5
vt 0.25 0.5
vt 0.25 0.75
vt 0.3125 0.8125
vt 0.25 0.8125
vt 0.25 0.75
vt 0.3125 0.75
vt 0.3125 0.8125
vt 0.3125 0.4375
vt 0.25 0.5
vt 0.25 0.4375
vt 0.3125 0.4375
vt 0.3125 0.5
vt 0.25 0.5
vt 0.3125 0.5
vt 0.25 0.4375
vt 0.25 0.5
vt 0.3125 0.5
vt 0.3125 0.4375
vt 0.25 0.4375
vt 0.1875 0.75
vt 0.25 0.8125
vt 0.1875 0.8125
vt 0.1875 0.75
vt 0.25 0.75
vt 0.25 0.8125
vt 0.25 0.75
vt 0.1875 0.8125
vt 0.25 0.8125
vt 0.25 0.75
vt 0.1875 0.75
vt 0.1875 0.8125
vt 0.125 0.8125
vt 0.1875 0.875
vt 0.125 0.875
vt 0.125 0.8125
vt 0.1875 0.8125
vt 0.1875 0.875
vt 0.1875 0.8125
vt 0.125 0.875
vt 0.1875 0.875
vt 0.1875 0.8125
vt 0.125 0.8125
vt 0.125 0.875
vt 0.375 0.6875
vt 0.4375 0.75
vt 0.4375 0.6875
vt 0.375 0.6875
vt 0.375 0.75
vt 0.4375 0.75
vt 0.1875 0.375
vt 0.125 0.4375
vt 0.1875 0.4375
vt 0.1875 0.375
vt 0.125 0.375
vt 0.125 0.4375
vt 0.3125 0.625
vt 0.25 0.6875
vt 0.3125 0.6875
vt 0.3125 0.625
vt 0.25 0.625
vt 0.25 0.6875
vt 0.3125 0.625
vt 0.25 0.6875
vt 0.3125 0.6875
vt 0.3125 0.625
vt 0.25 0.625
vt 0.25 0.6875
vt 0.25 0.6875
vt 0.1875 0.75
vt 0.1875 0.6875
vt 0.25 0.6875
vt 0.25 0.75
vt 0.1875 0.75
vt 0.375 0.4375
vt 0.3125 0.5
vt 0.3125 0.4375
vt 0.375 0.4375
vt 0.375 0.5
vt 0.3125 0.5
vt 0.375 0.4375
vt 0.3125 0.5
vt 0.3125 0.4375
vt 0.375 0.4375
vt 0.375 0.5
vt 0.3125 0.5
vt 0.4375 0.5625
vt 0.5 0.625
vt 0.4375 0.625
vt 0.4375 0.5625
vt 0.5 0.5625
vt 0.5 0.625
vt 0.25 0.5
vt 0.3125 0.5625
vt 0.25 0.5625
vt 0.25 0.5
vt 0.3125 0.5
vt 0.3125 0.5625
vt 0.4375 0.6875
vt 0.5625 0.75
vt 0.4375 0.75
vt 0.4375 0.6875
vt 0.5625 0.6875
vt 0.5625 0.75
vt 0.63671875 0.6875
vt 0.61328125 0.75
vt 0.61328125 0.6875
vt 0.63671875 0.6875
vt 0.63671875 0.75
vt 0.61328125 0.75
vt 0.61328125 0.6875
vt 0.58203125 0.75
vt 0.58203125 0.6875
vt 0.61328125 0.6875
vt 0.61328125 0.75
vt 0.58203125 0.75
vt 0.66796875 0.6875
vt 0.63671875 0.75
vt 0.63671875 0.6875
vt 0.66796875 0.6875
vt 0.66796875 0.75
vt 0.63671875 0.75
vt 0.58203125 0.6875
vt 0.5625 0.75
vt 0.5625 0.6875
vt 0.58203125 0.6875
vt 0.58203125 0.75
vt 0.5625 0.75
vt 0.6875 0.6875
vt 0.66796875 0.75
vt 0.66796875 0.6875
vt 0.6875 0.6875
vt 0.6875 0.75
vt 0.66796875 0.75
vt 0.4375 0.67578125
vt 0.45703125 0.6875
vt 0.4375 0.6875
vt 0.4375 0.67578125
vt 0.48828125 0.67578125
vt 0.45703125 0.6875
vt 0.51171875 0.67578125
vt 0.5625 0.6875
vt 0.54296875 0.6875
vt 0.51171875 0.67578125
vt 0.5625 0.67578125
vt 0.5625 0.6875
vt 0.4375 0.625
vt 0.5625 0.67578125
vt 0.4375 0.67578125
vt 0.4375 0.625
vt 0.5625 0.625
vt 0.5625 0.67578125
vt 0.4375 0.8125
vt 0.375 0.875
vt 0.4375 0.875
vt 0.4375 0.8125
vt 0.375 0.8125
vt 0.375 0.875
vt 0.4375 0.8125
vt 0.375 0.875
vt 0.4375 0.875
vt 0.4375 0.8125
vt 0.375 0.8125
vt 0.375 0.875
vt 0.6875 0.75
vt 0.5625 0.875
vt 0.6875 0.875
vt 0.6875 0.75
vt 0.5625 0.75
vt 0.5625 0.875
vt 0.25 0.75
vt 0.1875 0.8125
vt 0.25 0.8125
vt 0.25 0.75
vt 0.1875 0.75
vt 0.1875 0.8125
vt 0.1875 0.8125
vt 0.125 0.875
vt 0.1875 0.875
vt 0.1875 0.8125
vt 0.125 0.8125
vt 0.125 0.875
vt 0.1875 0.8125
vt 0.125 0.875
vt 0.1875 0.875
vt 0.1875 0.8125
vt 0.125 0.8125
vt 0.125 0.875
vt 0.125 0.8125
vt 0.1875 0.875
vt 0.125 0.875
vt 0.125 0.8125
vt 0.1875 0.8125
vt 0.1875 0.875
vt 0.125 0.8125
vt 0.1875 0.875
vt 0.125 0.875
vt 0.125 0.8125
vt 0.1875 0.8125
vt 0.1875 0.875
vt 0.125 0.8125
vt 0.1875 0.875
vt 0.125 0.875
vt 0.125 0.8125
vt 0.1875 0.8125
vt 0.1875 0.875
vt 0.1875 0.75
vt 0.25 0.8125
vt 0.1875 0.8125
vt 0.1875 0.75
vt 0.25 0.75
vt 0.25 0.8125
vt 0.375 0.75
vt 0.4375 0.8125
vt 0.375 0.8125
vt 0.375 0.75
vt 0.4375 0.75
vt 0.4375 0.8125
vt 0.375 0.75
vt 0.4375 0.8125
vt 0.375 0.8125
vt 0.375 0.75
vt 0.4375 0.75
vt 0.4375 0.8125
vt 0.1875 0.8125
vt 0.125 0.875
vt 0.1875 0.875
vt 0.1875 0.8125
vt 0.125 0.8125
vt 0.125 0.875
vt 0.1875 0.8125
vt 0.125 0.875
vt 0.1875 0.875
vt 0.1875 0.8125
vt 0.125 0.8125
vt 0.125 0.875
vt 0.125 0.8125
vt 0.1875 0.875
vt 0.125 0.875
vt 0.125 0.8125
vt 0.1875 0.8125
vt 0.1875 0.875
vt 0.125 0.8125
vt 0.25 0.875
vt 0.125 0.875
vt 0.125 0.8125
vt 0.25 0.8125
vt 0.25 0.875
vt 0.875 0.875
vt 0.9375 0.9375
vt 0.875 0.9375
vt 0.875 0.875
vt 0.9375 0.875
vt 0.9375 0.9375
vt 0.875 0.8125
vt 0.9375 0.9375
vt 0.875 0.9375
vt 0.875 0.8125
vt 0.9375 0.8125
vt 0.9375 0.9375
vt 0.6875 0.9375
vt 0.9375 1
vt 0.6875 1
vt 0.6875 0.9375
vt 0.9375 0.9375
vt 0.9375 1
vt 0.5 0.9375
vt 0.6875 1
vt 0.5 1
vt 0.5 0.9375
vt 0.6875 0.9375
vt 0.6875 1
vt 0.9375 0.4375
vt 0.875 0.5
vt 0.875 0.4375
vt 0.9375 0.4375
vt 0.9375 0.5
vt 0.875 0.5
vt 0.75 0.4375
vt 0.6875 0.5
vt 0.6875 0.4375
vt 0.75 0.4375
vt 0.75 0.5
vt 0.6875 0.5
vt 1 0.4375
vt 0.75 0.5
vt 1 0.5
vt 1 0.4375
vt 0.75 0.4375
vt 0.75 0.5
vt 0.1875 0.4375
vt 0.125 0.5
vt 0.125 0.4375
vt 0.1875 0.4375
vt 0.1875 0.5
vt 0.125 0.5
vt 0.4375 0.5625
vt 0.5 0.625
vt 0.4375 0.625
vt 0.4375 0.5625
vt 0.5 0.5625
vt 0.5 0.625
vt 0.25 0.5625
vt 0.3125 0.625
vt 0.25 0.625
vt 0.25 0.5625
vt 0.3125 0.5625
vt 0.3125 0.625
vt 0.4375 0.5
vt 0.5 0.5625
vt 0.4375 0.5625
vt 0.4375 0.5
vt 0.5 0.5
vt 0.5 0.5625
vt 0.25 0.5
vt 0.3125 0.5625
vt 0.25 0.5625
vt 0.25 0.5
vt 0.3125 0.5
vt 0.3125 0.5625
vt 0.875 0
vt 0.9375 0.0625
vt 0.875 0.0625
vt 0.875 0
vt 0.9375 0
vt 0.9375 0.0625
vt 0.3125 0.75
vt 0.375 0.8125
vt 0.3125 0.8125
vt 0.3125 0.75
vt 0.375 0.75
vt 0.375 0.8125
vt 0.25 0.75
vt 0.3125 0.8125
vt 0.25 0.8125
vt 0.25 0.75
vt 0.3125 0.75
vt 0.3125 0.8125
vt 0.1875 0.8125
vt 0.125 0.875
vt 0.1875 0.875
vt 0.1875 0.8125
vt 0.125 0.8125
vt 0.125 0.875
vt 0.25 0.75
vt 0.1875 0.8125
vt 0.25 0.8125
vt 0.25 0.75
vt 0.1875 0.75
vt 0.1875 0.8125
vt 0.25 0.625
vt 0.1875 0.6875
vt 0.1875 0.625
vt 0.25 0.625
vt 0.25 0.6875
vt 0.1875 0.6875
vt 0.1875 0.6875
vt 0.125 0.75
vt 0.125 0.6875
vt 0.1875 0.6875
vt 0.1875 0.75
vt 0.125 0.75
vt 0.1875 0.6875
vt 0.125 0.75
vt 0.125 0.6875
vt 0.1875 0.6875
vt 0.1875 0.75
vt 0.125 0.75
vt 0.1875 0.6875
vt 0.125 0.75
vt 0.125 0.6875
vt 0.1875 0.6875
vt 0.1875 0.75
vt 0.125 0.75
vt 0.1875 0.6875
vt 0.125 0.75
vt 0.125 0.6875
vt 0.1875 0.6875
vt 0.1875 0.75
vt 0.125 0.75
vt 0.1875 0.6875
vt 0.125 0.75
vt 0.125 0.6875
vt 0.1875 0.6875
vt 0.1875 0.75
vt 0.125 0.75
vt 0.1875 0.6875
vt 0.125 0.75
vt 0.125 0.6875
vt 0.1875 0.6875
vt 0.1875 0.75
vt 0.125 0.75
vt 0.1875 0.6875
vt 0.125 0.75
vt 0.125 0.6875
vt 0.1875 0.6875
vt 0.1875 0.75
vt 0.125 0.75
vt 0.3125 0.4375
vt 0.25 0.5
vt 0.25 0.4375
vt 0.3125 0.4375
vt 0.3125 0.5
vt 0.25 0.5
vt 0.3125 0.4375
vt 0.25 0.5
vt 0.25 0.4375
vt 0.3125 0.4375
vt 0.3125 0.5
vt 0.25 0.5
vt 0.3125 0.4375
vt 0.25 0.5
vt 0.25 0.4375
vt 0.3125 0.4375
vt 0.3125 0.5
vt 0.25 0.5
vt 0.375 0.4375
vt 0.3125 0.5
vt 0.3125 0.4375
vt 0.375 0.4375
vt 0.375 0.5
vt 0.3125 0.5
vt 0.375 0.4375
vt 0.3125 0.5
vt 0.3125 0.4375
vt 0.375 0.4375
vt 0.375 0.5
vt 0.3125 0.5
vt 0.375 0.4375
vt 0.3125 0.5
vt 0.3125 0.4375
vt 0.375 0.4375
vt 0.375 0.5
vt 0.3125 0.5
vt 0.25 0.6875
vt 0.1875 0.75
vt 0.1875 0.6875
vt 0.25 0.6875
vt 0.25 0.75
vt 0.1875 0.75
vt 0.25 0.6875
vt 0.1875 0.75
vt 0.1875 0.6875
vt 0.25 0.6875
vt 0.25 0.75
vt 0.1875 0.75
vt 0.25 0.6875
vt 0.1875 0.75
vt 0.1875 0.6875
vt 0.25 0.6875
vt 0.25 0.75
vt 0.1875 0.75
vt 0.25 0.6875
vt 0.1875 0.75
vt 0.1875 0.6875
vt 0.25 0.6875
vt 0.25 0.75
vt 0.1875 0.75
vt 0.25 0.6875
vt 0.1875 0.75
vt 0.1875 0.6875
vt 0.25 0.6875
vt 0.25 0.75
vt 0.1875 0.75
vt 0.25 0.6875
vt 0.1875 0.75
vt 0.1875 0.6875
vt 0.25 0.6875
vt 0.25 0.75
vt 0.1875 0.75
vt 0.25 0.6875
vt 0.1875 0.75
vt 0.1875 0.6875
vt 0.25 0.6875
vt 0.25 0.75
vt 0.1875 0.75
vt 0.25 0.6875
vt 0.1875 0.75
vt 0.1875 0.6875
vt 0.25 0.6875
vt 0.25 0.75
vt 0.1875 0.75
vt 0.25 0.6875
vt 0.1875 0.75
vt 0.1875 0.6875
vt 0.25 0.6875
vt 0.25 0.75
vt 0.1875 0.75
vt 0.25 0.6875
vt 0.1875 0.75
vt 0.1875 0.6875
vt 0.25 0.6875
vt 0.25 0.75
vt 0.1875 0.75
vt 0.375 0.4375
vt 0.3125 0.5
vt 0.3125 0.4375
vt 0.375 0.4375
vt 0.375 0.5
vt 0.3125 0.5
vt 0.375 0.4375
vt 0.3125 0.5
vt 0.3125 0.4375
vt 0.375 0.4375
vt 0.375 0.5
vt 0.3125 0.5
vt 0.375 0.4375
vt 0.3125 0.5
vt 0.3125 0.4375
vt 0.375 0.4375
vt 0.375 0.5
vt 0.3125 0.5
vt 0.375 0.4375
vt 0.3125 0.5
vt 0.3125 0.4375
vt 0.375 0.4375
vt 0.375 0.5
vt 0.3125 0.5
vt 0.375 0.4375
vt 0.3125 0.5
vt 0.3125 0.4375
vt 0.375 0.4375
vt 0.375 0.5
vt 0.3125 0.5
vt 0.25 0.5625
vt 0.3125 0.625
vt 0.25 0.625
vt 0.25 0.5625
vt 0.3125 0.5625
vt 0.3125 0.625
vt 0.4375 0.5625
vt 0.5 0.625
vt 0.4375 0.625
vt 0.4375 0.5625
vt 0.5 0.5625
vt 0.5 0.625
vt 0.4375 0.5625
vt 0.5 0.625
vt 0.4375 0.625
vt 0.4375 0.5625
vt 0.5 0.5625
vt 0.5 0.625
vt 0.4375 0.5
vt 0.5 0.5625
vt 0.4375 0.5625
vt 0.4375 0.5
vt 0.5 0.5
vt 0.5 0.5625
vt 0.25 0.5
vt 0.3125 0.5625
vt 0.25 0.5625
vt 0.25 0.5
vt 0.3125 0.5
vt 0.3125 0.5625
vt 0.25 0.5
vt 0.3125 0.5625
vt 0.25 0.5625
vt 0.25 0.5
vt 0.3125 0.5
vt 0.3125 0.5625
vt 0.25 0.5
vt 0.3125 0.5625
vt 0.25 0.5625
vt 0.25 0.5
vt 0.3125 0.5
vt 0.3125 0.5625
vt 0.25 0.5
vt 0.3125 0.5625
vt 0.25 0.5625
vt 0.25 0.5
vt 0.3125 0.5
vt 0.3125 0.5625
vt 0.25 0.5
vt 0.3125 0.5625
vt 0.25 0.5625
vt 0.25 0.5
vt 0.3125 0.5
vt 0.3125 0.5625
vt 0.25 0.5625
vt 0.3125 0.625
vt 0.25 0.625
vt 0.25 0.5625
vt 0.3125 0.5625
vt 0.3125 0.625
vt 0.25 0.5625
vt 0.3125 0.625
vt 0.25 0.625
vt 0.25 0.5625
vt 0.3125 0.5625
vt 0.3125 0.625
vt 0.25 0.5625
vt 0.3125 0.625
vt 0.25 0.625
vt 0.25 0.5625
vt 0.3125 0.5625
vt 0.3125 0.625
vt 0.25 0.5625
vt 0.3125 0.625
vt 0.25 0.625
vt 0.25 0.5625
vt 0.3125 0.5625
vt 0.3125 0.625
vt 0.25 0.5625
vt 0.3125 0.625
vt 0.25 0.625
vt 0.25 0.5625
vt 0.3125 0.5625
vt 0.3125 0.625
vt 0.25 0.5
vt 0.3125 0.5625
vt 0.25 0.5625
vt 0.25 0.5
vt 0.3125 0.5
vt 0.3125 0.5625
vt 0.25 0.5
vt 0.3125 0.5625
vt 0.25 0.5625
vt 0.25 0.5
vt 0.3125 0.5
vt 0.3125 0.5625
vt 0.4375 0.5625
vt 0.5 0.625
vt 0.4375 0.625
vt 0.4375 0.5625
vt 0.5 0.5625
vt 0.5 0.625
vt 0.4375 0.5
vt 0.5 0.5625
vt 0.4375 0.5625
vt 0.4375 0.5
vt 0.5 0.5
vt 0.5 0.5625
vt 0.375 0.9375
vt 0.4375 1
vt 0.375 1
vt 0.375 0.9375
vt 0.4375 0.9375
vt 0.4375 1
vt 0.3125 0.9375
vt 0.375 1
vt 0.3125 1
vt 0.3125 0.9375
vt 0.375 0.9375
vt 0.375 1
vt 0.3125 0.9375
vt 0.375 1
vt 0.3125 1
vt 0.3125 0.9375
vt 0.375 0.9375
vt 0.375 1
vt 0.25 0.9375
vt 0.3125 1
vt 0.25 1
vt 0.25 0.9375
vt 0.3125 0.9375
vt 0.3125 1
vt 0.25 0.9375
vt 0.3125 1
vt 0.25 1
vt 0.25 0.9375
vt 0.3125 0.9375
vt 0.3125 1
vt 0.25 0.9375
vt 0.3125 1
vt 0.25 1
vt 0.25 0.9375
vt 0.3125 0.9375
vt 0.3125 1
vt 0.25 0.9375
vt 0.3125 1
vt 0.25 1
vt 0.25 0.9375
vt 0.3125 0.9375
vt 0.3125 1
vt 0.25 0.9375
vt 0.3125 1
vt 0.25 1
vt 0.25 0.9375
vt 0.3125 0.9375
vt 0.3125 1
vt 0.375 0.875
vt 0.5 0.9375
vt 0.375 0.9375
vt 0.375 0.875
vt 0.5 0.875
vt 0.5 0.9375
vt 0.3125 0.8125
vt 0.375 0.875
vt 0.3125 0.875
vt 0.3125 0.8125
vt 0.375 0.8125
vt 0.375 0.875
vt 0.25 0.8125
vt 0.3125 0.875
vt 0.25 0.875
vt 0.25 0.8125
vt 0.3125 0.8125
vt 0.3125 0.875
vt 0.25 0.875
vt 0.5625 0.9375
vt 0.25 0.9375
vt 0.25 0.875
vt 0.5625 0.875
vt 0.5625 0.9375
vt 0.4375 0.6875
vt 0.5625 0.75
vt 0.4375 0.75
vt 0.4375 0.6875
vt 0.5625 0.6875
vt 0.5625 0.75
vt 0.63671875 0.6875
vt 0.61328125 0.75
vt 0.61328125 0.6875
vt 0.63671875 0.6875
vt 0.63671875 0.75
vt 0.61328125 0.75
vt 0.61328125 0.6875
vt 0.58203125 0.75
vt 0.58203125 0.6875
vt 0.61328125 0.6875
vt 0.61328125 0.75
vt 0.58203125 0.75
vt 0.66796875 0.6875
vt 0.63671875 0.75
vt 0.63671875 0.6875
vt 0.66796875 0.6875
vt 0.66796875 0.75
vt 0.63671875 0.75
vt 0.58203125 0.6875
vt 0.5625 0.75
vt 0.5625 0.6875
vt 0.58203125 0.6875
vt 0.58203125 0.75
vt 0.5625 0.75
vt 0.6875 0.6875
vt 0.66796875 0.75
vt 0.66796875 0.6875
vt 0.6875 0.6875
vt 0.6875 0.75
vt 0.66796875 0.75
vt 0.4375 0.67578125
vt 0.45703125 0.6875
vt 0.4375 0.6875
vt 0.4375 0.67578125
vt 0.48828125 0.67578125
vt 0.45703125 0.6875
vt 0.51171875 0.67578125
vt 0.5625 0.6875
vt 0.54296875 0.6875
vt 0.51171875 0.67578125
vt 0.5625 0.67578125
vt 0.5625 0.6875
vt 0.4375 0.625
vt 0.5625 0.67578125
vt 0.4375 0.67578125
vt 0.4375 0.625
vt 0.5625 0.625
vt 0.5625 0.67578125
vt 0.125 0.8125
vt 0.1875 0.875
vt 0.125 0.875
vt 0.125 0.8125
vt 0.1875 0.8125
vt 0.1875 0.875
vt 0.375 0.8125
vt 0.4375 0.875
vt 0.375 0.875
vt 0.375 0.8125
vt 0.4375 0.8125
vt 0.4375 0.875
vt 0.375 0.8125
vt 0.4375 0.875
vt 0.375 0.875
vt 0.375 0.8125
vt 0.4375 0.8125
vt 0.4375 0.875
vt 0.375 0.8125
vt 0.4375 0.875
vt 0.375 0.875
vt 0.375 0.8125
vt 0.4375 0.8125
vt 0.4375 0.875
vt 0.375 0.8125
vt 0.4375 0.875
vt 0.375 0.875
vt 0.375 0.8125
vt 0.4375 0.8125
vt 0.4375 0.875
vt 0.4375 0.75
vt 0.5625 0.875
vt 0.4375 0.875
vt 0.4375 0.75
vt 0.5625 0.75
vt 0.5625 0.875
vt 0.375 0.75
vt 0.4375 0.8125
vt 0.375 0.8125
vt 0.375 0.75
vt 0.4375 0.75
vt 0.4375 0.8125
vt 0.375 0.75
vt 0.4375 0.8125
vt 0.375 0.8125
vt 0.375 0.75
vt 0.4375 0.75
vt 0.4375 0.8125
vt 0.375 0.75
vt 0.4375 0.8125
vt 0.375 0.8125
vt 0.375 0.75
vt 0.4375 0.75
vt 0.4375 0.8125
vt 0.25 0.75
vt 0.3125 0.8125
vt 0.25 0.8125
vt 0.25 0.75
vt 0.3125 0.75
vt 0.3125 0.8125
vt 0.25 0.75
vt 0.3125 0.8125
vt 0.25 0.8125
vt 0.25 0.75
vt 0.3125 0.75
vt 0.3125 0.8125
vt 0.25 0.75
vt 0.3125 0.8125
vt 0.25 0.8125
vt 0.25 0.75
vt 0.3125 0.75
vt 0.3125 0.8125
vt 0.375 0.375
vt 0.3125 0.4375
vt 0.3125 0.375
vt 0.375 0.375
vt 0.375 0.4375
vt 0.3125 0.4375
vt 0.3125 0.4375
vt 0.375 0.5
vt 0.375 0.4375
vt 0.3125 0.4375
vt 0.3125 0.5
vt 0.375 0.5
vt 0.1875 0.75
vt 0.25 0.8125
vt 0.1875 0.8125
vt 0.1875 0.75
vt 0.25 0.75
vt 0.25 0.8125
vt 0.25 0.6875
vt 0.1875 0.75
vt 0.1875 0.6875
vt 0.25 0.6875
vt 0.25 0.75
vt 0.1875 0.75
vt 0.125 0.4375
vt 0.0625 0.5
vt 0.0625 0.4375
vt 0.125 0.4375
vt 0.125 0.5
vt 0.0625 0.5
vt 0.4375 0.6875
vt 0.375 0.75
vt 0.375 0.6875
vt 0.4375 0.6875
vt 0.4375 0.75
vt 0.375 0.75
vt 0.375 0.6875
vt 0.3125 0.75
vt 0.3125 0.6875
vt 0.375 0.6875
vt 0.375 0.75
vt 0.3125 0.75
vt 0.375 0.6875
vt 0.3125 0.75
vt 0.3125 0.6875
vt 0.375 0.6875
vt 0.375 0.75
vt 0.3125 0.75
vt 0.3125 0.6875
vt 0.25 0.75
vt 0.25 0.6875
vt 0.3125 0.6875
vt 0.3125 0.75
vt 0.25 0.75
vt 0.0625 0.375
vt 0.125 0.4375
vt 0.0625 0.4375
vt 0.0625 0.375
vt 0.125 0.375
vt 0.125 0.4375
vt 0.0625 0.375
vt 0.125 0.4375
vt 0.0625 0.4375
vt 0.0625 0.375
vt 0.125 0.375
vt 0.125 0.4375
vt 0.0625 0.375
vt 0.125 0.4375
vt 0.0625 0.4375
vt 0.0625 0.375
vt 0.125 0.375
vt 0.125 0.4375
vt 0.0625 0.375
vt 0.125 0.4375
vt 0.0625 0.4375
vt 0.0625 0.375
vt 0.125 0.375
vt 0.125 0.4375
vt 0.0625 0.375
vt 0.125 0.4375
vt 0.0625 0.4375
vt 0.0625 0.375
vt 0.125 0.375
vt 0.125 0.4375
vt 0.4375 0.5625
vt 0.5 0.625
vt 0.4375 0.625
vt 0.4375 0.5625
vt 0.5 0.5625
vt 0.5 0.625
vt 0.4375 0.5
vt 0.5 0.5625
vt 0.4375 0.5625
vt 0.4375 0.5
vt 0.5 0.5
vt 0.5 0.5625
vt 0.25 0.5625
vt 0.3125 0.625
vt 0.25 0.625
vt 0.25 0.5625
vt 0.3125 0.5625
vt 0.3125 0.625
vt 0.25 0.5
vt 0.3125 0.5625
vt 0.25 0.5625
vt 0.25 0.5
vt 0.3125 0.5
vt 0.3125 0.5625
vt 0.3125 0.5625
vt 0.375 0.625
vt 0.3125 0.625
vt 0.3125 0.5625
vt 0.375 0.5625
vt 0.375 0.625
vt 0.3125 0.5
vt 0.375 0.5625
vt 0.3125 0.5625
vt 0.3125 0.5
vt 0.375 0.5
vt 0.375 0.5625
vt 0.375 0.5
vt 0.4375 0.5625
vt 0.375 0.5625
vt 0.375 0.5
vt 0.4375 0.5
vt 0.4375 0.5625
vt 0.375 0.5625
vt 0.4375 0.625
vt 0.375 0.625
vt 0.375 0.5625
vt 0.4375 0.5625
vt 0.4375 0.625
vt 0.375 0.625
vt 0.4375 0.6875
vt 0.375 0.6875
vt 0.375 0.625
vt 0.4375 0.625
vt 0.4375 0.6875
vt 0.3125 0.625
vt 0.375 0.6875
vt 0.3125 0.6875
vt 0.3125 0.625
vt 0.375 0.625
vt 0.375 0.6875
vt 0 0.375
vt 0.0625 0.4375
vt 0 0.4375
vt 0 0.375
vt 0.0625 0.375
vt 0.0625 0.4375
vt 0 0.375
vt 0.0625 0.4375
vt 0 0.4375
vt 0 0.375
vt 0.0625 0.375
vt 0.0625 0.4375
vt 0.0625 0.375
vt 0.125 0.4375
vt 0.0625 0.4375
vt 0.0625 0.375
vt 0.125 0.375
vt 0.125 0.4375
vt 0.125 0.375
vt 0.1875 0.4375
vt 0.125 0.4375
vt 0.125 0.375
vt 0.1875 0.375
vt 0.1875 0.4375
vt 0.1875 0.625
vt 0.125 0.6875
vt 0.125 0.625
vt 0.1875 0.625
vt 0.1875 0.6875
vt 0.125 0.6875
vt 0.1875 0.625
vt 0.125 0.6875
vt 0.125 0.625
vt 0.1875 0.625
vt 0.1875 0.6875
vt 0.125 0.6875
vt 0.1875 0.625
vt 0.125 0.6875
vt 0.125 0.625
vt 0.1875 0.625
vt 0.1875 0.6875
vt 0.125 0.6875
vt 0.1875 0.625
vt 0.125 0.6875
vt 0.125 0.625
vt 0.1875 0.625
vt 0.1875 0.6875
vt 0.125 0.6875
vt 0.125 0.4375
vt 0.0625 0.5
vt 0.0625 0.4375
vt 0.125 0.4375
vt 0.125 0.5
vt 0.0625 0.5
vt 0.125 0.4375
vt 0.0625 0.5
vt 0.0625 0.4375
vt 0.125 0.4375
vt 0.125 0.5
vt 0.0625 0.5
vt 0.125 0.4375
vt 0.0625 0.5
vt 0.0625 0.4375
vt 0.125 0.4375
vt 0.125 0.5
vt 0.0625 0.5
vt 0.1875 0.5
vt 0.125 0.5625
vt 0.125 0.5
vt 0.1875 0.5
vt 0.1875 0.5625
vt 0.125 0.5625
vt 0.34375 0.25
vt 0.375 0.375
vt 0.34375 0.375
vt 0.34375 0.25
vt 0.375 0.25
vt 0.375 0.375
vt 0.1875 0.25
vt 0.21875 0.375
vt 0.1875 0.375
vt 0.1875 0.25
vt 0.21875 0.25
vt 0.21875 0.375
vt 0.34375 0.25
vt 0.375 0.375
vt 0.34375 0.375
vt 0.34375 0.25
vt 0.375 0.25
vt 0.375 0.375
vt 0.1875 0.25
vt 0.21875 0.375
vt 0.1875 0.375
vt 0.1875 0.25
vt 0.21875 0.25
vt 0.21875 0.375
vt 0.34375 0.25
vt 0.375 0.375
vt 0.34375 0.375
vt 0.34375 0.25
vt 0.375 0.25
vt 0.375 0.375
vt 0.1875 0.25
vt 0.21875 0.375
vt 0.1875 0.375
vt 0.1875 0.25
vt 0.21875 0.25
vt 0.21875 0.375
vt 0.34375 0.25
vt 0.375 0.375
vt 0.34375 0.375
vt 0.34375 0.25
vt 0.375 0.25
vt 0.375 0.375
vt 0.1875 0.25
vt 0.21875 0.375
vt 0.1875 0.375
vt 0.1875 0.25
vt 0.21875 0.25
vt 0.21875 0.375
vt 0.34375 0.25
vt 0.375 0.375
vt 0.34375 0.375
vt 0.34375 0.25
vt 0.375 0.25
vt 0.375 0.375
vt 0.1875 0.25
vt 0.21875 0.375
vt 0.1875 0.375
vt 0.1875 0.25
vt 0.21875 0.25
vt 0.21875 0.375
vt 0.34375 0.25
vt 0.375 0.375
vt 0.34375 0.375
vt 0.34375 0.25
vt 0.375 0.25
vt 0.375 0.375
vt 0.1875 0.25
vt 0.21875 0.375
vt 0.1875 0.375
vt 0.1875 0.25
vt 0.21875 0.25
vt 0.21875 0.375
vt 0.34375 0.25
vt 0.375 0.375
vt 0.34375 0.375
vt 0.34375 0.25
vt 0.375 0.25
vt 0.375 0.375
vt 0.1875 0.25
vt 0.21875 0.375
vt 0.1875 0.375
vt 0.1875 0.25
vt 0.21875 0.25
vt 0.21875 0.375
vt 0.34375 0.25
vt 0.375 0.375
vt 0.34375 0.375
vt 0.34375 0.25
vt 0.375 0.25
vt 0.375 0.375
vt 0.1875 0.25
vt 0.21875 0.375
vt 0.1875 0.375
vt 0.1875 0.25
vt 0.21875 0.25
vt 0.21875 0.375
vt 0.34375 0.25
vt 0.375 0.375
vt 0.34375 0.375
vt 0.34375 0.25
vt 0.375 0.25
vt 0.375 0.375
vt 0.1875 0.25
vt 0.21875 0.375
vt 0.1875 0.375
vt 0.1875 0.25
vt 0.21875 0.25
vt 0.21875 0.375
vt 0.34375 0.25
vt 0.375 0.375
vt 0.34375 0.375
vt 0.34375 0.25
vt 0.375 0.25
vt 0.375 0.375
vt 0.1875 0.25
vt 0.21875 0.375
vt 0.1875 0.375
vt 0.1875 0.25
vt 0.21875 0.25
vt 0.21875 0.375
vt 0.3125 0.125
vt 0.25 0.25
vt 0.25 0.125
vt 0.3125 0.125
vt 0.3125 0.25
vt 0.25 0.25
vt 0.1875 0.0625
vt 0.25 0.125
vt 0.1875 0.125
vt 0.1875 0.0625
vt 0.25 0.0625
vt 0.25 0.125
vt 0.1875 0
vt 0.25 0.0625
vt 0.1875 0.0625
vt 0.1875 0
vt 0.25 0
vt 0.25 0.0625
vt 0.3125 0.25
vt 0.375 0.375
vt 0.3125 0.375
vt 0.3125 0.25
vt 0.375 0.25
vt 0.375 0.375
vt 0.25 0.25
vt 0.3125 0.375
vt 0.25 0.375
vt 0.25 0.25
vt 0.3125 0.25
vt 0.3125 0.375
vt 0.25 0.25
vt 0.3125 0.375
vt 0.25 0.375
vt 0.25 0.25
vt 0.3125 0.25
vt 0.3125 0.375
vt 0.25 0.25
vt 0.3125 0.375
vt 0.25 0.375
vt 0.25 0.25
vt 0.3125 0.25
vt 0.3125 0.375
vt 0.1875 0.25
vt 0.25 0.375
vt 0.1875 0.375
vt 0.1875 0.25
vt 0.25 0.25
vt 0.25 0.375
vt 0.375 0.25
vt 0.4375 0.375
vt 0.375 0.375
vt 0.375 0.25
vt 0.4375 0.25
vt 0.4375 0.375
vt 0.375 0.1875
vt 0.4375 0.25
vt 0.375 0.25
vt 0.375 0.1875
vt 0.4375 0.1875
vt 0.4375 0.25
vt 0.3125 0.25
vt 0.375 0.375
vt 0.3125 0.375
vt 0.3125 0.25
vt 0.375 0.25
vt 0.375 0.375
vt 0.1875 0.25
vt 0.25 0.375
vt 0.1875 0.375
vt 0.1875 0.25
vt 0.25 0.25
vt 0.25 0.375
vt 0.1875 0.25
vt 0 0.3125
vt 0 0.25
vt 0.1875 0.25
vt 0.1875 0.3125
vt 0 0.3125
vt 0.1875 0.1875
vt 0 0.25
vt 0 0.1875
vt 0.1875 0.1875
vt 0.1875 0.25
vt 0 0.25
vt 0.1875 0.1875
vt 0 0.25
vt 0 0.1875
vt 0.1875 0.1875
vt 0.1875 0.25
vt 0 0.25
vt 0.1875 0.125
vt 0 0.25
vt 0 0.125
vt 0.1875 0.125
vt 0.1875 0.25
vt 0 0.25
vt 0 0.0625
vt 0.1875 0.125
vt 0 0.125
vt 0 0.0625
vt 0.1875 0.0625
vt 0.1875 0.125
vt 0.0625 0.0625
vt 0.1875 0.125
vt 0.0625 0.125
vt 0.0625 0.0625
vt 0.1875 0.0625
vt 0.1875 0.125
vt 0 0.0625
vt 0.1875 0.125
vt 0 0.125
vt 0 0.0625
vt 0.1875 0.0625
vt 0.1875 0.125
vt 0 0.0625
vt 0.1875 0.125
vt 0 0.125
vt 0 0.0625
vt 0.1875 0.0625
vt 0.1875 0.125
vt 0.34375 0.25
vt 0.375 0.375
vt 0.34375 0.375
vt 0.34375 0.25
vt 0.375 0.25
vt 0.375 0.375
vt 0.1875 0.25
vt 0.21875 0.375
vt 0.1875 0.375
vt 0.1875 0.25
vt 0.21875 0.25
vt 0.21875 0.375
vt 0.34375 0.25
vt 0.375 0.375
vt 0.34375 0.375
vt 0.34375 0.25
vt 0.375 0.25
vt 0.375 0.375
vt 0.1875 0.25
vt 0.21875 0.375
vt 0.1875 0.375
vt 0.1875 0.25
vt 0.21875 0.25
vt 0.21875 0.375
vt 0.1875 0.25
vt 0.25 0.375
vt 0.1875 0.375
vt 0.1875 0.25
vt 0.25 0.25
vt 0.25 0.375
vt 0.25 0.25
vt 0.3125 0.375
vt 0.25 0.375
vt 0.25 0.25
vt 0.3125 0.25
vt 0.3125 0.375
vt 0.25 0.25
vt 0.3125 0.375
vt 0.25 0.375
vt 0.25 0.25
vt 0.3125 0.25
vt 0.3125 0.375
vt 0.25 0.25
vt 0.3125 0.375
vt 0.25 0.375
vt 0.25 0.25
vt 0.3125 0.25
vt 0.3125 0.375
vt 0.3125 0.25
vt 0.375 0.375
vt 0.3125 0.375
vt 0.3125 0.25
vt 0.375 0.25
vt 0.375 0.375
vt 0.25 0.25
vt 0.3125 0.375
vt 0.25 0.375
vt 0.25 0.25
vt 0.3125 0.25
vt 0.3125 0.375
vt 0.25 0.25
vt 0.3125 0.375
vt 0.25 0.375
vt 0.25 0.25
vt 0.3125 0.25
vt 0.3125 0.375
vt 0.25 0.25
vt 0.3125 0.375
vt 0.25 0.375
vt 0.25 0.25
vt 0.3125 0.25
vt 0.3125 0.375
vt 0.25 0.25
vt 0.3125 0.375
vt 0.25 0.375
vt 0.25 0.25
vt 0.3125 0.25
vt 0.3125 0.375
vt 0.25 0.25
vt 0.3125 0.375
vt 0.25 0.375
vt 0.25 0.25
vt 0.3125 0.25
vt 0.3125 0.375
vt 0.3125 0.25
vt 0.375 0.375
vt 0.3125 0.375
vt 0.3125 0.25
vt 0.375 0.25
vt 0.375 0.375
vt 0.1875 0.25
vt 0.25 0.375
vt 0.1875 0.375
vt 0.1875 0.25
vt 0.25 0.25
vt 0.25 0.375
vt 0.1875 0.25
vt 0.375 0.375
vt 0.1875 0.375
vt 0.1875 0.25
vt 0.375 0.25
vt 0.375 0.375
vt 0.1875 0.25
vt 0.125 0.3125
vt 0.125 0.25
vt 0.1875 0.25
vt 0.1875 0.3125
vt 0.125 0.3125
vt 0.125 0.25
vt 0.0625 0.3125
vt 0.0625 0.25
vt 0.125 0.25
vt 0.125 0.3125
vt 0.0625 0.3125
vt 0.125 0.25
vt 0.0625 0.3125
vt 0.0625 0.25
vt 0.125 0.25
vt 0.125 0.3125
vt 0.0625 0.3125
vt 0.125 0.25
vt 0.0625 0.3125
vt 0.0625 0.25
vt 0.125 0.25
vt 0.125 0.3125
vt 0.0625 0.3125
vt 0.125 0.25
vt 0.0625 0.3125
vt 0.0625 0.25
vt 0.125 0.25
vt 0.125 0.3125
vt 0.0625 0.3125
vt 0.125 0.25
vt 0.0625 0.3125
vt 0.0625 0.25
vt 0.125 0.25
vt 0.125 0.3125
vt 0.0625 0.3125
vt 0.0625 0.25
vt 0 0.3125
vt 0 0.25
vt 0.0625 0.25
vt 0.0625 0.3125
vt 0 0.3125
vt 0.0625 0.1875
vt 0 0.25
vt 0 0.1875
vt 0.0625 0.1875
vt 0.0625 0.25
vt 0 0.25
vt 0.125 0.1875
vt 0.0625 0.25
vt 0.0625 0.1875
vt 0.125 0.1875
vt 0.125 0.25
vt 0.0625 0.25
vt 0.125 0.1875
vt 0.0625 0.25
vt 0.0625 0.1875
vt 0.125 0.1875
vt 0.125 0.25
vt 0.0625 0.25
vt 0.125 0.1875
vt 0.0625 0.25
vt 0.0625 0.1875
vt 0.125 0.1875
vt 0.125 0.25
vt 0.0625 0.25
vt 0.125 0.1875
vt 0.0625 0.25
vt 0.0625 0.1875
vt 0.125 0.1875
vt 0.125 0.25
vt 0.0625 0.25
vt 0.125 0.1875
vt 0.0625 0.25
vt 0.0625 0.1875
vt 0.125 0.1875
vt 0.125 0.25
vt 0.0625 0.25
vt 0.1875 0.1875
vt 0.125 0.25
vt 0.125 0.1875
vt 0.1875 0.1875
vt 0.1875 0.25
vt 0.125 0.25
vt 0.1875 0.125
vt 0.125 0.1875
vt 0.125 0.125
vt 0.1875 0.125
vt 0.1875 0.1875
vt 0.125 0.1875
vt 0.125 0.125
vt 0.0625 0.1875
vt 0.0625 0.125
vt 0.125 0.125
vt 0.125 0.1875
vt 0.0625 0.1875
vt 0.125 0.125
vt 0.0625 0.1875
vt 0.0625 0.125
vt 0.125 0.125
vt 0.125 0.1875
vt 0.0625 0.1875
vt 0.125 0.125
vt 0.0625 0.1875
vt 0.0625 0.125
vt 0.125 0.125
vt 0.125 0.1875
vt 0.0625 0.1875
vt 0.125 0.125
vt 0.0625 0.1875
vt 0.0625 0.125
vt 0.125 0.125
vt 0.125 0.1875
vt 0.0625 0.1875
vt 0.125 0.125
vt 0.0625 0.1875
vt 0.0625 0.125
vt 0.125 0.125
vt 0.125 0.1875
vt 0.0625 0.1875
vt 0.0625 0.125
vt 0 0.1875
vt 0 0.125
vt 0.0625 0.125
vt 0.0625 0.1875
vt 0 0.1875
vt 0 0.0625
vt 0.1875 0.125
vt 0 0.125
vt 0 0.0625
vt 0.1875 0.0625
vt 0.1875 0.125
vt 0 0.0625
vt 0.1875 0.125
vt 0 0.125
vt 0 0.0625
vt 0.1875 0.0625
vt 0.1875 0.125
vt 0.125 0.0625
vt 0.1875 0.125
vt 0.125 0.125
vt 0.125 0.0625
vt 0.1875 0.0625
vt 0.1875 0.125
vt 0 0.0625
vt 0.1875 0.125
vt 0 0.125
vt 0 0.0625
vt 0.1875 0.0625
vt 0.1875 0.125
vt 0.0625 0.125
vt 0 0.3125
vt 0 0.125
vt 0.0625 0.125
vt 0.0625 0.3125
vt 0 0.3125
vt 0.125 0.125
vt 0.0625 0.3125
vt 0.0625 0.125
vt 0.125 0.125
vt 0.125 0.3125
vt 0.0625 0.3125
vt 0.125 0.125
vt 0.0625 0.3125
vt 0.0625 0.125
vt 0.125 0.125
vt 0.125 0.3125
vt 0.0625 0.3125
vt 0.1875 0.125
vt 0.125 0.3125
vt 0.125 0.125
vt 0.1875 0.125
vt 0.1875 0.3125
vt 0.125 0.3125
vt 0 0.0625
vt 0.1875 0.125
vt 0 0.125
vt 0 0.0625
vt 0.1875 0.0625
vt 0.1875 0.125
vt 0 0.0625
vt 0.1875 0.125
vt 0 0.125
vt 0 0.0625
vt 0.1875 0.0625
vt 0.1875 0.125
vt 0 0.0625
vt 0.1875 0.125
vt 0 0.125
vt 0 0.0625
vt 0.1875 0.0625
vt 0.1875 0.125
vt 0.125 0.0625
vt 0.1875 0.125
vt 0.125 0.125
vt 0.125 0.0625
vt 0.1875 0.0625
vt 0.1875 0.125
vt 0.1875 0.25
vt 0.375 0.375
vt 0.1875 0.375
vt 0.1875 0.25
vt 0.375 0.25
vt 0.375 0.375
vt 0.1875 0.25
vt 0.375 0.375
vt 0.1875 0.375
vt 0.1875 0.25
vt 0.375 0.25
vt 0.375 0.375
vt 0.8125 0.5625
vt 0.84375 0.6875
vt 0.8125 0.6875
vt 0.8125 0.5625
vt 0.84375 0.5625
vt 0.84375 0.6875
vt 0.84375 0.5625
vt 0.875 0.6875
vt 0.84375 0.6875
vt 0.84375 0.5625
vt 0.875 0.5625
vt 0.875 0.6875
vt 0.8125 0.6875
vt 0.84375 0.6875
vt 0.8125 0.5625
vt 0.84375 0.6875
vt 0.84375 0.5625
vt 0.8125 0.5625
vt 0.84375 0.5625
vt 0.875 0.6875
vt 0.84375 0.6875
vt 0.84375 0.5625
vt 0.875 0.5625
vt 0.875 0.6875
vt 0.8125 0.6875
vt 0.84375 0.6875
vt 0.8125 0.5625
vt 0.84375 0.6875
vt 0.84375 0.5625
vt 0.8125 0.5625
vt 0.8125 0.5625
vt 0.84375 0.6875
vt 0.8125 0.6875
vt 0.8125 0.5625
vt 0.84375 0.5625
vt 0.84375 0.6875
vt 0.1875 0.25
vt 0.25 0.375
vt 0.1875 0.375
vt 0.1875 0.25
vt 0.25 0.25
vt 0.25 0.375
vt 0.3125 0.25
vt 0.375 0.375
vt 0.3125 0.375
vt 0.3125 0.25
vt 0.375 0.25
vt 0.375 0.375
vt 0.25 0.25
vt 0.3125 0.375
vt 0.25 0.375
vt 0.25 0.25
vt 0.3125 0.25
vt 0.3125 0.375
vt 0.25 0.25
vt 0.3125 0.375
vt 0.25 0.375
vt 0.25 0.25
vt 0.3125 0.25
vt 0.3125 0.375
vt 0.25 0.25
vt 0.3125 0.375
vt 0.25 0.375
vt 0.25 0.25
vt 0.3125 0.25
vt 0.3125 0.375
vt 0.25 0.25
vt 0.3125 0.375
vt 0.25 0.375
vt 0.25 0.25
vt 0.3125 0.25
vt 0.3125 0.375
vt 0.25 0.25
vt 0.3125 0.375
vt 0.25 0.375
vt 0.25 0.25
vt 0.3125 0.25
vt 0.3125 0.375
vt 0.375 0.1875
vt 0.4375 0.375
vt 0.375 0.375
vt 0.375 0.1875
vt 0.4375 0.1875
vt 0.4375 0.375
vt 0.4375 0.1875
vt 0.375 0.375
vt 0.4375 0.375
vt 0.4375 0.1875
vt 0.375 0.1875
vt 0.375 0.375
vt 0.4375 0.1875
vt 0.375 0.375
vt 0.4375 0.375
vt 0.4375 0.1875
vt 0.375 0.1875
vt 0.375 0.375
vt 0.375 0.1875
vt 0.4375 0.375
vt 0.375 0.375
vt 0.375 0.1875
vt 0.4375 0.1875
vt 0.4375 0.375
vt 0.1875 0.03125
vt 0.125 0
vt 0.1875 0
vt 0.1875 0.03125
vt 0.125 0.03125
vt 0.125 0
vt 0.1875 0.0625
vt 0.125 0.03125
vt 0.1875 0.03125
vt 0.1875 0.0625
vt 0.125 0.0625
vt 0.125 0.03125
vt 0.0625 0.0625
vt 0 0.03125
vt 0.0625 0.03125
vt 0.0625 0.0625
vt 0 0.0625
vt 0 0.03125
vt 0.0625 0.03125
vt 0 0
vt 0.0625 0
vt 0.0625 0.03125
vt 0 0.03125
vt 0 0
vt 0.0625 0.0625
vt 0 0.03125
vt 0.0625 0.03125
vt 0.0625 0.0625
vt 0 0.0625
vt 0 0.03125
vt 0.0625 0.03125
vt 0 0
vt 0.0625 0
vt 0.0625 0.03125
vt 0 0.03125
vt 0 0
vt 0.1875 0.03125
vt 0.125 0
vt 0.1875 0
vt 0.1875 0.03125
vt 0.125 0.03125
vt 0.125 0
vt 0.1875 0.0625
vt 0.125 0.03125
vt 0.1875 0.03125
vt 0.1875 0.0625
vt 0.125 0.0625
vt 0.125 0.03125
vt 0.1875 0
vt 0.125 0
vt 0.1875 0.03125
vt 0.125 0
vt 0.125 0.03125
vt 0.1875 0.03125
vt 0.0625 0
vt 0 0
vt 0.0625 0.03125
vt 0 0
vt 0 0.03125
vt 0.0625 0.03125
vt 0.1875 0
vt 0.125 0
vt 0.1875 0.03125
vt 0.125 0
vt 0.125 0.03125
vt 0.1875 0.03125
vt 0.0625 0
vt 0 0
vt 0.0625 0.03125
vt 0 0
vt 0 0.03125
vt 0.0625 0.03125
vt 0.1875 0
vt 0.15625 0
vt 0.1875 0.03125
vt 0.15625 0
vt 0.15625 0.03125
vt 0.1875 0.03125
vt 0.15625 0
vt 0.125 0
vt 0.15625 0.03125
vt 0.125 0
vt 0.125 0.03125
vt 0.15625 0.03125
vt 0.1875 0
vt 0.15625 0
vt 0.1875 0.03125
vt 0.15625 0
vt 0.15625 0.03125
vt 0.1875 0.03125
vt 0.15625 0
vt 0.125 0
vt 0.15625 0.03125
vt 0.125 0
vt 0.125 0.03125
vt 0.15625 0.03125
vt 0.25 0.0625
vt 0.1875 0.125
vt 0.25 0.125
vt 0.25 0.0625
vt 0.1875 0.0625
vt 0.1875 0.125
vt 0.25 0
vt 0.1875 0.0625
vt 0.25 0.0625
vt 0.25 0
vt 0.1875 0
vt 0.1875 0.0625
vt 0.25 0.0625
vt 0.1875 0.0625
vt 0.25 0
vt 0.1875 0.0625
vt 0.1875 0
vt 0.25 0
vt 0.25 0.125
vt 0.1875 0.125
vt 0.25 0.0625
vt 0.1875 0.125
vt 0.1875 0.0625
vt 0.25 0.0625
vt 0.25 0
vt 0.1875 0.0625
vt 0.25 0.0625
vt 0.25 0
vt 0.1875 0
vt 0.1875 0.0625
vt 0.25 0.0625
vt 0.1875 0.125
vt 0.25 0.125
vt 0.25 0.0625
vt 0.1875 0.0625
vt 0.1875 0.125
vt 0.25 0.0625
vt 0.1875 0.0625
vt 0.25 0
vt 0.1875 0.0625
vt 0.1875 0
vt 0.25 0
vt 0.25 0.125
vt 0.1875 0.125
vt 0.25 0.0625
vt 0.1875 0.125
vt 0.1875 0.0625
vt 0.25 0.0625
vt 0.375 0.1875
vt 0.4375 0.375
vt 0.375 0.375
vt 0.375 0.1875
vt 0.4375 0.1875
vt 0.4375 0.375
vt 0.4375 0.1875
vt 0.375 0.375
vt 0.4375 0.375
vt 0.4375 0.1875
vt 0.375 0.1875
vt 0.375 0.375
vt 0.4375 0.1875
vt 0.375 0.375
vt 0.4375 0.375
vt 0.4375 0.1875
vt 0.375 0.1875
vt 0.375 0.375
vt 0.375 0.1875
vt 0.4375 0.375
vt 0.375 0.375
vt 0.375 0.1875
vt 0.4375 0.1875
vt 0.4375 0.375
vt 0.1875 0.03125
vt 0.125 0
vt 0.1875 0
vt 0.1875 0.03125
vt 0.125 0.03125
vt 0.125 0
vt 0.1875 0.0625
vt 0.125 0.03125
vt 0.1875 0.03125
vt 0.1875 0.0625
vt 0.125 0.0625
vt 0.125 0.03125
vt 0.0625 0.0625
vt 0 0.03125
vt 0.0625 0.03125
vt 0.0625 0.0625
vt 0 0.0625
vt 0 0.03125
vt 0.0625 0.03125
vt 0 0
vt 0.0625 0
vt 0.0625 0.03125
vt 0 0.03125
vt 0 0
vt 0.0625 0.0625
vt 0 0.03125
vt 0.0625 0.03125
vt 0.0625 0.0625
vt 0 0.0625
vt 0 0.03125
vt 0.0625 0.03125
vt 0 0
vt 0.0625 0
vt 0.0625 0.03125
vt 0 0.03125
vt 0 0
vt 0.1875 0.03125
vt 0.125 0
vt 0.1875 0
vt 0.1875 0.03125
vt 0.125 0.03125
vt 0.125 0
vt 0.1875 0.0625
vt 0.125 0.03125
vt 0.1875 0.03125
vt 0.1875 0.0625
vt 0.125 0.0625
vt 0.125 0.03125
vt 0.1875 0
vt 0.125 0
vt 0.1875 0.03125
vt 0.125 0
vt 0.125 0.03125
vt 0.1875 0.03125
vt 0.0625 0
vt 0 0
vt 0.0625 0.03125
vt 0 0
vt 0 0.03125
vt 0.0625 0.03125
vt 0.1875 0
vt 0.125 0
vt 0.1875 0.03125
vt 0.125 0
vt 0.125 0.03125
vt 0.1875 0.03125
vt 0.0625 0
vt 0 0
vt 0.0625 0.03125
vt 0 0
vt 0 0.03125
vt 0.0625 0.03125
vt 0.1875 0
vt 0.15625 0
vt 0.1875 0.03125
vt 0.15625 0
vt 0.15625 0.03125
vt 0.1875 0.03125
vt 0.15625 0
vt 0.125 0
vt 0.15625 0.03125
vt 0.125 0
vt 0.125 0.03125
vt 0.15625 0.03125
vt 0.1875 0
vt 0.15625 0
vt 0.1875 0.03125
vt 0.15625 0
vt 0.15625 0.03125
vt 0.1875 0.03125
vt 0.15625 0
vt 0.125 0
vt 0.15625 0.03125
vt 0.125 0
vt 0.125 0.03125
vt 0.15625 0.03125
vt 0.25 0.0625
vt 0.1875 0.125
vt 0.25 0.125
vt 0.25 0.0625
vt 0.1875 0.0625
vt 0.1875 0.125
vt 0.25 0
vt 0.1875 0.0625
vt 0.25 0.0625
vt 0.25 0
vt 0.1875 0
vt 0.1875 0.0625
vt 0.25 0.0625
vt 0.1875 0.0625
vt 0.25 0
vt 0.1875 0.0625
vt 0.1875 0
vt 0.25 0
vt 0.25 0.125
vt 0.1875 0.125
vt 0.25 0.0625
vt 0.1875 0.125
vt 0.1875 0.0625
vt 0.25 0.0625
vt 0.25 0
vt 0.1875 0.0625
vt 0.25 0.0625
vt 0.25 0
vt 0.1875 0
vt 0.1875 0.0625
vt 0.25 0.0625
vt 0.1875 0.125
vt 0.25 0.125
vt 0.25 0.0625
vt 0.1875 0.0625
vt 0.1875 0.125
vt 0.25 0.0625
vt 0.1875 0.0625
vt 0.25 0
vt 0.1875 0.0625
vt 0.1875 0
vt 0.25 0
vt 0.25 0.125
vt 0.1875 0.125
vt 0.25 0.0625
vt 0.1875 0.125
vt 0.1875 0.0625
vt 0.25 0.0625
vt 0.375 0.1875
vt 0.4375 0.375
vt 0.375 0.375
vt 0.375 0.1875
vt 0.4375 0.1875
vt 0.4375 0.375
vt 0.4375 0.1875
vt 0.375 0.375
vt 0.4375 0.375
vt 0.4375 0.1875
vt 0.375 0.1875
vt 0.375 0.375
vt 0.4375 0.1875
vt 0.375 0.375
vt 0.4375 0.375
vt 0.4375 0.1875
vt 0.375 0.1875
vt 0.375 0.375
vt 0.375 0.1875
vt 0.4375 0.375
vt 0.375 0.375
vt 0.375 0.1875
vt 0.4375 0.1875
vt 0.4375 0.375
vt 0.1875 0.03125
vt 0.125 0
vt 0.1875 0
vt 0.1875 0.03125
vt 0.125 0.03125
vt 0.125 0
vt 0.1875 0.0625
vt 0.125 0.03125
vt 0.1875 0.03125
vt 0.1875 0.0625
vt 0.125 0.0625
vt 0.125 0.03125
vt 0.0625 0.0625
vt 0 0.03125
vt 0.0625 0.03125
vt 0.0625 0.0625
vt 0 0.0625
vt 0 0.03125
vt 0.0625 0.03125
vt 0 0
vt 0.0625 0
vt 0.0625 0.03125
vt 0 0.03125
vt 0 0
vt 0.0625 0.0625
vt 0 0.03125
vt 0.0625 0.03125
vt 0.0625 0.0625
vt 0 0.0625
vt 0 0.03125
vt 0.0625 0.03125
vt 0 0
vt 0.0625 0
vt 0.0625 0.03125
vt 0 0.03125
vt 0 0
vt 0.1875 0.03125
vt 0.125 0
vt 0.1875 0
vt 0.1875 0.03125
vt 0.125 0.03125
vt 0.125 0
vt 0.1875 0.0625
vt 0.125 0.03125
vt 0.1875 0.03125
vt 0.1875 0.0625
vt 0.125 0.0625
vt 0.125 0.03125
vt 0.1875 0
vt 0.125 0
vt 0.1875 0.03125
vt 0.125 0
vt 0.125 0.03125
vt 0.1875 0.03125
vt 0.0625 0
vt 0 0
vt 0.0625 0.03125
vt 0 0
vt 0 0.03125
vt 0.0625 0.03125
vt 0.1875 0
vt 0.125 0
vt 0.1875 0.03125
vt 0.125 0
vt 0.125 0.03125
vt 0.1875 0.03125
vt 0.0625 0
vt 0 0
vt 0.0625 0.03125
vt 0 0
vt 0 0.03125
vt 0.0625 0.03125
vt 0.1875 0
vt 0.15625 0
vt 0.1875 0.03125
vt 0.15625 0
vt 0.15625 0.03125
vt 0.1875 0.03125
vt 0.15625 0
vt 0.125 0
vt 0.15625 0.03125
vt 0.125 0
vt 0.125 0.03125
vt 0.15625 0.03125
vt 0.1875 0
vt 0.15625 0
vt 0.1875 0.03125
vt 0.15625 0
vt 0.15625 0.03125
vt 0.1875 0.03125
vt 0.15625 0
vt 0.125 0
vt 0.15625 0.03125
vt 0.125 0
vt 0.125 0.03125
vt 0.15625 0.03125
vt 0.25 0.0625
vt 0.1875 0.125
vt 0.25 0.125
vt 0.25 0.0625
vt 0.1875 0.0625
vt 0.1875 0.125
vt 0.25 0
vt 0.1875 0.0625
vt 0.25 0.0625
vt 0.25 0
vt 0.1875 0
vt 0.1875 0.0625
vt 0.25 0.0625
vt 0.1875 0.0625
vt 0.25 0
vt 0.1875 0.0625
vt 0.1875 0
vt 0.25 0
vt 0.25 0.125
vt 0.1875 0.125
vt 0.25 0.0625
vt 0.1875 0.125
vt 0.1875 0.0625
vt 0.25 0.0625
vt 0.25 0
vt 0.1875 0.0625
vt 0.25 0.0625
vt 0.25 0
vt 0.1875 0
vt 0.1875 0.0625
vt 0.25 0.0625
vt 0.1875 0.125
vt 0.25 0.125
vt 0.25 0.0625
vt 0.1875 0.0625
vt 0.1875 0.125
vt 0.25 0.0625
vt 0.1875 0.0625
vt 0.25 0
vt 0.1875 0.0625
vt 0.1875 0
vt 0.25 0
vt 0.25 0.125
vt 0.1875 0.125
vt 0.25 0.0625
vt 0.1875 0.125
vt 0.1875 0.0625
vt 0.25 0.0625
vt 0.375 0.1875
vt 0.4375 0.375
vt 0.375 0.375
vt 0.375 0.1875
vt 0.4375 0.1875
vt 0.4375 0.375
vt 0.4375 0.1875
vt 0.375 0.375
vt 0.4375 0.375
vt 0.4375 0.1875
vt 0.375 0.1875
vt 0.375 0.375
vt 0.4375 0.1875
vt 0.375 0.375
vt 0.4375 0.375
vt 0.4375 0.1875
vt 0.375 0.1875
vt 0.375 0.375
vt 0.375 0.1875
vt 0.4375 0.375
vt 0.375 0.375
vt 0.375 0.1875
vt 0.4375 0.1875
vt 0.4375 0.375
vt 0.1875 0.03125
vt 0.125 0
vt 0.1875 0
vt 0.1875 0.03125
vt 0.125 0.03125
vt 0.125 0
vt 0.1875 0.0625
vt 0.125 0.03125
vt 0.1875 0.03125
vt 0.1875 0.0625
vt 0.125 0.0625
vt 0.125 0.03125
vt 0.0625 0.0625
vt 0 0.03125
vt 0.0625 0.03125
vt 0.0625 0.0625
vt 0 0.0625
vt 0 0.03125
vt 0.0625 0.03125
vt 0 0
vt 0.0625 0
vt 0.0625 0.03125
vt 0 0.03125
vt 0 0
vt 0.0625 0.0625
vt 0 0.03125
vt 0.0625 0.03125
vt 0.0625 0.0625
vt 0 0.0625
vt 0 0.03125
vt 0.0625 0.03125
vt 0 0
vt 0.0625 0
vt 0.0625 0.03125
vt 0 0.03125
vt 0 0
vt 0.1875 0.03125
vt 0.125 0
vt 0.1875 0
vt 0.1875 0.03125
vt 0.125 0.03125
vt 0.125 0
vt 0.1875 0.0625
vt 0.125 0.03125
vt 0.1875 0.03125
vt 0.1875 0.0625
vt 0.125 0.0625
vt 0.125 0.03125
vt 0.1875 0
vt 0.125 0
vt 0.1875 0.03125
vt 0.125 0
vt 0.125 0.03125
vt 0.1875 0.03125
vt 0.0625 0
vt 0 0
vt 0.0625 0.03125
vt 0 0
vt 0 0.03125
vt 0.0625 0.03125
vt 0.1875 0
vt 0.125 0
vt 0.1875 0.03125
vt 0.125 0
vt 0.125 0.03125
vt 0.1875 0.03125
vt 0.0625 0
vt 0 0
vt 0.0625 0.03125
vt 0 0
vt 0 0.03125
vt 0.0625 0.03125
vt 0.1875 0
vt 0.15625 0
vt 0.1875 0.03125
vt 0.15625 0
vt 0.15625 0.03125
vt 0.1875 0.03125
vt 0.15625 0
vt 0.125 0
vt 0.15625 0.03125
vt 0.125 0
vt 0.125 0.03125
vt 0.15625 0.03125
vt 0.1875 0
vt 0.15625 0
vt 0.1875 0.03125
vt 0.15625 0
vt 0.15625 0.03125
vt 0.1875 0.03125
vt 0.15625 0
vt 0.125 0
vt 0.15625 0.03125
vt 0.125 0
vt 0.125 0.03125
vt 0.15625 0.03125
vt 0.25 0.0625
vt 0.1875 0.125
vt 0.25 0.125
vt 0.25 0.0625
vt 0.1875 0.0625
vt 0.1875 0.125
vt 0.25 0
vt 0.1875 0.0625
vt 0.25 0.0625
vt 0.25 0
vt 0.1875 0
vt 0.1875 0.0625
vt 0.25 0.0625
vt 0.1875 0.0625
vt 0.25 0
vt 0.1875 0.0625
vt 0.1875 0
vt 0.25 0
vt 0.25 0.125
vt 0.1875 0.125
vt 0.25 0.0625
vt 0.1875 0.125
vt 0.1875 0.0625
vt 0.25 0.0625
vt 0.25 0
vt 0.1875 0.0625
vt 0.25 0.0625
vt 0.25 0
vt 0.1875 0
vt 0.1875 0.0625
vt 0.25 0.0625
vt 0.1875 0.125
vt 0.25 0.125
vt 0.25 0.0625
vt 0.1875 0.0625
vt 0.1875 0.125
vt 0.25 0.0625
vt 0.1875 0.0625
vt 0.25 0
vt 0.1875 0.0625
vt 0.1875 0
vt 0.25 0
vt 0.25 0.125
vt 0.1875 0.125
vt 0.25 0.0625
vt 0.1875 0.125
vt 0.1875 0.0625
vt 0.25 0.0625
vt 0.375 0.1875
vt 0.4375 0.375
vt 0.375 0.375
vt 0.375 0.1875
vt 0.4375 0.1875
vt 0.4375 0.375
vt 0.4375 0.1875
vt 0.375 0.375
vt 0.4375 0.375
vt 0.4375 0.1875
vt 0.375 0.1875
vt 0.375 0.375
vt 0.4375 0.1875
vt 0.375 0.375
vt 0.4375 0.375
vt 0.4375 0.1875
vt 0.375 0.1875
vt 0.375 0.375
vt 0.375 0.1875
vt 0.4375 0.375
vt 0.375 0.375
vt 0.375 0.1875
vt 0.4375 0.1875
vt 0.4375 0.375
vt 0.1875 0.03125
vt 0.125 0
vt 0.1875 0
vt 0.1875 0.03125
vt 0.125 0.03125
vt 0.125 0
vt 0.1875 0.0625
vt 0.125 0.03125
vt 0.1875 0.03125
vt 0.1875 0.0625
vt 0.125 0.0625
vt 0.125 0.03125
vt 0.0625 0.0625
vt 0 0.03125
vt 0.0625 0.03125
vt 0.0625 0.0625
vt 0 0.0625
vt 0 0.03125
vt 0.0625 0.03125
vt 0 0
vt 0.0625 0
vt 0.0625 0.03125
vt 0 0.03125
vt 0 0
vt 0.0625 0.0625
vt 0 0.03125
vt 0.0625 0.03125
vt 0.0625 0.0625
vt 0 0.0625
vt 0 0.03125
vt 0.0625 0.03125
vt 0 0
vt 0.0625 0
vt 0.0625 0.03125
vt 0 0.03125
vt 0 0
vt 0.1875 0.03125
vt 0.125 0
vt 0.1875 0
vt 0.1875 0.03125
vt 0.125 0.03125
vt 0.125 0
vt 0.1875 0.0625
vt 0.125 0.03125
vt 0.1875 0.03125
vt 0.1875 0.0625
vt 0.125 0.0625
vt 0.125 0.03125
vt 0.1875 0
vt 0.125 0
vt 0.1875 0.03125
vt 0.125 0
vt 0.125 0.03125
vt 0.1875 0.03125
vt 0.0625 0
vt 0 0
vt 0.0625 0.03125
vt 0 0
vt 0 0.03125
vt 0.0625 0.03125
vt 0.1875 0
vt 0.125 0
vt 0.1875 0.03125
vt 0.125 0
vt 0.125 0.03125
vt 0.1875 0.03125
vt 0.0625 0
vt 0 0
vt 0.0625 0.03125
vt 0 0
vt 0 0.03125
vt 0.0625 0.03125
vt 0.1875 0
vt 0.15625 0
vt 0.1875 0.03125
vt 0.15625 0
vt 0.15625 0.03125
vt 0.1875 0.03125
vt 0.15625 0
vt 0.125 0
vt 0.15625 0.03125
vt 0.125 0
vt 0.125 0.03125
vt 0.15625 0.03125
vt 0.1875 0
vt 0.15625 0
vt 0.1875 0.03125
vt 0.15625 0
vt 0.15625 0.03125
vt 0.1875 0.03125
vt 0.15625 0
vt 0.125 0
vt 0.15625 0.03125
vt 0.125 0
vt 0.125 0.03125
vt 0.15625 0.03125
vt 0.25 0.0625
vt 0.1875 0.125
vt 0.25 0.125
vt 0.25 0.0625
vt 0.1875 0.0625
vt 0.1875 0.125
vt 0.25 0
vt 0.1875 0.0625
vt 0.25 0.0625
vt 0.25 0
vt 0.1875 0
vt 0.1875 0.0625
vt 0.25 0.0625
vt 0.1875 0.0625
vt 0.25 0
vt 0.1875 0.0625
vt 0.1875 0
vt 0.25 0
vt 0.25 0.125
vt 0.1875 0.125
vt 0.25 0.0625
vt 0.1875 0.125
vt 0.1875 0.0625
vt 0.25 0.0625
vt 0.25 0
vt 0.1875 0.0625
vt 0.25 0.0625
vt 0.25 0
vt 0.1875 0
vt 0.1875 0.0625
vt 0.25 0.0625
vt 0.1875 0.125
vt 0.25 0.125
vt 0.25 0.0625
vt 0.1875 0.0625
vt 0.1875 0.125
vt 0.25 0.0625
vt 0.1875 0.0625
vt 0.25 0
vt 0.1875 0.0625
vt 0.1875 0
vt 0.25 0
vt 0.25 0.125
vt 0.1875 0.125
vt 0.25 0.0625
vt 0.1875 0.125
vt 0.1875 0.0625
vt 0.25 0.0625
vt 0.375 0.1875
vt 0.4375 0.375
vt 0.375 0.375
vt 0.375 0.1875
vt 0.4375 0.1875
vt 0.4375 0.375
vt 0.4375 0.1875
vt 0.375 0.375
vt 0.4375 0.375
vt 0.4375 0.1875
vt 0.375 0.1875
vt 0.375 0.375
vt 0.4375 0.1875
vt 0.375 0.375
vt 0.4375 0.375
vt 0.4375 0.1875
vt 0.375 0.1875
vt 0.375 0.375
vt 0.375 0.1875
vt 0.4375 0.375
vt 0.375 0.375
vt 0.375 0.1875
vt 0.4375 0.1875
vt 0.4375 0.375
vt 0.1875 0.03125
vt 0.125 0
vt 0.1875 0
vt 0.1875 0.03125
vt 0.125 0.03125
vt 0.125 0
vt 0.1875 0.0625
vt 0.125 0.03125
vt 0.1875 0.03125
vt 0.1875 0.0625
vt 0.125 0.0625
vt 0.125 0.03125
vt 0.0625 0.0625
vt 0 0.03125
vt 0.0625 0.03125
vt 0.0625 0.0625
vt 0 0.0625
vt 0 0.03125
vt 0.0625 0.03125
vt 0 0
vt 0.0625 0
vt 0.0625 0.03125
vt 0 0.03125
vt 0 0
vt 0.0625 0.0625
vt 0 0.03125
vt 0.0625 0.03125
vt 0.0625 0.0625
vt 0 0.0625
vt 0 0.03125
vt 0.0625 0.03125
vt 0 0
vt 0.0625 0
vt 0.0625 0.03125
vt 0 0.03125
vt 0 0
vt 0.1875 0.03125
vt 0.125 0
vt 0.1875 0
vt 0.1875 0.03125
vt 0.125 0.03125
vt 0.125 0
vt 0.1875 0.0625
vt 0.125 0.03125
vt 0.1875 0.03125
vt 0.1875 0.0625
vt 0.125 0.0625
vt 0.125 0.03125
vt 0.1875 0
vt 0.125 0
vt 0.1875 0.03125
vt 0.125 0
vt 0.125 0.03125
vt 0.1875 0.03125
vt 0.0625 0
vt 0 0
vt 0.0625 0.03125
vt 0 0
vt 0 0.03125
vt 0.0625 0.03125
vt 0.1875 0
vt 0.125 0
vt 0.1875 0.03125
vt 0.125 0
vt 0.125 0.03125
vt 0.1875 0.03125
vt 0.0625 0
vt 0 0
vt 0.0625 0.03125
vt 0 0
vt 0 0.03125
vt 0.0625 0.03125
vt 0.1875 0
vt 0.15625 0
vt 0.1875 0.03125
vt 0.15625 0
vt 0.15625 0.03125
vt 0.1875 0.03125
vt 0.15625 0
vt 0.125 0
vt 0.15625 0.03125
vt 0.125 0
vt 0.125 0.03125
vt 0.15625 0.03125
vt 0.1875 0
vt 0.15625 0
vt 0.1875 0.03125
vt 0.15625 0
vt 0.15625 0.03125
vt 0.1875 0.03125
vt 0.15625 0
vt 0.125 0
vt 0.15625 0.03125
vt 0.125 0
vt 0.125 0.03125
vt 0.15625 0.03125
vt 0.25 0.0625
vt 0.1875 0.125
vt 0.25 0.125
vt 0.25 0.0625
vt 0.1875 0.0625
vt 0.1875 0.125
vt 0.25 0
vt 0.1875 0.0625
vt 0.25 0.0625
vt 0.25 0
vt 0.1875 0
vt 0.1875 0.0625
vt 0.25 0.0625
vt 0.1875 0.0625
vt 0.25 0
vt 0.1875 0.0625
vt 0.1875 0
vt 0.25 0
vt 0.25 0.125
vt 0.1875 0.125
vt 0.25 0.0625
vt 0.1875 0.125
vt 0.1875 0.0625
vt 0.25 0.0625
vt 0.25 0
vt 0.1875 0.0625
vt 0.25 0.0625
vt 0.25 0
vt 0.1875 0
vt 0.1875 0.0625
vt 0.25 0.0625
vt 0.1875 0.125
vt 0.25 0.125
vt 0.25 0.0625
vt 0.1875 0.0625
vt 0.1875 0.125
vt 0.25 0.0625
vt 0.1875 0.0625
vt 0.25 0
vt 0.1875 0.0625
vt 0.1875 0
vt 0.25 0
vt 0.25 0.125
vt 0.1875 0.125
vt 0.25 0.0625
vt 0.1875 0.125
vt 0.1875 0.0625
vt 0.25 0.0625
vt 0.375 0.1875
vt 0.4375 0.375
vt 0.375 0.375
vt 0.375 0.1875
vt 0.4375 0.1875
vt 0.4375 0.375
vt 0.4375 0.1875
vt 0.375 0.375
vt 0.4375 0.375
vt 0.4375 0.1875
vt 0.375 0.1875
vt 0.375 0.375
vt 0.4375 0.1875
vt 0.375 0.375
vt 0.4375 0.375
vt 0.4375 0.1875
vt 0.375 0.1875
vt 0.375 0.375
vt 0.375 0.1875
vt 0.4375 0.375
vt 0.375 0.375
vt 0.375 0.1875
vt 0.4375 0.1875
vt 0.4375 0.375
vt 0.1875 0.03125
vt 0.125 0
vt 0.1875 0
vt 0.1875 0.03125
vt 0.125 0.03125
vt 0.125 0
vt 0.1875 0.0625
vt 0.125 0.03125
vt 0.1875 0.03125
vt 0.1875 0.0625
vt 0.125 0.0625
vt 0.125 0.03125
vt 0.0625 0.0625
vt 0 0.03125
vt 0.0625 0.03125
vt 0.0625 0.0625
vt 0 0.0625
vt 0 0.03125
vt 0.0625 0.03125
vt 0 0
vt 0.0625 0
vt 0.0625 0.03125
vt 0 0.03125
vt 0 0
vt 0.0625 0.0625
vt 0 0.03125
vt 0.0625 0.03125
vt 0.0625 0.0625
vt 0 0.0625
vt 0 0.03125
vt 0.0625 0.03125
vt 0 0
vt 0.0625 0
vt 0.0625 0.03125
vt 0 0.03125
vt 0 0
vt 0.1875 0.03125
vt 0.125 0
vt 0.1875 0
vt 0.1875 0.03125
vt 0.125 0.03125
vt 0.125 0
vt 0.1875 0.0625
vt 0.125 0.03125
vt 0.1875 0.03125
vt 0.1875 0.0625
vt 0.125 0.0625
vt 0.125 0.03125
vt 0.1875 0
vt 0.125 0
vt 0.1875 0.03125
vt 0.125 0
vt 0.125 0.03125
vt 0.1875 0.03125
vt 0.0625 0
vt 0 0
vt 0.0625 0.03125
vt 0 0
vt 0 0.03125
vt 0.0625 0.03125
vt 0.1875 0
vt 0.125 0
vt 0.1875 0.03125
vt 0.125 0
vt 0.125 0.03125
vt 0.1875 0.03125
vt 0.0625 0
vt 0 0
vt 0.0625 0.03125
vt 0 0
vt 0 0.03125
vt 0.0625 0.03125
vt 0.1875 0
vt 0.15625 0
vt 0.1875 0.03125
vt 0.15625 0
vt 0.15625 0.03125
vt 0.1875 0.03125
vt 0.15625 0
vt 0.125 0
vt 0.15625 0.03125
vt 0.125 0
vt 0.125 0.03125
vt 0.15625 0.03125
vt 0.1875 0
vt 0.15625 0
vt 0.1875 0.03125
vt 0.15625 0
vt 0.15625 0.03125
vt 0.1875 0.03125
vt 0.15625 0
vt 0.125 0
vt 0.15625 0.03125
vt 0.125 0
vt 0.125 0.03125
vt 0.15625 0.03125
vt 0.25 0.0625
vt 0.1875 0.125
vt 0.25 0.125
vt 0.25 0.0625
vt 0.1875 0.0625
vt 0.1875 0.125
vt 0.25 0
vt 0.1875 0.0625
vt 0.25 0.0625
vt 0.25 0
vt 0.1875 0
vt 0.1875 0.0625
vt 0.25 0.0625
vt 0.1875 0.0625
vt 0.25 0
vt 0.1875 0.0625
vt 0.1875 0
vt 0.25 0
vt 0.25 0.125
vt 0.1875 0.125
vt 0.25 0.0625
vt 0.1875 0.125
vt 0.1875 0.0625
vt 0.25 0.0625
vt 0.25 0
vt 0.1875 0.0625
vt 0.25 0.0625
vt 0.25 0
vt 0.1875 0
vt 0.1875 0.0625
vt 0.25 0.0625
vt 0.1875 0.125
vt 0.25 0.125
vt 0.25 0.0625
vt 0.1875 0.0625
vt 0.1875 0.125
vt 0.25 0.0625
vt 0.1875 0.0625
vt 0.25 0
vt 0.1875 0.0625
vt 0.1875 0
vt 0.25 0
vt 0.25 0.125
vt 0.1875 0.125
vt 0.25 0.0625
vt 0.1875 0.125
vt 0.1875 0.0625
vt 0.25 0.0625
vn 0 0 1
vn 0 0 1
vn 0 0 1
vn 0 0 1
vn 0 0 1
vn 0 0 1
vn 0 0 1
vn 0 0 1
vn 0 0 1
vn 0 0 1
vn 0 0 1
vn 0 0 1
vn 0 0 1
vn 0 0 1
vn 0 0 1
vn 0 0 1
vn 0 0 1
vn 0 0 1
vn 0 0 1
vn 0 0 1
vn 0 0 1
vn 0 0 1
vn 0 0 1
vn 0 0 1
vn 0 0 1
vn 0 0 1
vn 0 0 1
vn 0 0 1
vn 0 0 1
vn 0 0 1
vn 1 0 2.220446049250313e-16
vn 1 0 2.220446049250313e-16
vn 1 0 2.220446049250313e-16
vn 1 0 2.220446049250313e-16
vn 1 0 2.220446049250313e-16
vn 1 0 2.220446049250313e-16
vn 1 0 0
vn 1 0 0
vn 1 0 0
vn 1 0 0
vn 1 0 0
vn 1 0 0
vn 1 0 -1.1102230246251565e-16
vn 1 0 -1.1102230246251565e-16
vn 1 0 -1.1102230246251565e-16
vn 1 0 -1.1102230246251565e-16
vn 1 0 -1.1102230246251565e-16
vn 1 0 -1.1102230246251565e-16
vn 1 0 1.1102230246251565e-16
vn 1 0 1.1102230246251565e-16
vn 1 0 1.1102230246251565e-16
vn 1 -2.220446049250313e-16 -1.1102230246251565e-16
vn 1 -2.220446049250313e-16 -1.1102230246251565e-16
vn 1 -2.220446049250313e-16 -1.1102230246251565e-16
vn 1 -2.220446049250313e-16 0
vn 1 -2.220446049250313e-16 0
vn 1 -2.220446049250313e-16 0
vn 1 -2.220446049250313e-16 0
vn 1 -2.220446049250313e-16 0
vn 1 -2.220446049250313e-16 0
vn 1 -2.220446049250313e-16 0
vn 1 -2.220446049250313e-16 0
vn 1 -2.220446049250313e-16 0
vn 1 0 2.220446049250313e-16
vn 1 0 2.220446049250313e-16
vn 1 0 2.220446049250313e-16
vn 0 0 1
vn 0 0 1
vn 0 0 1
vn 0 0 1
vn 0 0 1
vn 0 0 1
vn 0 0 1
vn 0 0 1
vn 0 0 1
vn 0 0 1
vn 0 0 1
vn 0 0 1
vn 0 0 1
vn 0 0 1
vn 0 0 1
vn 0 0 1
vn 0 0 1
vn 0 0 1
vn 0 0 1
vn 0 0 1
vn 0 0 1
vn 0 0 1
vn 0 0 1
vn 0 0 1
vn 0 0 1
vn 0 0 1
vn 0 0 1
vn 0 0 1
vn 0 0 1
vn 0 0 1
vn 0 0 1
vn 0 0 1
vn 0 0 1
vn 0 0 1
vn 0 0 1
vn 0 0 1
vn 0 0 1
vn 0 0 1
vn 0 0 1
vn 0 0 1
vn 0 0 1
vn 0 0 1
vn 0 0 1
vn 0 0 1
vn 0 0 1
vn 0 0 1
vn 0 0 1
vn 0 0 1
vn 0 0 1
vn 0 0 1
vn 0 0 1
vn 0 0 1
vn 0 0 1
vn 0 0 1
vn 0 0 1
vn 0 0 1
vn 0 0 1
vn 0 0 1
vn 0 0 1
vn 0 0 1
vn 0 0 1
vn 0 0 1
vn 0 0 1
vn 0 0 1
vn 0 0 1
vn 0 0 1
vn 0 0 1
vn 0 0 1
vn 0 0 1
vn 0 0 1
vn 0 0 1
vn 0 0 1
vn 0 0 1
vn 0 0 1
vn 0 0 1
vn 0 0 1
vn 0 0 1
vn 0 0 1
vn 0 0 1
vn 0 0 1
vn 0 0 1
vn 0 0 1
vn 0 0 1
vn 0 0 1
vn 0 0 1
vn 0 0 1
vn 0 0 1
vn 0 0 1
vn 0 0 1
vn 0 0 1
vn 0 0 1
vn 0 0 1
vn 0 0 1
vn 0 0 1
vn 0 0 1
vn 0 0 1
vn 0 0 1
vn 0 0 1
vn 0 0 1
vn 0 0 1
vn 0 0 1
vn 0 0 1
vn 0 0 1
vn 0 0 1
vn 0 0 1
vn 0 0 1
vn 0 0 1
vn 0 0 1
vn 0 0 1
vn 0 0 1
vn 0 0 1
vn 0 0 1
vn 0 0 1
vn 0 0 1
vn 0 0 1
vn 0 0 1
vn 0 0 1
vn 0 0 1
vn 0 0 1
vn 0 0 1
vn 0 0 1
vn 0 0 1
vn 0 0 1
vn 0 0 1
vn 0 0 1
vn 0 0 1
vn 0 0 1
vn 0 0 1
vn 0 0 1
vn 0 0 1
vn 0 0 1
vn 0 0 1
vn 0 0 1
vn 0 0 1
vn 0 0 1
vn 0 0 1
vn 0 0 1
vn 0 0 1
vn 0 0 1
vn 0 0 1
vn 0 0 1
vn 0 0 1
vn 0 0 1
vn 0 0 1
vn 0 0 1
vn 0 0 1
vn 0 0 1
vn 0 0 1
vn 0 0 1
vn 0 0 1
vn 0 0 1
vn 0 0 1
vn 0 0 1
vn 0 0 1
vn 0 0 1
vn 0 0 1
vn 0 0 1
vn 0 0 1
vn 0 0 1
vn 0 0 1
vn 0 0 1
vn 0 0 1
vn 0 0 1
vn 0 0 1
vn 0 0 1
vn 0 0 1
vn 0 0 1
vn 0 0 1
vn 0 0 1
vn 0 0 1
vn 0 0 1
vn 0 0 1
vn 0 0 1
vn 0 0 1
vn 0 0 1
vn 0 0 1
vn 0 0 1
vn 0 0 1
vn 0 0 1
vn 0 0 1
vn 0 0 1
vn 0 0 1
vn 0 0 1
vn 0 0 1
vn 0 0 1
vn 0 0 1
vn 0 0 1
vn 0 0 1
vn 0 0 1
vn 0 0 1
vn 0 0 1
vn 0 0 1
vn 0 0 1
vn 0 0 1
vn 0 0 1
vn 0 0 1
vn 0 0 1
vn 0 0 1
vn 0 0 1
vn 0 0 1
vn 0 0 1
vn 0 0 1
vn 0 0 1
vn 0 0 1
vn 0 0 1
vn 0 0 1
vn 0 0 1
vn 0 0 1
vn 0 0 1
vn 0 0 1
vn 0 0 1
vn 0 0 1
vn 0 0 1
vn 0 0 1
vn 0 0 1
vn 0 0 1
vn 0 0 1
vn 0 0 1
vn 0 0 1
vn 0 0 1
vn 0 0 1
vn 0 0 1
vn 0 0 1
vn 0 0 1
vn 0 0 1
vn 0 0 1
vn 0 0 1
vn 0 0 1
vn 0 0 1
vn 0 0 1
vn 0 0 1
vn 0 0 1
vn 0 0 1
vn 0 0 1
vn 0 0 1
vn 0 0 1
vn 0 0 1
vn 0 0 1
vn 0 0 1
vn 0 0 1
vn 0 0 1
vn 0 0 1
vn 0 0 1
vn 0 0 1
vn 0 0 1
vn 0 0 1
vn 0 0 1
vn 0 0 1
vn 0 0 1
vn 0 0 1
vn 0 0 1
vn 0 0 1
vn 0 0 1
vn 0 0 1
vn 0 0 1
vn 0 0 1
vn 0 0 1
vn 0 0 1
vn 0 0 1
vn 0 0 1
vn 0 0 1
vn 0 0 1
vn 0 0 1
vn 0 0 1
vn 0 0 1
vn 0 0 1
vn 0 0 1
vn 0 0 1
vn 0 0 1
vn 0 0 1
vn 0 0 1
vn 0 0 1
vn 0 0 1
vn 0 0 1
vn 0 0 1
vn 0 0 1
vn -1 0 0
vn -1 0 0
vn -1 0 0
vn -1 0 0
vn -1 0 0
vn -1 0 0
vn -1 0 0
vn -1 0 0
vn -1 0 0
vn -1 0 0
vn -1 0 0
vn -1 0 0
vn 0 0 1
vn 0 0 1
vn 0 0 1
vn 0 0 1
vn 0 0 1
vn 0 0 1
vn -1 0 0
vn -1 0 0
vn -1 0 0
vn -1 0 0
vn -1 0 0
vn -1 0 0
vn -1 0 0
vn -1 0 0
vn -1 0 0
vn -1 0 0
vn -1 0 0
vn -1 0 0
vn -1 0 0
vn -1 0 0
vn -1 0 0
vn -1 0 0
vn -1 0 0
vn -1 0 0
vn -1 0 0
vn -1 0 0
vn -1 0 0
vn -1 0 0
vn -1 0 0
vn -1 0 0
vn -1 0 0
vn -1 0 0
vn -1 0 0
vn -1 0 0
vn -1 0 0
vn -1 0 0
vn 0 0 1
vn 0 0 1
vn 0 0 1
vn 0 0 1
vn 0 0 1
vn 0 0 1
vn 0 0 1
vn 0 0 1
vn 0 0 1
vn 0 0 1
vn 0 0 1
vn 0 0 1
vn -1 0 0
vn -1 0 0
vn -1 0 0
vn -1 0 0
vn -1 0 0
vn -1 0 0
vn -1 0 0
vn -1 0 0
vn -1 0 0
vn -1 0 0
vn -1 0 0
vn -1 0 0
vn -1 0 0
vn -1 0 0
vn -1 0 0
vn -1 0 0
vn -1 0 0
vn -1 0 0
vn 0 0 1
vn 0 0 1
vn 0 0 1
vn 0 0 1
vn 0 0 1
vn 0 0 1
vn 0 0 1
vn 0 0 1
vn 0 0 1
vn 0 0 1
vn 0 0 1
vn 0 0 1
vn 0 0 1
vn 0 0 1
vn 0 0 1
vn 0 0 1
vn 0 0 1
vn 0 0 1
vn -1 0 0
vn -1 0 0
vn -1 0 0
vn -1 0 0
vn -1 0 0
vn -1 0 0
vn -1 0 0
vn -1 0 0
vn -1 0 0
vn -1 0 0
vn -1 0 0
vn -1 0 0
vn -1 0 0
vn -1 0 0
vn -1 0 0
vn -1 0 0
vn -1 0 0
vn -1 0 0
vn -1 0 0
vn -1 0 0
vn -1 0 0
vn -1 0 0
vn -1 0 0
vn -1 0 0
vn -1 0 0
vn -1 0 0
vn -1 0 0
vn -1 0 0
vn -1 0 0
vn -1 0 0
vn -1 0 0
vn -1 0 0
vn -1 0 0
vn -1 0 0
vn -1 0 0
vn -1 0 0
vn -1 0 0
vn -1 0 0
vn -1 0 0
vn -1 0 0
vn -1 0 0
vn -1 0 0
vn -1 0 0
vn -1 0 0
vn -1 0 0
vn -1 0 0
vn -1 0 0
vn -1 0 0
vn 0 0 1
vn 0 0 1
vn 0 0 1
vn 0 0 1
vn 0 0 1
vn 0 0 1
vn 0 0 1
vn 0 0 1
vn 0 0 1
vn 0 0 1
vn 0 0 1
vn 0 0 1
vn -1 0 0
vn -1 0 0
vn -1 0 0
vn -1 0 0
vn -1 0 0
vn -1 0 0
vn -1 0 0
vn -1 0 0
vn -1 0 0
vn -1 0 0
vn -1 0 0
vn -1 0 0
vn -1 0 0
vn -1 0 0
vn -1 0 0
vn -1 0 0
vn -1 0 0
vn -1 0 0
vn -1 0 0
vn -1 0 0
vn -1 0 0
vn -1 0 0
vn -1 0 0
vn -1 0 0
vn -1 0 0
vn -1 0 0
vn -1 0 0
vn -1 0 0
vn -1 0 0
vn -1 0 0
vn 0 0 1
vn 0 0 1
vn 0 0 1
vn 0 0 1
vn 0 0 1
vn 0 0 1
vn 0 0 1
vn 0 0 1
vn 0 0 1
vn 0 0 1
vn 0 0 1
vn 0 0 1
vn -1 0 0
vn -1 0 0
vn -1 0 0
vn -1 0 0
vn -1 0 0
vn -1 0 0
vn -1 0 0
vn -1 0 0
vn -1 0 0
vn -1 0 0
vn -1 0 0
vn -1 0 0
vn -1 0 0
vn -1 0 0
vn -1 0 0
vn -1 0 0
vn -1 0 0
vn -1 0 0
vn -1 0 0
vn -1 0 0
vn -1 0 0
vn -1 0 0
vn -1 0 0
vn -1 0 0
vn 0 0 1
vn 0 0 1
vn 0 0 1
vn 0 0 1
vn 0 0 1
vn 0 0 1
vn 0 0 1
vn 0 0 1
vn 0 0 1
vn 0 0 1
vn 0 0 1
vn 0 0 1
vn -1 0 0
vn -1 0 0
vn -1 0 0
vn -1 0 0
vn -1 0 0
vn -1 0 0
vn -1 0 0
vn -1 0 0
vn -1 0 0
vn -1 0 0
vn -1 0 0
vn -1 0 0
vn -1 0 0
vn -1 0 0
vn -1 0 0
vn -1 0 0
vn -1 0 0
vn -1 0 0
vn -1 0 0
vn -1 0 0
vn -1 0 0
vn -1 0 0
vn -1 0 0
vn -1 0 0
vn -1 0 0
vn -1 0 0
vn -1 0 0
vn -1 0 0
vn -1 0 0
vn -1 0 0
vn -1 0 0
vn -1 0 0
vn -1 0 0
vn -1 0 0
vn -1 0 0
vn -1 0 0
vn 0 0 1
vn 0 0 1
vn 0 0 1
vn 0 0 1
vn 0 0 1
vn 0 0 1
vn -1 0 0
vn -1 0 0
vn -1 0 0
vn -1 0 0
vn -1 0 0
vn -1 0 0
vn -1 0 0
vn -1 0 0
vn -1 0 0
vn -1 0 0
vn -1 0 0
vn -1 0 0
vn -1 0 0
vn -1 0 0
vn -1 0 0
vn -1 0 0
vn -1 0 0
vn -1 0 0
vn 0 0 1
vn 0 0 1
vn 0 0 1
vn 0 0 1
vn 0 0 1
vn 0 0 1
vn 0 0 1
vn 0 0 1
vn 0 0 1
vn 0 0 1
vn 0 0 1
vn 0 0 1
vn 0 0 1
vn 0 0 1
vn 0 0 1
vn 0 0 1
vn 0 0 1
vn 0 0 1
vn 0 0 1
vn 0 0 1
vn 0 0 1
vn 0 0 1
vn 0 0 1
vn 0 0 1
vn 0 0 1
vn 0 0 1
vn 0 0 1
vn 0 0 1
vn 0 0 1
vn 0 0 1
vn 0 0 1
vn 0 0 1
vn 0 0 1
vn 0 0 1
vn 0 0 1
vn 0 0 1
vn 0 0 1
vn 0 0 1
vn 0 0 1
vn 0 0 1
vn 0 0 1
vn 0 0 1
vn 0 0 1
vn 0 0 1
vn 0 0 1
vn 0 0 1
vn 0 0 1
vn 0 0 1
vn 0 0 1
vn 0 0 1
vn 0 0 1
vn 0 0 1
vn 0 0 1
vn 0 0 1
vn 0 0 1
vn 0 0 1
vn 0 0 1
vn 0 0 1
vn 0 0 1
vn 0 0 1
vn 0 0 1
vn 0 0 1
vn 0 0 1
vn 0 0 1
vn 0 0 1
vn 0 0 1
vn 0 0 1
vn 0 0 1
vn 0 0 1
vn 0 0 1
vn 0 0 1
vn 0 0 1
vn 0 0 1
vn 0 0 1
vn 0 0 1
vn 0 0 1
vn 0 0 1
vn 0 0 1
vn 0 0 1
vn 0 0 1
vn 0 0 1
vn 0 0 1
vn 0 0 1
vn 0 0 1
vn 0 0 1
vn 0 0 1
vn 0 0 1
vn 0 0 1
vn 0 0 1
vn 0 0 1
vn 0 0 1
vn 0 0 1
vn 0 0 1
vn 0 0 1
vn 0 0 1
vn 0 0 1
vn 0 0 1
vn 0 0 1
vn 0 0 1
vn 0 0 1
vn 0 0 1
vn 0 0 1
vn 0 0 1
vn 0 0 1
vn 0 0 1
vn 0 0 1
vn 0 0 1
vn 0 0 1
vn 0.04163054471218133 0 0.999133073092352
vn 0.04163054471218133 0 0.999133073092352
vn 0.04163054471218133 0 0.999133073092352
vn 0.04163054471218133 0 0.999133073092352
vn 0.04163054471218133 0 0.999133073092352
vn 0.04163054471218133 0 0.999133073092352
vn 0 0 1
vn 0 0 1
vn 0 0 1
vn 0 0 1
vn 0 0 1
vn 0 0 1
vn -0.02039948067477627 0.02039948067477627 0.9995837745663937
vn -0.02039948067477627 0.02039948067477627 0.9995837745663937
vn -0.02039948067477627 0.02039948067477627 0.9995837745663937
vn 0 0 1
vn 0 0 1
vn 0 0 1
vn -0.46290266738714947 0 0.8864091157732202
vn -0.46290266738714947 0 0.8864091157732202
vn -0.46290266738714947 0 0.8864091157732202
vn -0.46629044691203164 0.018049782972542488 0.8844475249856387
vn -0.46629044691203164 0.018049782972542488 0.8844475249856387
vn -0.46629044691203164 0.018049782972542488 0.8844475249856387
vn 0 0 1
vn 0 0 1
vn 0 0 1
vn 7.450580596923806e-8 -2.4835268656412685e-8 0.9999999999999969
vn 7.450580596923806e-8 -2.4835268656412685e-8 0.9999999999999969
vn 7.450580596923806e-8 -2.4835268656412685e-8 0.9999999999999969
vn 0 0 1
vn 0 0 1
vn 0 0 1
vn 0 0 1
vn 0 0 1
vn 0 0 1
vn 0 0 1
vn 0 0 1
vn 0 0 1
vn 0 0 1
vn 0 0 1
vn 0 0 1
vn 0 0 1
vn 0 0 1
vn 0 0 1
vn 0 0 1
vn 0 0 1
vn 0 0 1
vn 0 0 1
vn 0 0 1
vn 0 0 1
vn 0 0 1
vn 0 0 1
vn 0 0 1
vn 0.9999999950102567 -0.00009989737876140207 0
vn 0.9999999950102567 -0.00009989737876140207 0
vn 0.9999999950102567 -0.00009989737876140207 0
vn 0.9999999950102567 -0.00009989737876140207 0
vn 0.9999999950102567 -0.00009989737876140207 0
vn 0.9999999950102567 -0.00009989737876140207 0
vn 0.000049946203465977627 0.9999999987526884 0
vn 0.000049946203465977627 0.9999999987526884 0
vn 0.000049946203465977627 0.9999999987526884 0
vn 0.000049946203465977627 0.9999999987526884 0
vn 0.000049946203465977627 0.9999999987526884 0
vn 0.000049946203465977627 0.9999999987526884 0
vn 0 0 1
vn 0 0 1
vn 0 0 1
vn 0 0 0.9999999999999999
vn 0 0 0.9999999999999999
vn 0 0 0.9999999999999999
vn 0 0 1
vn 0 0 1
vn 0 0 1
vn 0 0 1
vn 0 0 1
vn 0 0 1
vn 0 0 1
vn 0 0 1
vn 0 0 1
vn 0 0 1
vn 0 0 1
vn 0 0 1
vn 0 0 1
vn 0 0 1
vn 0 0 1
vn 0 0 1
vn 0 0 1
vn 0 0 1
vn 0 0 1
vn 0 0 1
vn 0 0 1
vn 0 0 1
vn 0 0 1
vn 0 0 1
vn 0 0 1
vn 0 0 1
vn 0 0 1
vn 0 0 1
vn 0 0 1
vn 0 0 1
vn 0 0 1
vn 0 0 1
vn 0 0 1
vn 0 0 1
vn 0 0 1
vn 0 0 1
vn 0 0 1
vn 0 0 1
vn 0 0 1
vn 0 0 1
vn 0 0 1
vn 0 0 1
vn 1 0 2.220446049250313e-16
vn 1 0 2.220446049250313e-16
vn 1 0 2.220446049250313e-16
vn 1 0 2.220446049250313e-16
vn 1 0 2.220446049250313e-16
vn 1 0 2.220446049250313e-16
vn 1 0 2.220446049250313e-16
vn 1 0 2.220446049250313e-16
vn 1 0 2.220446049250313e-16
vn 1 0 2.220446049250313e-16
vn 1 0 2.220446049250313e-16
vn 1 0 2.220446049250313e-16
vn 1 2.220446049250313e-16 2.220446049250313e-16
vn 1 2.220446049250313e-16 2.220446049250313e-16
vn 1 2.220446049250313e-16 2.220446049250313e-16
vn 1 0 0
vn 1 0 0
vn 1 0 0
vn 1 2.220446049250313e-16 0
vn 1 2.220446049250313e-16 0
vn 1 2.220446049250313e-16 0
vn 1 2.220446049250313e-16 0
vn 1 2.220446049250313e-16 0
vn 1 2.220446049250313e-16 0
vn 1 0 -1.1102230246251565e-16
vn 1 0 -1.1102230246251565e-16
vn 1 0 -1.1102230246251565e-16
vn 1 2.220446049250313e-16 1.1102230246251565e-16
vn 1 2.220446049250313e-16 1.1102230246251565e-16
vn 1 2.220446049250313e-16 1.1102230246251565e-16
vn 1 0 1.1102230246251565e-16
vn 1 0 1.1102230246251565e-16
vn 1 0 1.1102230246251565e-16
vn 1 -2.220446049250313e-16 -1.1102230246251565e-16
vn 1 -2.220446049250313e-16 -1.1102230246251565e-16
vn 1 -2.220446049250313e-16 -1.1102230246251565e-16
vn 1 -2.220446049250313e-16 -2.220446049250313e-16
vn 1 -2.220446049250313e-16 -2.220446049250313e-16
vn 1 -2.220446049250313e-16 -2.220446049250313e-16
vn 1 0 0
vn 1 0 0
vn 1 0 0
vn 1 2.220446049250313e-16 0
vn 1 2.220446049250313e-16 0
vn 1 2.220446049250313e-16 0
vn 1 0 -2.220446049250313e-16
vn 1 0 -2.220446049250313e-16
vn 1 0 -2.220446049250313e-16
vn 1 0 -1.1102230246251565e-16
vn 1 0 -1.1102230246251565e-16
vn 1 0 -1.1102230246251565e-16
vn 1 2.220446049250313e-16 1.1102230246251565e-16
vn 1 2.220446049250313e-16 1.1102230246251565e-16
vn 1 2.220446049250313e-16 1.1102230246251565e-16
vn 0 0 1
vn 0 0 1
vn 0 0 1
vn 0 0 1
vn 0 0 1
vn 0 0 1
vn 0 0 1
vn 0 0 1
vn 0 0 1
vn 0 0 1
vn 0 0 1
vn 0 0 1
vn 0 0 1
vn 0 0 1
vn 0 0 1
vn 0 0 1
vn 0 0 1
vn 0 0 1
vn 1 0 2.220446049250313e-16
vn 1 0 2.220446049250313e-16
vn 1 0 2.220446049250313e-16
vn 1 0 2.220446049250313e-16
vn 1 0 2.220446049250313e-16
vn 1 0 2.220446049250313e-16
vn 1 0 2.220446049250313e-16
vn 1 0 2.220446049250313e-16
vn 1 0 2.220446049250313e-16
vn 1 0 2.220446049250313e-16
vn 1 0 2.220446049250313e-16
vn 1 0 2.220446049250313e-16
vn 1 0 0
vn 1 0 0
vn 1 0 0
vn 1 0 0
vn 1 0 0
vn 1 0 0
vn 1 0 0
vn 1 0 0
vn 1 0 0
vn 1 0 0
vn 1 0 0
vn 1 0 0
vn 1 0 0
vn 1 0 0
vn 1 0 0
vn 1 0 0
vn 1 0 0
vn 1 0 0
vn 1 0 0
vn 1 0 0
vn 1 0 0
vn 1 0 0
vn 1 0 0
vn 1 0 0
vn 1 0 0
vn 1 0 0
vn 1 0 0
vn 1 0 0
vn 1 0 0
vn 1 0 0
vn 1 0 0
vn 1 0 0
vn 1 0 0
vn 1 0 0
vn 1 0 0
vn 1 0 0
vn 1 0 0
vn 1 0 0
vn 1 0 0
vn 1 0 0
vn 1 0 0
vn 1 0 0
vn 1 0 0
vn 1 0 0
vn 1 0 0
vn 1 0 0
vn 1 0 0
vn 1 0 0
vn 1 0 0
vn 1 0 0
vn 1 0 0
vn 1 0 0
vn 1 0 0
vn 1 0 0
vn 1 0 0
vn 1 0 0
vn 1 0 0
vn 1 0 0
vn 1 0 0
vn 1 0 0
vn 1 0 0
vn 1 0 0
vn 1 0 0
vn 1 0 0
vn 1 0 0
vn 1 0 0
vn 1 0 0
vn 1 0 0
vn 1 0 0
vn 1 0 0
vn 1 0 0
vn 1 0 0
vn 1 0 0
vn 1 0 0
vn 1 0 0
vn 1 0 0
vn 1 0 0
vn 1 0 0
vn 1 0 0
vn 1 0 0
vn 1 0 0
vn 1 0 0
vn 1 0 0
vn 1 0 0
vn 1 0 0
vn 1 0 0
vn 1 0 0
vn 1 0 0
vn 1 0 0
vn 1 0 0
vn 1 0 0
vn 1 0 0
vn 1 0 0
vn 1 0 0
vn 1 0 0
vn 1 0 0
vn 1 0 0
vn 1 0 0
vn 1 0 0
vn 1 0 0
vn 1 0 0
vn 1 0 0
vn 1 0 0
vn 1 0 0
vn 1 0 0
vn 1 0 0
vn 1 0 0
vn 1 0 0
vn 1 0 0
vn 1 0 0
vn 1 0 0
vn 1 0 0
vn 1 0 0
vn 1 0 0
vn 1 0 0
vn 1 0 0
vn 1 0 0
vn 1 0 0
vn 1 0 0
vn 1 0 0
vn 1 0 0
vn 1 0 0
vn 1 0 0
vn 1 0 0
vn 1 0 0
vn 1 0 0
vn 1 0 0
vn 1 0 0
vn 1 0 0
vn 1 0 0
vn 1 0 0
vn 1 0 0
vn 1 0 0
vn 1 0 0
vn 1 0 0
vn 1 0 0
vn 1 0 0
vn 1 0 0
vn 1 0 0
vn 1 0 0
vn 1 0 0
vn 1 0 0
vn 1 0 0
vn 1 0 0
vn 1 0 0
vn 1 0 0
vn 1 0 0
vn 1 0 0
vn 1 0 0
vn 1 0 0
vn 0 0 1
vn 0 0 1
vn 0 0 1
vn 0 0 1
vn 0 0 1
vn 0 0 1
vn 0 0 1
vn 0 0 1
vn 0 0 1
vn 0 0 1
vn 0 0 1
vn 0 0 1
vn 0 0 1
vn 0 0 1
vn 0 0 1
vn 0 0 1
vn 0 0 1
vn 0 0 1
vn 0 0 1
vn 0 0 1
vn 0 0 1
vn 0 0 1
vn 0 0 1
vn 0 0 1
vn 0 1 0
vn 0 1 0
vn 0 1 0
vn 0.00005006790148581817 0.9999999974932052 -0.00005006790148581817
vn 0.00005006790148581817 0.9999999974932052 -0.00005006790148581817
vn 0.00005006790148581817 0.9999999974932052 -0.00005006790148581817
vn 0.00005006790154857315 0.9999999987466026 0
vn 0.00005006790154857315 0.9999999987466026 0
vn 0.00005006790154857315 0.9999999987466026 0
vn 0.00005006790154857315 0.9999999987466026 0
vn 0.00005006790154857315 0.9999999987466026 0
vn 0.00005006790154857315 0.9999999987466026 0
vn 0.00005006790154857315 0.9999999987466026 0
vn 0.00005006790154857315 0.9999999987466026 0
vn 0.00005006790154857315 0.9999999987466026 0
vn 0.00005006790154857315 0.9999999987466026 0
vn 0.00005006790154857315 0.9999999987466026 0
vn 0.00005006790154857315 0.9999999987466026 0
vn 0.00005006790154857315 0.9999999987466026 0
vn 0.00005006790154857315 0.9999999987466026 0
vn 0.00005006790154857315 0.9999999987466026 0
vn 0.00005006790154857315 0.9999999987466026 0
vn 0.00005006790154857315 0.9999999987466026 0
vn 0.00005006790154857315 0.9999999987466026 0
vn 0.00005006790154857315 0.9999999987466026 0
vn 0.00005006790154857315 0.9999999987466026 0
vn 0.00005006790154857315 0.9999999987466026 0
vn 0 0.9999999987466026 0.00005006790154857315
vn 0 0.9999999987466026 0.00005006790154857315
vn 0 0.9999999987466026 0.00005006790154857315
vn 1 0 0
vn 1 0 0
vn 1 0 0
vn 1 0 0
vn 1 0 0
vn 1 0 0
vn 1 -3.749501706229807e-9 0
vn 1 -3.749501706229807e-9 0
vn 1 -3.749501706229807e-9 0
vn 1 -3.749501706229807e-9 0
vn 1 -3.749501706229807e-9 0
vn 1 -3.749501706229807e-9 0
vn 1 -3.749501706229807e-9 -2.499749740536572e-9
vn 1 -3.749501706229807e-9 -2.499749740536572e-9
vn 1 -3.749501706229807e-9 -2.499749740536572e-9
vn 1 -1.249752041642012e-9 2.220446049250313e-16
vn 1 -1.249752041642012e-9 2.220446049250313e-16
vn 1 -1.249752041642012e-9 2.220446049250313e-16
vn 1 0 0
vn 1 0 0
vn 1 0 0
vn 1 -2.4997500385299983e-9 -2.499749740536572e-9
vn 1 -2.4997500385299983e-9 -2.499749740536572e-9
vn 1 -2.4997500385299983e-9 -2.499749740536572e-9
vn 1 0 0
vn 1 0 0
vn 1 0 0
vn 1 0 0
vn 1 0 0
vn 1 0 0
vn 0 0.9999999950181921 -0.00009981791128658052
vn 0 0.9999999950181921 -0.00009981791128658052
vn 0 0.9999999950181921 -0.00009981791128658052
vn 0 0.9999999950181921 -0.00009981791128658052
vn 0 0.9999999950181921 -0.00009981791128658052
vn 0 0.9999999950181921 -0.00009981791128658052
vn 0 0.936298349746069 -0.3512056381420837
vn 0 0.936298349746069 -0.3512056381420837
vn 0 0.936298349746069 -0.3512056381420837
vn 0 0.9362983497460688 -0.35120563814208366
vn 0 0.9362983497460688 -0.35120563814208366
vn 0 0.9362983497460688 -0.35120563814208366
vn 0 0.936359853443057 0.351041628386288
vn 0 0.936359853443057 0.351041628386288
vn 0 0.936359853443057 0.351041628386288
vn 0 0.9363598534430572 0.35104162838628805
vn 0 0.9363598534430572 0.35104162838628805
vn 0 0.9363598534430572 0.35104162838628805
vn 0.000050067894244317545 0.9999998528596098 0.0005401610544969602
vn 0.000050067894244317545 0.9999998528596098 0.0005401610544969602
vn 0.000050067894244317545 0.9999998528596098 0.0005401610544969602
vn 0 0.9999999278213442 0.0003799438202324138
vn 0 0.9999999278213442 0.0003799438202324138
vn 0 0.9999999278213442 0.0003799438202324138
vn 0 0.9999999949289485 -0.0001007080073018045
vn 0 0.9999999949289485 -0.0001007080073018045
vn 0 0.9999999949289485 -0.0001007080073018045
vn 0.00005006790145991906 0.9999999969759255 0.00005950927716378951
vn 0.00005006790145991906 0.9999999969759255 0.00005950927716378951
vn 0.00005006790145991906 0.9999999969759255 0.00005950927716378951
vn 0.9999999999999989 3.875580849882315e-8 2.326896614776481e-8
vn 0.9999999999999989 3.875580849882315e-8 2.326896614776481e-8
vn 0.9999999999999989 3.875580849882315e-8 2.326896614776481e-8
vn 1 -4.814846614846541e-10 -2.8831771655481567e-10
vn 1 -4.814846614846541e-10 -2.8831771655481567e-10
vn 1 -4.814846614846541e-10 -2.8831771655481567e-10
vn 0.9999999999999978 -6.324198055050667e-8 -2.324095793407776e-8
vn 0.9999999999999978 -6.324198055050667e-8 -2.324095793407776e-8
vn 0.9999999999999978 -6.324198055050667e-8 -2.324095793407776e-8
vn 0.9999999999999993 3.875581797525679e-8 2.867894228992236e-10
vn 0.9999999999999993 3.875581797525679e-8 2.867894228992236e-10
vn 0.9999999999999993 3.875581797525679e-8 2.867894228992236e-10
vn 1 -4.326488159187228e-9 8.881784197001252e-16
vn 1 -4.326488159187228e-9 8.881784197001252e-16
vn 1 -4.326488159187228e-9 8.881784197001252e-16
vn 1 -4.3264903454725685e-9 0
vn 1 -4.3264903454725685e-9 0
vn 1 -4.3264903454725685e-9 0
vn 1 0 0
vn 1 0 0
vn 1 0 0
vn 1 0 0
vn 1 0 0
vn 1 0 0
vn 0 0.9999999950054919 -0.00009994506786019855
vn 0 0.9999999950054919 -0.00009994506786019855
vn 0 0.9999999950054919 -0.00009994506786019855
vn 0.00005006790145763132 0.9999999969302327 0.00006027221661185332
vn 0.00005006790145763132 0.9999999969302327 0.00006027221661185332
vn 0.00005006790145763132 0.9999999969302327 0.00006027221661185332
vn 1 0 -3.7495003768484025e-9
vn 1 0 -3.7495003768484025e-9
vn 1 0 -3.7495003768484025e-9
vn 1 0 -3.7495003768484025e-9
vn 1 0 -3.7495003768484025e-9
vn 1 0 -3.7495003768484025e-9
vn 1 -2.499749749909695e-9 -3.7495003768484025e-9
vn 1 -2.499749749909695e-9 -3.7495003768484025e-9
vn 1 -2.499749749909695e-9 -3.7495003768484025e-9
vn 1 0 -1.2497506363118305e-9
vn 1 0 -1.2497506363118305e-9
vn 1 0 -1.2497506363118305e-9
vn 1 0 0
vn 1 0 0
vn 1 0 0
vn 1 0 0
vn 1 0 0
vn 1 0 0
vn 0 0.9999999950181923 -0.00009981791128658052
vn 0 0.9999999950181923 -0.00009981791128658052
vn 0 0.9999999950181923 -0.00009981791128658052
vn 0 0.9999999950181923 -0.00009981791128658052
vn 0 0.9999999950181923 -0.00009981791128658052
vn 0 0.9999999950181923 -0.00009981791128658052
vn 0 0.9362983497460688 -0.35120563814208366
vn 0 0.9362983497460688 -0.35120563814208366
vn 0 0.9362983497460688 -0.35120563814208366
vn 0 0.9362983497460687 -0.35120563814208366
vn 0 0.9362983497460687 -0.35120563814208366
vn 0 0.9362983497460687 -0.35120563814208366
vn 0 0.9363600002052214 0.35104123691623196
vn 0 0.9363600002052214 0.35104123691623196
vn 0 0.9363600002052214 0.35104123691623196
vn 0 0.9363600002052213 0.35104123691623185
vn 0 0.9363600002052213 0.35104123691623185
vn 0 0.9363600002052213 0.35104123691623185
vn 0.000050067894244317545 0.9999998528596098 0.0005401610544969598
vn 0.000050067894244317545 0.9999998528596098 0.0005401610544969598
vn 0.000050067894244317545 0.9999998528596098 0.0005401610544969598
vn 0 0.9999999278213442 0.0003799438202324138
vn 0 0.9999999278213442 0.0003799438202324138
vn 0 0.9999999278213442 0.0003799438202324138
vn 0.9999999999999989 3.875580849882315e-8 2.3268960463422924e-8
vn 0.9999999999999989 3.875580849882315e-8 2.3268960463422924e-8
vn 0.9999999999999989 3.875580849882315e-8 2.3268960463422924e-8
vn 1 -4.814788342596757e-10 -2.8831990234769643e-10
vn 1 -4.814788342596757e-10 -2.8831990234769643e-10
vn 1 -4.814788342596757e-10 -2.8831990234769643e-10
vn 0.9999999999999976 -6.64904667708748e-8 -2.3990281362561814e-8
vn 0.9999999999999976 -6.64904667708748e-8 -2.3990281362561814e-8
vn 0.9999999999999976 -6.64904667708748e-8 -2.3990281362561814e-8
vn 0.9999999999999993 3.875580849882317e-8 2.8678942326350157e-10
vn 0.9999999999999993 3.875580849882317e-8 2.8678942326350157e-10
vn 0.9999999999999993 3.875580849882317e-8 2.8678942326350157e-10
vn 1 -4.3264903454725685e-9 0
vn 1 -4.3264903454725685e-9 0
vn 1 -4.3264903454725685e-9 0
vn 1 -8.941259766769551e-9 -1.874750077401899e-9
vn 1 -8.941259766769551e-9 -1.874750077401899e-9
vn 1 -8.941259766769551e-9 -1.874750077401899e-9
vn 1 0 0
vn 1 0 0
vn 1 0 0
vn 1 0 0
vn 1 0 0
vn 1 0 0
vn 1 0 0
vn 1 0 0
vn 1 0 0
vn 1 0 0
vn 1 0 0
vn 1 0 0
vn 1 0 0
vn 1 0 0
vn 1 0 0
vn 1 0 0
vn 1 0 0
vn 1 0 0
vn 1 0 0
vn 1 0 0
vn 1 0 0
vn 1 0 0
vn 1 0 0
vn 1 0 0
vn 1 -1.249752041642012e-9 2.4997481131617856e-9
vn 1 -1.249752041642012e-9 2.4997481131617856e-9
vn 1 -1.249752041642012e-9 2.4997481131617856e-9
vn 1 -2.499749749909695e-9 1.2497504048941023e-9
vn 1 -2.499749749909695e-9 1.2497504048941023e-9
vn 1 -2.499749749909695e-9 1.2497504048941023e-9
vn 1 0 3.7495020421829395e-9
vn 1 0 3.7495020421829395e-9
vn 1 0 3.7495020421829395e-9
vn 1 -3.749501706229807e-9 -1.1102230246251565e-16
vn 1 -3.749501706229807e-9 -1.1102230246251565e-16
vn 1 -3.749501706229807e-9 -1.1102230246251565e-16
vn 1 0 3.7495020421829395e-9
vn 1 0 3.7495020421829395e-9
vn 1 0 3.7495020421829395e-9
vn 1 0 3.7495020421829395e-9
vn 1 0 3.7495020421829395e-9
vn 1 0 3.7495020421829395e-9
vn 1 -2.4997500385299983e-9 -1.7763568394002505e-15
vn 1 -2.4997500385299983e-9 -1.7763568394002505e-15
vn 1 -2.4997500385299983e-9 -1.7763568394002505e-15
vn 1 0 2.4997479641797327e-9
vn 1 0 2.4997479641797327e-9
vn 1 0 2.4997479641797327e-9
vn 0.9999999999999999 3.7496897812819814e-9 0
vn 0.9999999999999999 3.7496897812819814e-9 0
vn 0.9999999999999999 3.7496897812819814e-9 0
vn 0.9999999999999999 3.7496880048361994e-9 -1.7763568394002503e-15
vn 0.9999999999999999 3.7496880048361994e-9 -1.7763568394002503e-15
vn 0.9999999999999999 3.7496880048361994e-9 -1.7763568394002503e-15
vn 1 0 0
vn 1 0 0
vn 1 0 0
vn 0.9999999999999999 3.7496897812819814e-9 3.7495020421829395e-9
vn 0.9999999999999999 3.7496897812819814e-9 3.7495020421829395e-9
vn 0.9999999999999999 3.7496897812819814e-9 3.7495020421829395e-9
vn 1 0 0
vn 1 0 0
vn 1 0 0
vn 1 0 0
vn 1 0 0
vn 1 0 0
vn 1 0 -1.2497497481334108e-9
vn 1 0 -1.2497497481334108e-9
vn 1 0 -1.2497497481334108e-9
vn 1 0 -1.2497497481334108e-9
vn 1 0 -1.2497497481334108e-9
vn 1 0 -1.2497497481334108e-9
vn 1 0 -3.749499488669983e-9
vn 1 0 -3.749499488669983e-9
vn 1 0 -3.749499488669983e-9
vn 1 2.499749740536572e-9 -1.2497497481334108e-9
vn 1 2.499749740536572e-9 -1.2497497481334108e-9
vn 1 2.499749740536572e-9 -1.2497497481334108e-9
vn 1 2.499749740536572e-9 0
vn 1 2.499749740536572e-9 0
vn 1 2.499749740536572e-9 0
vn 1 2.499749740536572e-9 0
vn 1 2.499749740536572e-9 0
vn 1 2.499749740536572e-9 0
vn 0.9999999999999999 -3.749687116613308e-9 0
vn 0.9999999999999999 -3.749687116613308e-9 0
vn 0.9999999999999999 -3.749687116613308e-9 0
vn 0.9999999999999999 -3.749687116613308e-9 0
vn 0.9999999999999999 -3.749687116613308e-9 0
vn 0.9999999999999999 -3.749687116613308e-9 0
vn 0.9999999999999999 1.1102786139455607e-16 0
vn 0.9999999999999999 1.1102786139455607e-16 0
vn 0.9999999999999999 1.1102786139455607e-16 0
vn 0.9999999999999999 -3.749687116613308e-9 -3.749499488669983e-9
vn 0.9999999999999999 -3.749687116613308e-9 -3.749499488669983e-9
vn 0.9999999999999999 -3.749687116613308e-9 -3.749499488669983e-9
vn 0 0 1
vn 0 0 1
vn 0 0 1
vn 0 0 1
vn 0 0 1
vn 0 0 1
vn 0 0 1
vn 0 0 1
vn 0 0 1
vn 0 0 1
vn 0 0 1
vn 0 0 1
vn 0 0 1
vn 0 0 1
vn 0 0 1
vn 0 0 1
vn 0 0 1
vn 0 0 1
vn 0 0 1
vn 0 0 1
vn 0 0 1
vn 0 0 1
vn 0 0 1
vn 0 0 1
vn 0 0 1
vn 0 0 1
vn 0 0 1
vn 0 0 1
vn 0 0 1
vn 0 0 1
vn 0 0 1
vn 0 0 1
vn 0 0 1
vn 0 0 1
vn 0 0 1
vn 0 0 1
vn 0 0 1
vn 0 0 1
vn 0 0 1
vn 0 0 1
vn 0 0 1
vn 0 0 1
vn 0 0 1
vn 0 0 1
vn 0 0 1
vn 0 0 1
vn 0 0 1
vn 0 0 1
vn 0 0 1
vn 0 0 1
vn 0 0 1
vn 0 0 1
vn 0 0 1
vn 0 0 1
vn 0 0 1
vn 0 0 1
vn 0 0 1
vn 0 0 1
vn 0 0 1
vn 0 0 1
vn 0 0 1
vn 0 0 1
vn 0 0 1
vn 0 0 1
vn 0 0 1
vn 0 0 1
vn 0 0 1
vn 0 0 1
vn 0 0 1
vn 0 0 1
vn 0 0 1
vn 0 0 1
vn 0 0 1
vn 0 0 1
vn 0 0 1
vn 0 0 1
vn 0 0 1
vn 0 0 1
vn 0 0 1
vn 0 0 1
vn 0 0 1
vn 0 0 1
vn 0 0 1
vn 0 0 1
vn 0 0 1
vn 0 0 1
vn 0 0 1
vn 0 0 1
vn 0 0 1
vn 0 0 1
vn 0 0 1
vn 0 0 1
vn 0 0 1
vn 0 0 1
vn 0 0 1
vn 0 0 1
vn 0 0 1
vn 0 0 1
vn 0 0 1
vn 0 0 1
vn 0 0 1
vn 0 0 1
vn 0 0 1
vn 0 0 1
vn 0 0 1
vn 0 0 1
vn 0 0 1
vn 0 0 1
vn 0 0 1
vn 0 0 1
vn 0 0 1
vn 0 0 1
vn 0 0 1
vn 0 0 1
vn 0 0 1
vn 0 0 1
vn 0 0 1
vn 0 0 1
vn 0 0 1
vn 0 0 1
vn 0 0 1
vn 0 0 1
vn 0 0 1
vn 0 0 1
vn 0 0 1
vn 0 0 1
vn 0 0 1
vn 0 0 1
vn 0 0 1
vn 0 0 1
vn 0 0 1
vn 0 0 1
vn 0 0 1
vn 0 0 1
vn 0 0 1
vn 0 0 1
vn 0 0 1
vn 0 0 1
vn 0 0 1
vn 0 0 1
vn 0 0 1
vn 0 0 1
vn 0 0 1
vn 0 0 1
vn 0.0000999899998081756 0.9999999950009999 0
vn 0.0000999899998081756 0.9999999950009999 0
vn 0.0000999899998081756 0.9999999950009999 0
vn 0.0000999899998081756 0.9999999950009999 0
vn 0.0000999899998081756 0.9999999950009999 0
vn 0.0000999899998081756 0.9999999950009999 0
vn 0 1 0
vn 0 1 0
vn 0 1 0
vn 0 1 0
vn 0 1 0
vn 0 1 0
vn 0.0000999899998081756 0.9999999950009999 0
vn 0.0000999899998081756 0.9999999950009999 0
vn 0.0000999899998081756 0.9999999950009999 0
vn 0.0000999899998081756 0.9999999950009999 0
vn 0.0000999899998081756 0.9999999950009999 0
vn 0.0000999899998081756 0.9999999950009999 0
vn 0 1 0
vn 0 1 0
vn 0 1 0
vn 0 1 0
vn 0 1 0
vn 0 1 0
vn 0.0000999899998081756 0.9999999950009999 0
vn 0.0000999899998081756 0.9999999950009999 0
vn 0.0000999899998081756 0.9999999950009999 0
vn 0.0000999899998081756 0.9999999950009999 0
vn 0.0000999899998081756 0.9999999950009999 0
vn 0.0000999899998081756 0.9999999950009999 0
vn 0.0000999899998081756 0.9999999950009999 0
vn 0.0000999899998081756 0.9999999950009999 0
vn 0.0000999899998081756 0.9999999950009999 0
vn 0.0000999899998081756 0.9999999950009999 0
vn 0.0000999899998081756 0.9999999950009999 0
vn 0.0000999899998081756 0.9999999950009999 0
vn 0 1 3.749624610804858e-9
vn 0 1 3.749624610804858e-9
vn 0 1 3.749624610804858e-9
vn -0.00004999125046693484 0.9999999975006875 0.000049995000029059686
vn -0.00004999125046693484 0.9999999975006875 0.000049995000029059686
vn -0.00004999125046693484 0.9999999975006875 0.000049995000029059686
vn 0 0.9999999987502501 0.00004999500009153157
vn 0 0.9999999987502501 0.00004999500009153157
vn 0 0.9999999987502501 0.00004999500009153157
vn 0.00009998999968321312 0.99999999375125 -0.00004999499984160656
vn 0.00009998999968321312 0.99999999375125 -0.00004999499984160656
vn 0.00009998999968321312 0.99999999375125 -0.00004999499984160656
vn 0 0.9999999987502501 0.00004999500009153157
vn 0 0.9999999987502501 0.00004999500009153157
vn 0 0.9999999987502501 0.00004999500009153157
vn 0.00009998999968321312 0.99999999375125 -0.00004999499984160656
vn 0.00009998999968321312 0.99999999375125 -0.00004999499984160656
vn 0.00009998999968321312 0.99999999375125 -0.00004999499984160656
vn 0 0.9999999987502501 -0.00004999500009153157
vn 0 0.9999999987502501 -0.00004999500009153157
vn 0 0.9999999987502501 -0.00004999500009153157
vn -0.00009998999968321312 0.99999999375125 0.00004999499984160656
vn -0.00009998999968321312 0.99999999375125 0.00004999499984160656
vn -0.00009998999968321312 0.99999999375125 0.00004999499984160656
vn 0 0.9999999987502501 -0.00004999500009153157
vn 0 0.9999999987502501 -0.00004999500009153157
vn 0 0.9999999987502501 -0.00004999500009153157
vn 0 0.9999999987502501 -0.00004999500009153157
vn 0 0.9999999987502501 -0.00004999500009153157
vn 0 0.9999999987502501 -0.00004999500009153157
vn 0 0.9999999987502501 -0.00004999500009153157
vn 0 0.9999999987502501 -0.00004999500009153157
vn 0 0.9999999987502501 -0.00004999500009153157
vn -0.00004999500009153157 0.9999999987502501 0
vn -0.00004999500009153157 0.9999999987502501 0
vn -0.00004999500009153157 0.9999999987502501 0
vn 0 0.9999999987502501 0.00004999500009153157
vn 0 0.9999999987502501 0.00004999500009153157
vn 0 0.9999999987502501 0.00004999500009153157
vn 0.00009998999968321312 0.99999999375125 -0.00004999499984160656
vn 0.00009998999968321312 0.99999999375125 -0.00004999499984160656
vn 0.00009998999968321312 0.99999999375125 -0.00004999499984160656
vn 0 0.9999999987502501 0.00004999500009153157
vn 0 0.9999999987502501 0.00004999500009153157
vn 0 0.9999999987502501 0.00004999500009153157
vn 0 0.9999999987502501 0.00004999500009153157
vn 0 0.9999999987502501 0.00004999500009153157
vn 0 0.9999999987502501 0.00004999500009153157
vn 0 0.9999999987502501 -0.00004999500009153157
vn 0 0.9999999987502501 -0.00004999500009153157
vn 0 0.9999999987502501 -0.00004999500009153157
vn -0.00009998999968321312 0.99999999375125 0.00004999499984160656
vn -0.00009998999968321312 0.99999999375125 0.00004999499984160656
vn -0.00009998999968321312 0.99999999375125 0.00004999499984160656
vn 0 0.9999999987502501 0.00004999500009153157
vn 0 0.9999999987502501 0.00004999500009153157
vn 0 0.9999999987502501 0.00004999500009153157
vn 0 0.9999999987502501 0.00004999500009153157
vn 0 0.9999999987502501 0.00004999500009153157
vn 0 0.9999999987502501 0.00004999500009153157
vn 0 0.9999999987502501 0.00004999500009153157
vn 0 0.9999999987502501 0.00004999500009153157
vn 0 0.9999999987502501 0.00004999500009153157
vn 0 0.9999999987502501 0.00004999500009153157
vn 0 0.9999999987502501 0.00004999500009153157
vn 0 0.9999999987502501 0.00004999500009153157
vn 0 0.9999999987502501 0.00004999500009153157
vn 0 0.9999999987502501 0.00004999500009153157
vn 0 0.9999999987502501 0.00004999500009153157
vn 0.00009998999968321312 0.99999999375125 -0.00004999499984160656
vn 0.00009998999968321312 0.99999999375125 -0.00004999499984160656
vn 0.00009998999968321312 0.99999999375125 -0.00004999499984160656
vn 0 0.9999999987502501 0.00004999500009153157
vn 0 0.9999999987502501 0.00004999500009153157
vn 0 0.9999999987502501 0.00004999500009153157
vn 0 0.9999999987502501 0.00004999500009153157
vn 0 0.9999999987502501 0.00004999500009153157
vn 0 0.9999999987502501 0.00004999500009153157
vn 0 0.9999999987502501 -0.00004999500009153157
vn 0 0.9999999987502501 -0.00004999500009153157
vn 0 0.9999999987502501 -0.00004999500009153157
vn -0.00009998999968321312 0.99999999375125 0.00004999499984160656
vn -0.00009998999968321312 0.99999999375125 0.00004999499984160656
vn -0.00009998999968321312 0.99999999375125 0.00004999499984160656
vn -1 0 0
vn -1 0 0
vn -1 0 0
vn -1 0 0
vn -1 0 0
vn -1 0 0
vn 1 0 0
vn 1 0 0
vn 1 0 0
vn 1 0 0
vn 1 0 0
vn 1 0 0
vn 1 0 0
vn 1 0 0
vn 1 0 0
vn 1 0 0
vn 1 0 0
vn 1 0 0
vn -0.0000999899998081756 0.9999999950009999 0
vn -0.0000999899998081756 0.9999999950009999 0
vn -0.0000999899998081756 0.9999999950009999 0
vn -0.0000999899998081756 0.9999999950009999 0
vn -0.0000999899998081756 0.9999999950009999 0
vn -0.0000999899998081756 0.9999999950009999 0
vn -0.00004999125052941141 0.9999999987504374 -3.749562129522309e-9
vn -0.00004999125052941141 0.9999999987504374 -3.749562129522309e-9
vn -0.00004999125052941141 0.9999999987504374 -3.749562129522309e-9
vn -0.00004999500009153157 0.9999999987502501 0
vn -0.00004999500009153157 0.9999999987502501 0
vn -0.00004999500009153157 0.9999999987502501 0
vn -0.00004999500009153157 0.9999999987502501 -1.1101120043551032e-20
vn -0.00004999500009153157 0.9999999987502501 -1.1101120043551032e-20
vn -0.00004999500009153157 0.9999999987502501 -1.1101120043551032e-20
vn 0.00005006790129791861 0.9999999937403105 -0.00010006290113897824
vn 0.00005006790129791861 0.9999999937403105 -0.00010006290113897824
vn 0.00005006790129791861 0.9999999937403105 -0.00010006290113897824
vn 0.00009998999930759648 0.999999989994708 -0.00010006290076418238
vn 0.00009998999930759648 0.999999989994708 -0.00010006290076418238
vn 0.00009998999930759648 0.999999989994708 -0.00010006290076418238
vn 0 0.9999999999999973 -7.290145731531064e-8
vn 0 0.9999999999999973 -7.290145731531064e-8
vn 0 0.9999999999999973 -7.290145731531064e-8
vn -0.00009998999980817535 0.9999999950009972 -7.290145695087625e-8
vn -0.00009998999980817535 0.9999999950009972 -7.290145695087625e-8
vn -0.00009998999980817535 0.9999999950009972 -7.290145695087625e-8
vn 0 0.999999994993708 -0.00010006290126439683
vn 0 0.999999994993708 -0.00010006290126439683
vn 0 0.999999994993708 -0.00010006290126439683
vn 0 0.9999999949864105 0.00010013580272061643
vn 0 0.9999999949864105 0.00010013580272061643
vn 0 0.9999999949864105 0.00010013580272061643
vn 0.00010013580272061643 0.9999999949864105 0
vn 0.00010013580272061643 0.9999999949864105 0
vn 0.00010013580272061643 0.9999999949864105 0
vn 0 0.9999999949864105 0.00010013580272061643
vn 0 0.9999999949864105 0.00010013580272061643
vn 0 0.9999999949864105 0.00010013580272061643
vn 0 0.9999999949864105 0.00010013580272061643
vn 0 0.9999999949864105 0.00010013580272061643
vn 0 0.9999999949864105 0.00010013580272061643
vn 0.00010013580272061643 0.9999999949864105 0
vn 0.00010013580272061643 0.9999999949864105 0
vn 0.00010013580272061643 0.9999999949864105 0
vn 0.00010013580272061643 0.9999999949864105 0
vn 0.00010013580272061643 0.9999999949864105 0
vn 0.00010013580272061643 0.9999999949864105 0
vn -1 0 0
vn -1 0 0
vn -1 0 0
vn -1 0 0
vn -1 0 0
vn -1 0 0
vn -1 0 0
vn -1 0 0
vn -1 0 0
vn -1 0 0
vn -1 0 0
vn -1 0 0
vn 0 -0.4472135954999579 0.8944271909999159
vn 0 -0.4472135954999579 0.8944271909999159
vn 0 -0.4472135954999579 0.8944271909999159
vn -0.447213595499958 0 0.894427190999916
vn -0.447213595499958 0 0.894427190999916
vn -0.447213595499958 0 0.894427190999916
vn -1 0 0
vn -1 0 0
vn -1 0 0
vn -1 0 0
vn -1 0 0
vn -1 0 0
vn 0 0 0.9999999999999999
vn 0 0 0.9999999999999999
vn 0 0 0.9999999999999999
vn 0 0 1
vn 0 0 1
vn 0 0 1
vn -1 0 0
vn -1 0 0
vn -1 0 0
vn -1 0 0
vn -1 0 0
vn -1 0 0
vn 0 0 1
vn 0 0 1
vn 0 0 1
vn 0 0 1
vn 0 0 1
vn 0 0 1
vn 0.00005006790154857315 0.9999999987466026 0
vn 0.00005006790154857315 0.9999999987466026 0
vn 0.00005006790154857315 0.9999999987466026 0
vn 0.00010013580259510648 0.9999999937330131 -0.00005006790129755324
vn 0.00010013580259510648 0.9999999937330131 -0.00005006790129755324
vn 0.00010013580259510648 0.9999999937330131 -0.00005006790129755324
vn -1 0 0
vn -1 0 0
vn -1 0 0
vn -1 0 0
vn -1 0 0
vn -1 0 0
vn -1 0 0
vn -1 0 0
vn -1 0 0
vn -1 0 0
vn -1 0 0
vn -1 0 0
vn 0 0 1
vn 0 0 1
vn 0 0 1
vn 0 0 1
vn 0 0 1
vn 0 0 1
vn 0.00005006790154857316 0.9999999987466027 -2.499812309750743e-9
vn 0.00005006790154857316 0.9999999987466027 -2.499812309750743e-9
vn 0.00005006790154857316 0.9999999987466027 -2.499812309750743e-9
vn -0.00005007040098469639 0.9999999937328882 0.00010013580259509397
vn -0.00005007040098469639 0.9999999937328882 0.00010013580259509397
vn -0.00005007040098469639 0.9999999937328882 0.00010013580259509397
vn -0.000050070401235728826 0.9999999987464776 0
vn -0.000050070401235728826 0.9999999987464776 0
vn -0.000050070401235728826 0.9999999987464776 0
vn -0.00001669180025436561 0.9999999993036263 -0.00003337860105097477
vn -0.00001669180025436561 0.9999999993036263 -0.00003337860105097477
vn -0.00001669180025436561 0.9999999993036263 -0.00003337860105097477
vn 0 0.9999999994429345 -0.00003337860105562468
vn 0 0.9999999994429345 -0.00003337860105562468
vn 0 0.9999999994429345 -0.00003337860105562468
vn -0.00005006790154857315 0.9999999987466026 0
vn -0.00005006790154857315 0.9999999987466026 0
vn -0.00005006790154857315 0.9999999987466026 0
vn 0 0 1
vn 0 0 1
vn 0 0 1
vn 0 0 1
vn 0 0 1
vn 0 0 1
vn 0 0 1
vn 0 0 1
vn 0 0 1
vn 0.4082482908891217 -0.4082482903788113 0.8164965807576225
vn 0.4082482908891217 -0.4082482903788113 0.8164965807576225
vn 0.4082482908891217 -0.4082482903788113 0.8164965807576225
vn 0 0 1
vn 0 0 1
vn 0 0 1
vn 0 0 1
vn 0 0 1
vn 0 0 1
vn 0.000100453694154622 0.9999999949545277 0
vn 0.000100453694154622 0.9999999949545277 0
vn 0.000100453694154622 0.9999999949545277 0
vn 0.000100453694154622 0.9999999949545277 0
vn 0.000100453694154622 0.9999999949545277 0
vn 0.000100453694154622 0.9999999949545277 0
vn 0.35120524674916215 0.9362984965575134 0
vn 0.35120524674916215 0.9362984965575134 0
vn 0.35120524674916215 0.9362984965575134 0
vn 0.35120524674916215 0.9362984965575134 0
vn 0.35120524674916215 0.9362984965575134 0
vn 0.35120524674916215 0.9362984965575134 0
vn -0.35104123691623185 0.9363600002052213 0
vn -0.35104123691623185 0.9363600002052213 0
vn -0.35104123691623185 0.9363600002052213 0
vn -0.35104123691623185 0.9363600002052213 0
vn -0.35104123691623185 0.9363600002052213 0
vn -0.35104123691623185 0.9363600002052213 0
vn -0.0005401610533329804 0.9999998528596103 0.00005006789424431757
vn -0.0005401610533329804 0.9999998528596103 0.00005006789424431757
vn -0.0005401610533329804 0.9999998528596103 0.00005006789424431757
vn -0.0003799438202324138 0.9999999278213441 0
vn -0.0003799438202324138 0.9999999278213441 0
vn -0.0003799438202324138 0.9999999278213441 0
vn -0.00022048949659350819 0.9999999756921906 0
vn -0.00022048949659350819 0.9999999756921906 0
vn -0.00022048949659350819 0.9999999756921906 0
vn -0.00022048949659350819 0.9999999756921906 0
vn -0.00022048949659350819 0.9999999756921906 0
vn -0.00022048949659350819 0.9999999756921906 0
vn 0 0 0.9999999999999999
vn 0 0 0.9999999999999999
vn 0 0 0.9999999999999999
vn 0 0 1
vn 0 0 1
vn 0 0 1
vn 0 0 1
vn 0 0 1
vn 0 0 1
vn 0 0 1
vn 0 0 1
vn 0 0 1
vn 0 0 1
vn 0 0 1
vn 0 0 1
vn 0 0 1
vn 0 0 1
vn 0 0 1
vn 0 0 1
vn 0 0 1
vn 0 0 1
vn 0 0 1
vn 0 0 1
vn 0 0 1
vn 0 0 1
vn 0 0 1
vn 0 0 1
vn 0 0 1
vn 0 0 1
vn 0 0 1
vn 0 0 1
vn 0 0 1
vn 0 0 1
vn 0 0 1
vn 0 0 1
vn 0 0 1
vn 0 0 0.9999999999999999
vn 0 0 0.9999999999999999
vn 0 0 0.9999999999999999
vn 0 0 1
vn 0 0 1
vn 0 0 1
vn 0 0 1
vn 0 0 1
vn 0 0 1
vn 0 0 1
vn 0 0 1
vn 0 0 1
vn 0 0 1
vn 0 0 1
vn 0 0 1
vn 0 0 1
vn 0 0 1
vn 0 0 1
vn -1 0 0
vn -1 0 0
vn -1 0 0
vn -1 0 0
vn -1 0 0
vn -1 0 0
vn -1 0 0
vn -1 0 0
vn -1 0 0
vn -1 0 0
vn -1 0 0
vn -1 0 0
vn -1 0 0
vn -1 0 0
vn -1 0 0
vn -1 0 0
vn -1 0 0
vn -1 0 0
vn -1 0 0
vn -1 0 0
vn -1 0 0
vn -1 0 0
vn -1 0 0
vn -1 0 0
vn 0 0 1
vn 0 0 1
vn 0 0 1
vn 0 0 1
vn 0 0 1
vn 0 0 1
vn 0 0 1
vn 0 0 1
vn 0 0 1
vn 0 0 1
vn 0 0 1
vn 0 0 1
vn 1 0 0
vn 1 0 0
vn 1 0 0
vn 1 0 0
vn 1 0 0
vn 1 0 0
vn 1 0 0
vn 1 0 0
vn 1 0 0
vn 1 0 0
vn 1 0 0
vn 1 0 0
vn 0 0 1
vn 0 0 1
vn 0 0 1
vn 0 0 1
vn 0 0 1
vn 0 0 1
vn 0 0 1
vn 0 0 1
vn 0 0 1
vn 0 0 1
vn 0 0 1
vn 0 0 1
vn 0 0 1
vn 0 0 1
vn 0 0 1
vn 0 0 1
vn 0 0 1
vn 0 0 1
vn 0 0 1
vn 0 0 1
vn 0 0 1
vn 0 0 1
vn 0 0 1
vn 0 0 1
vn 0 0 1
vn 0 0 1
vn 0 0 1
vn 0 0 1
vn 0 0 1
vn 0 0 1
vn 0 0 1
vn 0 0 1
vn 0 0 1
vn 0 0 1
vn 0 0 1
vn 0 0 1
vn 0 0 1
vn 0 0 1
vn 0 0 1
vn 0 0 1
vn 0 0 1
vn 0 0 1
vn 0 0 1
vn 0 0 1
vn 0 0 1
vn 0 0 1
vn 0 0 1
vn 0 0 1
vn 0 0 1
vn 0 0 1
vn 0 0 1
vn 0 0 1
vn 0 0 1
vn 0 0 1
vn 0.00010013580272061643 0.9999999949864105 0
vn 0.00010013580272061643 0.9999999949864105 0
vn 0.00010013580272061643 0.9999999949864105 0
vn 0.00010013580272061643 0.9999999949864105 0
vn 0.00010013580272061643 0.9999999949864105 0
vn 0.00010013580272061643 0.9999999949864105 0
vn 0 0 1
vn 0 0 1
vn 0 0 1
vn 0 0 1
vn 0 0 1
vn 0 0 1
vn 0 0 1
vn 0 0 1
vn 0 0 1
vn 0 0 1
vn 0 0 1
vn 0 0 1
vn 0 0 1
vn 0 0 1
vn 0 0 1
vn 0 0 1
vn 0 0 1
vn 0 0 1
vn 0 0 1
vn 0 0 1
vn 0 0 1
vn 0 0 1
vn 0 0 1
vn 0 0 1
vn 0 0 1
vn 0 0 1
vn 0 0 1
vn 0 0 1
vn 0 0 1
vn 0 0 1
vn 0 0 1
vn 0 0 1
vn 0 0 1
vn 0 0 1
vn 0 0 1
vn 0 0 1
vn 0 0 1
vn 0 0 1
vn 0 0 1
vn 0 0 1
vn 0 0 1
vn 0 0 1
vn 1 0 0
vn 1 0 0
vn 1 0 0
vn 1 0 0
vn 1 0 0
vn 1 0 0
vn 1 0 0
vn 1 0 0
vn 1 0 0
vn 1 0 0
vn 1 0 0
vn 1 0 0
vn 0 1 0
vn 0 1 0
vn 0 1 0
vn 7.290145731531045e-8 0.9999999999999947 -7.290145731531045e-8
vn 7.290145731531045e-8 0.9999999999999947 -7.290145731531045e-8
vn 7.290145731531045e-8 0.9999999999999947 -7.290145731531045e-8
vn 0.00009998999980817535 0.9999999950009972 7.290145695087625e-8
vn 0.00009998999980817535 0.9999999950009972 7.290145695087625e-8
vn 0.00009998999980817535 0.9999999950009972 7.290145695087625e-8
vn 0.00010013580272061616 0.9999999949864078 -7.290145694981265e-8
vn 0.00010013580272061616 0.9999999949864078 -7.290145694981265e-8
vn 0.00010013580272061616 0.9999999949864078 -7.290145694981265e-8
vn 0.00009998999980817535 0.9999999950009972 7.290145695087625e-8
vn 0.00009998999980817535 0.9999999950009972 7.290145695087625e-8
vn 0.00009998999980817535 0.9999999950009972 7.290145695087625e-8
vn 0.00010013580272061616 0.9999999949864078 -7.290145694981265e-8
vn 0.00010013580272061616 0.9999999949864078 -7.290145694981265e-8
vn 0.00010013580272061616 0.9999999949864078 -7.290145694981265e-8
vn 0 1 0
vn 0 1 0
vn 0 1 0
vn 0.00010013580221857663 0.999999989972821 -0.00010013580221857663
vn 0.00010013580221857663 0.999999989972821 -0.00010013580221857663
vn 0.00010013580221857663 0.999999989972821 -0.00010013580221857663
vn -0.0000999899998081756 0.9999999950009999 0
vn -0.0000999899998081756 0.9999999950009999 0
vn -0.0000999899998081756 0.9999999950009999 0
vn -0.0000999899998081756 0.9999999950009999 0
vn -0.0000999899998081756 0.9999999950009999 0
vn -0.0000999899998081756 0.9999999950009999 0
vn -0.0000999899998081756 0.9999999950009999 0
vn -0.0000999899998081756 0.9999999950009999 0
vn -0.0000999899998081756 0.9999999950009999 0
vn 7.290145695034465e-8 0.9999999949937053 -0.00010006290126439656
vn 7.290145695034465e-8 0.9999999949937053 -0.00010006290126439656
vn 7.290145695034465e-8 0.9999999949937053 -0.00010006290126439656
vn 0 0.999999994993708 -0.00010006290126439683
vn 0 0.999999994993708 -0.00010006290126439683
vn 0 0.999999994993708 -0.00010006290126439683
vn 0 0.999999994993708 -0.00010006290126439683
vn 0 0.999999994993708 -0.00010006290126439683
vn 0 0.999999994993708 -0.00010006290126439683
vn 0 0.999999994993708 -0.00010006290126439683
vn 0 0.999999994993708 -0.00010006290126439683
vn 0 0.999999994993708 -0.00010006290126439683
vn -0.00010006290126439683 0.999999994993708 0
vn -0.00010006290126439683 0.999999994993708 0
vn -0.00010006290126439683 0.999999994993708 0
vn 0.00010013580272061643 0.9999999949864105 0
vn 0.00010013580272061643 0.9999999949864105 0
vn 0.00010013580272061643 0.9999999949864105 0
vn 0.00010013580272061643 0.9999999949864105 0
vn 0.00010013580272061643 0.9999999949864105 0
vn 0.00010013580272061643 0.9999999949864105 0
vn 7.290145695034465e-8 0.9999999949937053 0.00010006290126439656
vn 7.290145695034465e-8 0.9999999949937053 0.00010006290126439656
vn 7.290145695034465e-8 0.9999999949937053 0.00010006290126439656
vn 0.00010013580272061643 0.9999999949864105 0
vn 0.00010013580272061643 0.9999999949864105 0
vn 0.00010013580272061643 0.9999999949864105 0
vn -0.00010006290076272253 0.9999999899801185 0.00010013580221930737
vn -0.00010006290076272253 0.9999999899801185 0.00010013580221930737
vn -0.00010006290076272253 0.9999999899801185 0.00010013580221930737
vn 0.00010013580221930737 0.9999999899801185 -0.00010006290076272253
vn 0.00010013580221930737 0.9999999899801185 -0.00010006290076272253
vn 0.00010013580221930737 0.9999999899801185 -0.00010006290076272253
vn 0.00009998999930759648 0.999999989994708 -0.00010006290076418238
vn 0.00009998999930759648 0.999999989994708 -0.00010006290076418238
vn 0.00009998999930759648 0.999999989994708 -0.00010006290076418238
vn -0.00010013580221930737 0.9999999899801185 0.00010006290076272253
vn -0.00010013580221930737 0.9999999899801185 0.00010006290076272253
vn -0.00010013580221930737 0.9999999899801185 0.00010006290076272253
vn 0 1 0
vn 0 1 0
vn 0 1 0
vn -0.00010013580221857663 0.999999989972821 0.00010013580221857663
vn -0.00010013580221857663 0.999999989972821 0.00010013580221857663
vn -0.00010013580221857663 0.999999989972821 0.00010013580221857663
vn 0 0.999999994993708 -0.00010006290126439683
vn 0 0.999999994993708 -0.00010006290126439683
vn 0 0.999999994993708 -0.00010006290126439683
vn -0.00010013580272061616 0.9999999949864078 7.290145694981265e-8
vn -0.00010013580272061616 0.9999999949864078 7.290145694981265e-8
vn -0.00010013580272061616 0.9999999949864078 7.290145694981265e-8
vn -0.000049995000091531436 0.9999999987502475 -7.290145722420205e-8
vn -0.000049995000091531436 0.9999999987502475 -7.290145722420205e-8
vn -0.000049995000091531436 0.9999999987502475 -7.290145722420205e-8
vn -0.00005006790154857315 0.9999999987466026 0
vn -0.00005006790154857315 0.9999999987466026 0
vn -0.00005006790154857315 0.9999999987466026 0
vn -0.00005006790129755324 0.9999999937330131 0.00010013580259510648
vn -0.00005006790129755324 0.9999999937330131 0.00010013580259510648
vn -0.00005006790129755324 0.9999999937330131 0.00010013580259510648
vn 0.00005006790154857315 0.9999999987466026 0
vn 0.00005006790154857315 0.9999999987466026 0
vn 0.00005006790154857315 0.9999999987466026 0
vn 7.290145731531045e-8 0.9999999999999947 -7.290145731531045e-8
vn 7.290145731531045e-8 0.9999999999999947 -7.290145731531045e-8
vn 7.290145731531045e-8 0.9999999999999947 -7.290145731531045e-8
vn -0.00010013580221857663 0.999999989972821 0.00010013580221857663
vn -0.00010013580221857663 0.999999989972821 0.00010013580221857663
vn -0.00010013580221857663 0.999999989972821 0.00010013580221857663
vn 0 0.9999999999999973 7.290145731531064e-8
vn 0 0.9999999999999973 7.290145731531064e-8
vn 0 0.9999999999999973 7.290145731531064e-8
vn 0 0.9999999999999973 7.290145731531064e-8
vn 0 0.9999999999999973 7.290145731531064e-8
vn 0 0.9999999999999973 7.290145731531064e-8
vn -0.00009998999980817535 0.9999999950009972 -7.290145695087625e-8
vn -0.00009998999980817535 0.9999999950009972 -7.290145695087625e-8
vn -0.00009998999980817535 0.9999999950009972 -7.290145695087625e-8
vn -0.00010013580272061616 0.9999999949864078 7.290145694981265e-8
vn -0.00010013580272061616 0.9999999949864078 7.290145694981265e-8
vn -0.00010013580272061616 0.9999999949864078 7.290145694981265e-8
vn 0.00010013580272061643 0.9999999949864105 0
vn 0.00010013580272061643 0.9999999949864105 0
vn 0.00010013580272061643 0.9999999949864105 0
vn 0.00010013580272061643 0.9999999949864105 0
vn 0.00010013580272061643 0.9999999949864105 0
vn 0.00010013580272061643 0.9999999949864105 0
vn -0.00010013580272061643 0.9999999949864105 0
vn -0.00010013580272061643 0.9999999949864105 0
vn -0.00010013580272061643 0.9999999949864105 0
vn -0.00010013580272061643 0.9999999949864105 0
vn -0.00010013580272061643 0.9999999949864105 0
vn -0.00010013580272061643 0.9999999949864105 0
vn 0.00010013580221857663 0.999999989972821 -0.00010013580221857663
vn 0.00010013580221857663 0.999999989972821 -0.00010013580221857663
vn 0.00010013580221857663 0.999999989972821 -0.00010013580221857663
vn 0 1 0
vn 0 1 0
vn 0 1 0
vn -0.00010013580272061643 0.9999999949864105 0
vn -0.00010013580272061643 0.9999999949864105 0
vn -0.00010013580272061643 0.9999999949864105 0
vn 0 0.9999999949864105 -0.00010013580272061643
vn 0 0.9999999949864105 -0.00010013580272061643
vn 0 0.9999999949864105 -0.00010013580272061643
vn 0.00005006790129755324 0.9999999937330131 -0.00010013580259510648
vn 0.00005006790129755324 0.9999999937330131 -0.00010013580259510648
vn 0.00005006790129755324 0.9999999937330131 -0.00010013580259510648
vn -0.00005006790154857315 0.9999999987466026 0
vn -0.00005006790154857315 0.9999999987466026 0
vn -0.00005006790154857315 0.9999999987466026 0
vn -0.00005006790129755324 0.9999999937330131 0.00010013580259510648
vn -0.00005006790129755324 0.9999999937330131 0.00010013580259510648
vn -0.00005006790129755324 0.9999999937330131 0.00010013580259510648
vn 0.00005006790154857315 0.9999999987466026 0
vn 0.00005006790154857315 0.9999999987466026 0
vn 0.00005006790154857315 0.9999999987466026 0
vn 0 0.9999999949864105 0.00010013580272061643
vn 0 0.9999999949864105 0.00010013580272061643
vn 0 0.9999999949864105 0.00010013580272061643
vn 0 0.9999999949864105 0.00010013580272061643
vn 0 0.9999999949864105 0.00010013580272061643
vn 0 0.9999999949864105 0.00010013580272061643
vn 0 1 0
vn 0 1 0
vn 0 1 0
vn -0.00010013580221857663 0.999999989972821 0.00010013580221857663
vn -0.00010013580221857663 0.999999989972821 0.00010013580221857663
vn -0.00010013580221857663 0.999999989972821 0.00010013580221857663
vn -0.00010013580221857663 0.999999989972821 0.00010013580221857663
vn -0.00010013580221857663 0.999999989972821 0.00010013580221857663
vn -0.00010013580221857663 0.999999989972821 0.00010013580221857663
vn 0 1 0
vn 0 1 0
vn 0 1 0
vn 0.00010013580272061643 0.9999999949864105 0
vn 0.00010013580272061643 0.9999999949864105 0
vn 0.00010013580272061643 0.9999999949864105 0
vn 0 0.9999999949864105 0.00010013580272061643
vn 0 0.9999999949864105 0.00010013580272061643
vn 0 0.9999999949864105 0.00010013580272061643
vn 0 0 1
vn 0 0 1
vn 0 0 1
vn 0 0 1
vn 0 0 1
vn 0 0 1
vn 0 0 1
vn 0 0 1
vn 0 0 1
vn 0 0 1
vn 0 0 1
vn 0 0 1
vn 0 0 1
vn 0 0 1
vn 0 0 1
vn 0 0 1
vn 0 0 1
vn 0 0 1
vn 0 0 1
vn 0 0 1
vn 0 0 1
vn 0 0 0.9999999999999999
vn 0 0 0.9999999999999999
vn 0 0 0.9999999999999999
vn 0 0 0.9999999999999999
vn 0 0 0.9999999999999999
vn 0 0 0.9999999999999999
vn 0 0 0.9999999999999999
vn 0 0 0.9999999999999999
vn 0 0 0.9999999999999999
vn 0 0 0.9999999999999999
vn 0 0 0.9999999999999999
vn 0 0 0.9999999999999999
vn 0 0 0.9999999999999999
vn 0 0 0.9999999999999999
vn 0 0 0.9999999999999999
vn 0 0 0.9999999999999999
vn 0 0 0.9999999999999999
vn 0 0 0.9999999999999999
vn 0 0 1
vn 0 0 1
vn 0 0 1
vn 0 0 0.9999999999999999
vn 0 0 0.9999999999999999
vn 0 0 0.9999999999999999
vn 0 0 0.9999999999999999
vn 0 0 0.9999999999999999
vn 0 0 0.9999999999999999
vn 0 0 0.9999999999999999
vn 0 0 0.9999999999999999
vn 0 0 0.9999999999999999
vn 0 0 1
vn 0 0 1
vn 0 0 1
vn 0 0 1
vn 0 0 1
vn 0 0 1
vn 0 0 1
vn 0 0 1
vn 0 0 1
vn 0 0 1
vn 0 0 1
vn 0 0 1
vn 0 0 1
vn 0 0 1
vn 0 0 1
vn 0 0 1
vn 0 0 1
vn 0 0 1
vn 0 0 1
vn 0 0 1
vn 0 0 1
vn 1 0 0
vn 1 0 0
vn 1 0 0
vn 1 0 0
vn 1 0 0
vn 1 0 0
vn 1 0 0
vn 1 0 0
vn 1 0 0
vn 1 0 0
vn 1 0 0
vn 1 0 0
vn 0.9999999999999999 0 0
vn 0.9999999999999999 0 0
vn 0.9999999999999999 0 0
vn 0.9999999999999999 0 0
vn 0.9999999999999999 0 0
vn 0.9999999999999999 0 0
vn 0.9999999999999999 0 0
vn 0.9999999999999999 0 0
vn 0.9999999999999999 0 0
vn 0.9999999999999999 0 0
vn 0.9999999999999999 0 0
vn 0.9999999999999999 0 0
vn 0 0 1
vn 0 0 1
vn 0 0 1
vn 0 0 1
vn 0 0 1
vn 0 0 1
vn 0 0 1
vn 0 0 1
vn 0 0 1
vn 0 0 0.9999999999999999
vn 0 0 0.9999999999999999
vn 0 0 0.9999999999999999
vn 0 0 1
vn 0 0 1
vn 0 0 1
vn 0 0 1
vn 0 0 1
vn 0 0 1
vn 0 0 1
vn 0 0 1
vn 0 0 1
vn 0 0 1
vn 0 0 1
vn 0 0 1
vn 0 0 1
vn 0 0 1
vn 0 0 1
vn 0 0 1
vn 0 0 1
vn 0 0 1
vn 0 0 1
vn 0 0 1
vn 0 0 1
vn 0 0 1
vn 0 0 1
vn 0 0 1
vn 0 0 1
vn 0 0 1
vn 0 0 1
vn 0 0 1
vn 0 0 1
vn 0 0 1
vn 0 0 1
vn 0 0 1
vn 0 0 1
vn 0 0 1
vn 0 0 1
vn 0 0 1
vn 0 0 1
vn 0 0 1
vn 0 0 1
vn 0 0 1
vn 0 0 1
vn 0 0 1
vn 0 0 1
vn 0 0 1
vn 0 0 1
vn 0 0 1
vn 0 0 1
vn 0 0 1
vn 0 0 1
vn 0 0 1
vn 0 0 1
vn 0 0 1
vn 0 0 1
vn 0 0 1
vn 0 0 1
vn 0 0 1
vn 0 0 1
vn 0 0 1
vn 0 0 1
vn 0 0 1
vn 0 0 1
vn 0 0 1
vn 0 0 1
vn 0 0 1
vn 0 0 1
vn 0 0 1
vn 0 0 1
vn 0 0 1
vn 0 0 1
vn 0 0 1
vn 0 0 1
vn 0 0 1
vn 0 0 1
vn 0 0 1
vn 0 0 1
vn 0 0 1
vn 0 0 1
vn 0 0 1
vn 0.000100453694154622 0.9999999949545277 0
vn 0.000100453694154622 0.9999999949545277 0
vn 0.000100453694154622 0.9999999949545277 0
vn 0.000100453694154622 0.9999999949545277 0
vn 0.000100453694154622 0.9999999949545277 0
vn 0.000100453694154622 0.9999999949545277 0
vn 0.35120524674916215 0.9362984965575134 0
vn 0.35120524674916215 0.9362984965575134 0
vn 0.35120524674916215 0.9362984965575134 0
vn 0.35120524674916215 0.9362984965575134 0
vn 0.35120524674916215 0.9362984965575134 0
vn 0.35120524674916215 0.9362984965575134 0
vn -0.35104123691623185 0.9363600002052213 0
vn -0.35104123691623185 0.9363600002052213 0
vn -0.35104123691623185 0.9363600002052213 0
vn -0.35104123691623185 0.9363600002052213 0
vn -0.35104123691623185 0.9363600002052213 0
vn -0.35104123691623185 0.9363600002052213 0
vn 0.00010070800616576018 0.9999999836483725 -0.00015020370237790935
vn 0.00010070800616576018 0.9999999836483725 -0.00015020370237790935
vn 0.00010070800616576018 0.9999999836483725 -0.00015020370237790935
vn -0.0003799438202324138 0.9999999278213441 0
vn -0.0003799438202324138 0.9999999278213441 0
vn -0.0003799438202324138 0.9999999278213441 0
vn -0.00006027221668739836 0.9999999981836301 0
vn -0.00006027221668739836 0.9999999981836301 0
vn -0.00006027221668739836 0.9999999981836301 0
vn -0.00006027221668739836 0.9999999981836301 0
vn -0.00006027221668739836 0.9999999981836301 0
vn -0.00006027221668739836 0.9999999981836301 0
vn 0 0 1
vn 0 0 1
vn 0 0 1
vn 0 0 1
vn 0 0 1
vn 0 0 1
vn 0 0 1
vn 0 0 1
vn 0 0 1
vn 0 0 1
vn 0 0 1
vn 0 0 1
vn 0 0 1
vn 0 0 1
vn 0 0 1
vn 0 0 1
vn 0 0 1
vn 0 0 1
vn 0 0 1
vn 0 0 1
vn 0 0 1
vn 0 0 1
vn 0 0 1
vn 0 0 1
vn 0 0 1
vn 0 0 1
vn 0 0 1
vn 0 0 1
vn 0 0 1
vn 0 0 1
vn 0 0 1
vn 0 0 1
vn 0 0 1
vn 0 0 1
vn 0 0 1
vn 0 0 1
vn 0 0 1
vn 0 0 1
vn 0 0 1
vn 0 0 1
vn 0 0 1
vn 0 0 1
vn 0 0 1
vn 0 0 1
vn 0 0 1
vn 0 0 1
vn 0 0 1
vn 0 0 1
vn 0 0 1
vn 0 0 1
vn 0 0 1
vn 0 0 1
vn 0 0 1
vn 0 0 1
vn 0 0 1
vn 0 0 1
vn 0 0 1
vn 0 0 1
vn 0 0 1
vn 0 0 1
vn 0 0 1
vn 0 0 1
vn 0 0 1
vn 0 0 1
vn 0 0 1
vn 0 0 1
vn 0 0 1
vn 0 0 1
vn 0 0 1
vn 0 0 1
vn 0 0 1
vn 0 0 1
vn 0 0 1
vn 0 0 1
vn 0 0 1
vn 0 0 1
vn 0 0 1
vn 0 0 1
vn 0 0 1
vn 0 0 1
vn 0 0 1
vn 0 0 1
vn 0 0 1
vn 0 0 1
vn 0 0 1
vn 0 0 1
vn 0 0 1
vn 0 0 1
vn 0 0 1
vn 0 0 1
vn 0.00010013580259510648 0.9999999937330131 -0.00005006790129755324
vn 0.00010013580259510648 0.9999999937330131 -0.00005006790129755324
vn 0.00010013580259510648 0.9999999937330131 -0.00005006790129755324
vn 0 0.9999999987466026 0.00005006790154857315
vn 0 0.9999999987466026 0.00005006790154857315
vn 0 0.9999999987466026 0.00005006790154857315
vn -0.00005006790154857315 0.9999999987466026 0
vn -0.00005006790154857315 0.9999999987466026 0
vn -0.00005006790154857315 0.9999999987466026 0
vn 0 0.9999999987466026 -0.00005006790154857315
vn 0 0.9999999987466026 -0.00005006790154857315
vn 0 0.9999999987466026 -0.00005006790154857315
vn 0 0 1
vn 0 0 1
vn 0 0 1
vn 0 0 1
vn 0 0 1
vn 0 0 1
vn 0 0.9999999987466026 0.00005006790154857315
vn 0 0.9999999987466026 0.00005006790154857315
vn 0 0.9999999987466026 0.00005006790154857315
vn 0 0.9999999987466026 0.00005006790154857315
vn 0 0.9999999987466026 0.00005006790154857315
vn 0 0.9999999987466026 0.00005006790154857315
vn 0 1 0
vn 0 1 0
vn 0 1 0
vn 0 1 0
vn 0 1 0
vn 0 1 0
vn -0.00010013580259510648 0.9999999937330131 -0.00005006790129755324
vn -0.00010013580259510648 0.9999999937330131 -0.00005006790129755324
vn -0.00010013580259510648 0.9999999937330131 -0.00005006790129755324
vn 0 0.9999999887194236 -0.00015020370313960002
vn 0 0.9999999887194236 -0.00015020370313960002
vn 0 0.9999999887194236 -0.00015020370313960002
vn 0 0.9999999987466026 0.00005006790154857315
vn 0 0.9999999987466026 0.00005006790154857315
vn 0 0.9999999987466026 0.00005006790154857315
vn 0 0.9999999987466026 0.00005006790154857315
vn 0 0.9999999987466026 0.00005006790154857315
vn 0 0.9999999987466026 0.00005006790154857315
vn 0 0.9999999987466026 -0.00005006790154857315
vn 0 0.9999999987466026 -0.00005006790154857315
vn 0 0.9999999987466026 -0.00005006790154857315
vn 0 0.9999999987466026 -0.00005006790154857315
vn 0 0.9999999987466026 -0.00005006790154857315
vn 0 0.9999999987466026 -0.00005006790154857315
vn -0.00010013580259510648 0.9999999937330131 0.00005006790129755324
vn -0.00010013580259510648 0.9999999937330131 0.00005006790129755324
vn -0.00010013580259510648 0.9999999937330131 0.00005006790129755324
vn 0 0.9999999987466026 -0.00005006790154857315
vn 0 0.9999999987466026 -0.00005006790154857315
vn 0 0.9999999987466026 -0.00005006790154857315
vn 0 0 1
vn 0 0 1
vn 0 0 1
vn 0 0 1
vn 0 0 1
vn 0 0 1
vn 0 0 1
vn 0 0 1
vn 0 0 1
vn 0 0 1
vn 0 0 1
vn 0 0 1
vn 0 0 0.9999999999999999
vn 0 0 0.9999999999999999
vn 0 0 0.9999999999999999
vn 0 0 1
vn 0 0 1
vn 0 0 1
vn 0 0 0.9999999999999999
vn 0 0 0.9999999999999999
vn 0 0 0.9999999999999999
vn 0 0 0.9999999999999999
vn 0 0 0.9999999999999999
vn 0 0 0.9999999999999999
vn 0.9999999999999999 0 0
vn 0.9999999999999999 0 0
vn 0.9999999999999999 0 0
vn 0.9999999999999999 0 0
vn 0.9999999999999999 0 0
vn 0.9999999999999999 0 0
vn 0 0 1
vn 0 0 1
vn 0 0 1
vn 0 0 1
vn 0 0 1
vn 0 0 1
vn 0 0 0.9999999999999999
vn 0 0 0.9999999999999999
vn 0 0 0.9999999999999999
vn 0 0 1
vn 0 0 1
vn 0 0 1
vn 0 0 1
vn 0 0 1
vn 0 0 1
vn 0 0 1
vn 0 0 1
vn 0 0 1
vn 0 0 1
vn 0 0 1
vn 0 0 1
vn 0 0 0.9999999999999999
vn 0 0 0.9999999999999999
vn 0 0 0.9999999999999999
vn 0 0 1
vn 0 0 1
vn 0 0 1
vn 0 0 1
vn 0 0 1
vn 0 0 1
vn 0 0 0.9999999999999999
vn 0 0 0.9999999999999999
vn 0 0 0.9999999999999999
vn 0 0 1
vn 0 0 1
vn 0 0 1
vn 0 0 1
vn 0 0 1
vn 0 0 1
vn 0 0 0.9999999999999999
vn 0 0 0.9999999999999999
vn 0 0 0.9999999999999999
vn 0 0 1
vn 0 0 1
vn 0 0 1
vn 0 0 1
vn 0 0 1
vn 0 0 1
vn 0 0 1
vn 0 0 1
vn 0 0 1
vn 0 0 1
vn 0 0 1
vn 0 0 1
vn 0 0 1
vn 0 0 1
vn 0 0 1
vn 0 0 1
vn 0 0 1
vn 0 0 1
vn 0.9999999999999999 0 0
vn 0.9999999999999999 0 0
vn 0.9999999999999999 0 0
vn 0.9999999999999999 0 0
vn 0.9999999999999999 0 0
vn 0.9999999999999999 0 0
vn 0 0 1
vn 0 0 1
vn 0 0 1
vn 0 0 1
vn 0 0 1
vn 0 0 1
vn 0 0 1
vn 0 0 1
vn 0 0 1
vn 0 0 1
vn 0 0 1
vn 0 0 1
vn 0 0 1
vn 0 0 1
vn 0 0 1
vn 0 0 0.9999999999999999
vn 0 0 0.9999999999999999
vn 0 0 0.9999999999999999
vn 0.00005006790154857315 0.9999999987466026 0
vn 0.00005006790154857315 0.9999999987466026 0
vn 0.00005006790154857315 0.9999999987466026 0
vn 0 0.9999999987466026 0.00005006790154857315
vn 0 0.9999999987466026 0.00005006790154857315
vn 0 0.9999999987466026 0.00005006790154857315
vn 0 0.9999999987466026 0.00005006790154857315
vn 0 0.9999999987466026 0.00005006790154857315
vn 0 0.9999999987466026 0.00005006790154857315
vn 0 0.9999999987466026 0.00005006790154857315
vn 0 0.9999999987466026 0.00005006790154857315
vn 0 0.9999999987466026 0.00005006790154857315
vn -0.00010013580259510648 0.9999999937330131 0.00005006790129755324
vn -0.00010013580259510648 0.9999999937330131 0.00005006790129755324
vn -0.00010013580259510648 0.9999999937330131 0.00005006790129755324
vn -0.00005006790154857315 0.9999999987466026 0
vn -0.00005006790154857315 0.9999999987466026 0
vn -0.00005006790154857315 0.9999999987466026 0
vn 0 1 0
vn 0 1 0
vn 0 1 0
vn 0.00010013580221857663 0.999999989972821 -0.00010013580221857663
vn 0.00010013580221857663 0.999999989972821 -0.00010013580221857663
vn 0.00010013580221857663 0.999999989972821 -0.00010013580221857663
vn 0 1 0
vn 0 1 0
vn 0 1 0
vn 0.00005006790148581817 0.9999999974932052 -0.00005006790148581817
vn 0.00005006790148581817 0.9999999974932052 -0.00005006790148581817
vn 0.00005006790148581817 0.9999999974932052 -0.00005006790148581817
vn 0 0.9999999987466026 -0.00005006790154857315
vn 0 0.9999999987466026 -0.00005006790154857315
vn 0 0.9999999987466026 -0.00005006790154857315
vn 0 0.9999999987466026 -0.00005006790154857315
vn 0 0.9999999987466026 -0.00005006790154857315
vn 0 0.9999999987466026 -0.00005006790154857315
vn -0.00005006790148581817 0.9999999974932052 -0.00005006790148581817
vn -0.00005006790148581817 0.9999999974932052 -0.00005006790148581817
vn -0.00005006790148581817 0.9999999974932052 -0.00005006790148581817
vn -0.00010013580272061643 0.9999999949864105 0
vn -0.00010013580272061643 0.9999999949864105 0
vn -0.00010013580272061643 0.9999999949864105 0
vn 0.00010013580221857663 0.999999989972821 -0.00010013580221857663
vn 0.00010013580221857663 0.999999989972821 -0.00010013580221857663
vn 0.00010013580221857663 0.999999989972821 -0.00010013580221857663
vn 0 1 0
vn 0 1 0
vn 0 1 0
vn 0 0 1
vn 0 0 1
vn 0 0 1
vn 0 0 1
vn 0 0 1
vn 0 0 1
vn 0 0 1
vn 0 0 1
vn 0 0 1
vn 0 0 1
vn 0 0 1
vn 0 0 1
vn 0 0 1
vn 0 0 1
vn 0 0 1
vn 0 0 1
vn 0 0 1
vn 0 0 1
vn 0 0 1
vn 0 0 1
vn 0 0 1
vn 0 0 1
vn 0 0 1
vn 0 0 1
vn 1 0 0
vn 1 0 0
vn 1 0 0
vn 1 0 0
vn 1 0 0
vn 1 0 0
vn 1 0 0
vn 1 0 0
vn 1 0 0
vn 1 0 0
vn 1 0 0
vn 1 0 0
vn -1 0 0
vn -1 0 0
vn -1 0 0
vn -1 0 0
vn -1 0 0
vn -1 0 0
vn -1 0 0
vn -1 0 0
vn -1 0 0
vn -1 0 0
vn -1 0 0
vn -1 0 0
vn 1 0 0
vn 1 0 0
vn 1 0 0
vn 1 0 0
vn 1 0 0
vn 1 0 0
vn 1 0 0
vn 1 0 0
vn 1 0 0
vn 1 0 0
vn 1 0 0
vn 1 0 0
vn -1 0 0
vn -1 0 0
vn -1 0 0
vn -1 0 0
vn -1 0 0
vn -1 0 0
vn -1 0 0
vn -1 0 0
vn -1 0 0
vn -1 0 0
vn -1 0 0
vn -1 0 0
vn -1 0 0
vn -1 0 0
vn -1 0 0
vn -1 0 0
vn -1 0 0
vn -1 0 0
vn -1 0 0
vn -1 0 0
vn -1 0 0
vn -1 0 0
vn -1 0 0
vn -1 0 0
vn 1 0 0
vn 1 0 0
vn 1 0 0
vn 1 0 0
vn 1 0 0
vn 1 0 0
vn 1 0 0
vn 1 0 0
vn 1 0 0
vn 1 0 0
vn 1 0 0
vn 1 0 0
vn 0 0 1
vn 0 0 1
vn 0 0 1
vn 0 0 1
vn 0 0 1
vn 0 0 1
vn 0 0 1
vn 0 0 1
vn 0 0 1
vn 0 0 1
vn 0 0 1
vn 0 0 1
vn 0 0 1
vn 0 0 1
vn 0 0 1
vn 0 0 1
vn 0 0 1
vn 0 0 1
vn 0 0 1
vn 0 0 1
vn 0 0 1
vn 0 0 1
vn 0 0 1
vn 0 0 1
vn 0.00010013580272061643 0.9999999949864105 0
vn 0.00010013580272061643 0.9999999949864105 0
vn 0.00010013580272061643 0.9999999949864105 0
vn 0.00010013580272061643 0.9999999949864105 0
vn 0.00010013580272061643 0.9999999949864105 0
vn 0.00010013580272061643 0.9999999949864105 0
vn 0 0 1
vn 0 0 1
vn 0 0 1
vn 0 0 1
vn 0 0 1
vn 0 0 1
vn 0 0 1
vn 0 0 1
vn 0 0 1
vn 0 0 1
vn 0 0 1
vn 0 0 1
vn 0 0 1
vn 0 0 1
vn 0 0 1
vn 0 0 1
vn 0 0 1
vn 0 0 1
vn 0 0 1
vn 0 0 1
vn 0 0 1
vn 0 0 1
vn 0 0 1
vn 0 0 1
vn 0 0 1
vn 0 0 1
vn 0 0 1
vn 0 0 1
vn 0 0 1
vn 0 0 1
vn 0 0 1
vn 0 0 1
vn 0 0 1
vn 0 0 1
vn 0 0 1
vn 0 0 1
vn 0 0 1
vn 0 0 1
vn 0 0 1
vn 0 0 1
vn 0 0 1
vn 0 0 1
vn 0 0 1
vn 0 0 1
vn 0 0 1
vn 0 0 1
vn 0 0 1
vn 0 0 1
vn 0 0 1
vn 0 0 1
vn 0 0 1
vn 0 0 1
vn 0 0 1
vn 0 0 1
vn -1 0 0
vn -1 0 0
vn -1 0 0
vn -1 0 0
vn -1 0 0
vn -1 0 0
vn -1 0 0
vn -1 0 0
vn -1 0 0
vn -1 0 0
vn -1 0 0
vn -1 0 0
vn 0.00009997685700360227 0.999999995002314 0
vn 0.00009997685700360227 0.999999995002314 0
vn 0.00009997685700360227 0.999999995002314 0
vn 0.00009997685700360227 0.999999995002314 0
vn 0.00009997685700360227 0.999999995002314 0
vn 0.00009997685700360227 0.999999995002314 0
vn 0.000016689300013817323 0.999999968645058 0.00024986266306400794
vn 0.000016689300013817323 0.999999968645058 0.00024986266306400794
vn 0.000016689300013817323 0.999999968645058 0.00024986266306400794
vn 0.00009997685700360227 0.999999995002314 0
vn 0.00009997685700360227 0.999999995002314 0
vn 0.00009997685700360227 0.999999995002314 0
vn 0.00009993711745474283 0.9999999637906107 -0.0002498626618510628
vn 0.00009993711745474283 0.9999999637906107 -0.0002498626618510628
vn 0.00009993711745474283 0.9999999637906107 -0.0002498626618510628
vn 0.000016689300534784998 0.9999999998607265 -1.1920928953417856e-7
vn 0.000016689300534784998 0.9999999998607265 -1.1920928953417856e-7
vn 0.000016689300534784998 0.9999999998607265 -1.1920928953417856e-7
vn 0.00009993712057434755 0.999999995006286 0
vn 0.00009993712057434755 0.999999995006286 0
vn 0.00009993712057434755 0.999999995006286 0
vn 0.00009993712057434755 0.999999995006286 0
vn 0.00009993712057434755 0.999999995006286 0
vn 0.00009993712057434755 0.999999995006286 0
vn 1 0 0
vn 1 0 0
vn 1 0 0
vn 1 0 0
vn 1 0 0
vn 1 0 0
vn 0.9999999999999999 0 0
vn 0.9999999999999999 0 0
vn 0.9999999999999999 0 0
vn 0.9999999999999999 0 0
vn 0.9999999999999999 0 0
vn 0.9999999999999999 0 0
vn 0 0 1
vn 0 0 1
vn 0 0 1
vn 0 0 1
vn 0 0 1
vn 0 0 1
vn -1 0 0
vn -1 0 0
vn -1 0 0
vn -1 0 0
vn -1 0 0
vn -1 0 0
vn -1 0 0
vn -1 0 0
vn -1 0 0
vn -1 0 0
vn -1 0 0
vn -1 0 0
vn -1 0 0
vn -1 0 0
vn -1 0 0
vn -1 0 0
vn -1 0 0
vn -1 0 0
vn 1 0 0
vn 1 0 0
vn 1 0 0
vn 1 0 0
vn 1 0 0
vn 1 0 0
vn 1 0 0
vn 1 0 0
vn 1 0 0
vn 1 0 0
vn 1 0 0
vn 1 0 0
vn 1 0 0
vn 1 0 0
vn 1 0 0
vn 1 0 0
vn 1 0 0
vn 1 0 0
vn 1 0 0
vn 1 0 0
vn 1 0 0
vn 1 0 0
vn 1 0 0
vn 1 0 0
vn 1 0 0
vn 1 0 0
vn 1 0 0
vn 1 0 0
vn 1 0 0
vn 1 0 0
vn 1 0 0
vn 1 0 0
vn 1 0 0
vn 1 0 0
vn 1 0 0
vn 1 0 0
vn 1 0 0
vn 1 0 0
vn 1 0 0
vn 1 0 0
vn 1 0 0
vn 1 0 0
vn 1 0 0
vn 1 0 0
vn 1 0 0
vn 1 0 0
vn 1 0 0
vn 1 0 0
vn -1 0 0
vn -1 0 0
vn -1 0 0
vn -1 0 0
vn -1 0 0
vn -1 0 0
vn -1 0 0
vn -1 0 0
vn -1 0 0
vn -1 0 0
vn -1 0 0
vn -1 0 0
vn -1 0 0
vn -1 0 0
vn -1 0 0
vn -1 0 0
vn -1 0 0
vn -1 0 0
vn -1 0 0
vn -1 0 0
vn -1 0 0
vn -1 0 0
vn -1 0 0
vn -1 0 0
vn -1 0 0
vn -1 0 0
vn -1 0 0
vn -1 0 0
vn -1 0 0
vn -1 0 0
vn -1 0 0
vn -1 0 0
vn -1 0 0
vn -1 0 0
vn -1 0 0
vn -1 0 0
vn 0 0 1
vn 0 0 1
vn 0 0 1
vn 0 0 0.9999999999999999
vn 0 0 0.9999999999999999
vn 0 0 0.9999999999999999
vn 0.00005000829690402162 0.9999999987495851 0
vn 0.00005000829690402162 0.9999999987495851 0
vn 0.00005000829690402162 0.9999999987495851 0
vn 0.00009995698866428502 0.9999999937568642 -0.00004994869200994088
vn 0.00009995698866428502 0.9999999937568642 -0.00004994869200994088
vn 0.00009995698866428502 0.9999999937568642 -0.00004994869200994088
vn 0 1 0
vn 0 1 0
vn 0 1 0
vn 0 1 0
vn 0 1 0
vn 0 1 0
vn 0 1 0
vn 0 1 0
vn 0 1 0
vn 0 1 0
vn 0 1 0
vn 0 1 0
vn 0 1 0
vn 0 1 0
vn 0 1 0
vn 0 1 0
vn 0 1 0
vn 0 1 0
vn 0 1 0
vn 0 1 0
vn 0 1 0
vn 0 1 0
vn 0 1 0
vn 0 1 0
vn 0 1 0
vn 0 1 0
vn 0 1 0
vn 0 1 0
vn 0 1 0
vn 0 1 0
vn 0 1 0
vn 0 1 0
vn 0 1 0
vn 0 1 0
vn 0 1 0
vn 0 1 0
vn 0.00009995698878897496 0.9999999950043001 0
vn 0.00009995698878897496 0.9999999950043001 0
vn 0.00009995698878897496 0.9999999950043001 0
vn 0 0.9999999950043001 0.00009995698878897496
vn 0 0.9999999950043001 0.00009995698878897496
vn 0 0.9999999950043001 0.00009995698878897496
vn 0 0.9999999950043001 0.00009995698878897496
vn 0 0.9999999950043001 0.00009995698878897496
vn 0 0.9999999950043001 0.00009995698878897496
vn 0 0.9999999950043001 0.00009995698878897496
vn 0 0.9999999950043001 0.00009995698878897496
vn 0 0.9999999950043001 0.00009995698878897496
vn 0 0.9999999950043001 0.00009995698878897496
vn 0 0.9999999950043001 0.00009995698878897496
vn 0 0.9999999950043001 0.00009995698878897496
vn 0 0.9999999950043001 0.00009995698878897496
vn 0 0.9999999950043001 0.00009995698878897496
vn 0 0.9999999950043001 0.00009995698878897496
vn 0 0.9999999950043001 0.00009995698878897496
vn 0 0.9999999950043001 0.00009995698878897496
vn 0 0.9999999950043001 0.00009995698878897496
vn 0 0.9999999950043001 0.00009995698878897496
vn 0 0.9999999950043001 0.00009995698878897496
vn 0 0.9999999950043001 0.00009995698878897496
vn 0 0.9999999950043001 0.00009995698878897496
vn 0 0.9999999950043001 0.00009995698878897496
vn 0 0.9999999950043001 0.00009995698878897496
vn 0 0.9999999950043001 0.00009995698878897496
vn 0 0.9999999950043001 0.00009995698878897496
vn 0 0.9999999950043001 0.00009995698878897496
vn 0 0.9999999950043001 0.00009995698878897496
vn 0 0.9999999950043001 0.00009995698878897496
vn 0 0.9999999950043001 0.00009995698878897496
vn 0 0.9999999950043001 0.00009995698878897496
vn 0 0.9999999950043001 0.00009995698878897496
vn 0 0.9999999950043001 0.00009995698878897496
vn 0 0.9999999950043001 0.00009995698878897496
vn 0 0.9999999950043001 0.00009995698878897496
vn 0 0.9999999950043001 0.00009995698878897496
vn 0.00005000829684163947 0.9999999975021492 0.00004994869219701296
vn 0.00005000829684163947 0.9999999975021492 0.00004994869219701296
vn 0.00005000829684163947 0.9999999975021492 0.00004994869219701296
vn 0.00009995698828961985 0.9999999900086004 -0.00009995698828961985
vn 0.00009995698828961985 0.9999999900086004 -0.00009995698828961985
vn 0.00009995698828961985 0.9999999900086004 -0.00009995698828961985
vn 0 1 0
vn 0 1 0
vn 0 1 0
vn 0 0.9999999950043001 -0.00009995698878897496
vn 0 0.9999999950043001 -0.00009995698878897496
vn 0 0.9999999950043001 -0.00009995698878897496
vn 0 0.9999999950043001 -0.00009995698878897496
vn 0 0.9999999950043001 -0.00009995698878897496
vn 0 0.9999999950043001 -0.00009995698878897496
vn 0 0.9999999950043001 -0.00009995698878897496
vn 0 0.9999999950043001 -0.00009995698878897496
vn 0 0.9999999950043001 -0.00009995698878897496
vn 0 0.9999999950043001 -0.00009995698878897496
vn 0 0.9999999950043001 -0.00009995698878897496
vn 0 0.9999999950043001 -0.00009995698878897496
vn 0 0.9999999950043001 -0.00009995698878897496
vn 0 0.9999999950043001 -0.00009995698878897496
vn 0 0.9999999950043001 -0.00009995698878897496
vn 0 0.9999999950043001 -0.00009995698878897496
vn 0 0.9999999950043001 -0.00009995698878897496
vn 0 0.9999999950043001 -0.00009995698878897496
vn 0 0.9999999950043001 -0.00009995698878897496
vn 0 0.9999999950043001 -0.00009995698878897496
vn 0 0.9999999950043001 -0.00009995698878897496
vn 0 0.9999999950043001 -0.00009995698878897496
vn 0 0.9999999950043001 -0.00009995698878897496
vn 0 0.9999999950043001 -0.00009995698878897496
vn 0 0.9999999950043001 -0.00009995698878897496
vn 0 0.9999999950043001 -0.00009995698878897496
vn 0 0.9999999950043001 -0.00009995698878897496
vn 0 0.9999999950043001 -0.00009995698878897496
vn 0 0.9999999950043001 -0.00009995698878897496
vn 0 0.9999999950043001 -0.00009995698878897496
vn 0 1 0
vn 0 1 0
vn 0 1 0
vn 0.00009995698828961985 0.9999999900086004 -0.00009995698828961985
vn 0.00009995698828961985 0.9999999900086004 -0.00009995698828961985
vn 0.00009995698828961985 0.9999999900086004 -0.00009995698828961985
vn 0 0 1
vn 0 0 1
vn 0 0 1
vn 0 0 1
vn 0 0 1
vn 0 0 1
vn 0 0 1
vn 0 0 1
vn 0 0 1
vn 0 0 1
vn 0 0 1
vn 0 0 1
vn 0 0 1
vn 0 0 1
vn 0 0 1
vn 0 0 1
vn 0 0 1
vn 0 0 1
vn 1 0 0
vn 1 0 0
vn 1 0 0
vn 1 0 0
vn 1 0 0
vn 1 0 0
vn 0.00010013580272061643 0.9999999949864105 0
vn 0.00010013580272061643 0.9999999949864105 0
vn 0.00010013580272061643 0.9999999949864105 0
vn 0.00010013580272061643 0.9999999949864105 0
vn 0.00010013580272061643 0.9999999949864105 0
vn 0.00010013580272061643 0.9999999949864105 0
vn 0 1 0
vn 0 1 0
vn 0 1 0
vn 0 1 0
vn 0 1 0
vn 0 1 0
vn 0 1 0
vn 0 1 0
vn 0 1 0
vn 0 1 0
vn 0 1 0
vn 0 1 0
vn 0 1 0
vn 0 1 0
vn 0 1 0
vn 0 1 0
vn 0 1 0
vn 0 1 0
vn -1 0 0
vn -1 0 0
vn -1 0 0
vn -1 0 0
vn -1 0 0
vn -1 0 0
vn 0 0 1
vn 0 0 1
vn 0 0 1
vn 0 0 1
vn 0 0 1
vn 0 0 1
vn 1 0 0
vn 1 0 0
vn 1 0 0
vn 1 0 0
vn 1 0 0
vn 1 0 0
vn 0 0 0.9999999999999999
vn 0 0 0.9999999999999999
vn 0 0 0.9999999999999999
vn 0 0 0.9999999999999999
vn 0 0 0.9999999999999999
vn 0 0 0.9999999999999999
vn 1 0 0
vn 1 0 0
vn 1 0 0
vn 1 0 0
vn 1 0 0
vn 1 0 0
vn -1 0 0
vn -1 0 0
vn -1 0 0
vn -1 0 0
vn -1 0 0
vn -1 0 0
vn -1 0 0
vn -1 0 0
vn -1 0 0
vn -1 0 0
vn -1 0 0
vn -1 0 0
vn 0 0 1
vn 0 0 1
vn 0 0 1
vn 0 0 1
vn 0 0 1
vn 0 0 1
vn 1 0 0
vn 1 0 0
vn 1 0 0
vn 1 0 0
vn 1 0 0
vn 1 0 0
vn 0 0 1
vn 0 0 1
vn 0 0 1
vn 0 0 1
vn 0 0 1
vn 0 0 1
vn 1 0 0
vn 1 0 0
vn 1 0 0
vn 1 0 0
vn 1 0 0
vn 1 0 0
vn -1 0 0
vn -1 0 0
vn -1 0 0
vn -1 0 0
vn -1 0 0
vn -1 0 0
vn 0 0 0.9999999999999999
vn 0 0 0.9999999999999999
vn 0 0 0.9999999999999999
vn 0 0 0.9999999999999999
vn 0 0 0.9999999999999999
vn 0 0 0.9999999999999999
vn 0 0 0.9999999999999999
vn 0 0 0.9999999999999999
vn 0 0 0.9999999999999999
vn 0 0 1
vn 0 0 1
vn 0 0 1
vn 0 0 0.9999999999999999
vn 0 0 0.9999999999999999
vn 0 0 0.9999999999999999
vn 0 0 0.9999999999999999
vn 0 0 0.9999999999999999
vn 0 0 0.9999999999999999
vn 0 0 0.9999999999999999
vn 0 0 0.9999999999999999
vn 0 0 0.9999999999999999
vn 0 0 0.9999999999999999
vn 0 0 0.9999999999999999
vn 0 0 0.9999999999999999
vn 0 0 0.9999999999999999
vn 0 0 0.9999999999999999
vn 0 0 0.9999999999999999
vn 0 0 0.9999999999999999
vn 0 0 0.9999999999999999
vn 0 0 0.9999999999999999
vn 0 0 0.9999999999999999
vn 0 0 0.9999999999999999
vn 0 0 0.9999999999999999
vn 0 0 0.9999999999999999
vn 0 0 0.9999999999999999
vn 0 0 0.9999999999999999
vn 0 0 0.9999999999999999
vn 0 0 0.9999999999999999
vn 0 0 0.9999999999999999
vn 0 0 1
vn 0 0 1
vn 0 0 1
vn 0 0 -1
vn 0 0 -1
vn 0 0 -1
vn 0 0 -1
vn 0 0 -1
vn 0 0 -1
vn 0 0 1
vn 0 0 1
vn 0 0 1
vn 0 0 1
vn 0 0 1
vn 0 0 1
vn 0 0 1
vn 0 0 1
vn 0 0 1
vn 0 0 1
vn 0 0 1
vn 0 0 1
vn 0 0 -1
vn 0 0 -1
vn 0 0 -1
vn 0 0 -1
vn 0 0 -1
vn 0 0 -1
vn -0.9999999950814527 0.000099182128418418 -3.5470293194681884e-11
vn -0.9999999950814527 0.000099182128418418 -3.5470293194681884e-11
vn -0.9999999950814527 0.000099182128418418 -3.5470293194681884e-11
vn -0.9999999950814549 0.00009918210477156173 -2.364685649193805e-11
vn -0.9999999950814549 0.00009918210477156173 -2.364685649193805e-11
vn -0.9999999950814549 0.00009918210477156173 -2.364685649193805e-11
vn 0.0001003742212961206 0.9999999949624794 -2.38418577900524e-7
vn 0.0001003742212961206 0.9999999949624794 -2.38418577900524e-7
vn 0.0001003742212961206 0.9999999949624794 -2.38418577900524e-7
vn 0.00009989738414509233 0.9999999950102563 0
vn 0.00009989738414509233 0.9999999950102563 0
vn 0.00009989738414509233 0.9999999950102563 0
vn 0.00009989738414509233 0.9999999950102563 0
vn 0.00009989738414509233 0.9999999950102563 0
vn 0.00009989738414509233 0.9999999950102563 0
vn 0.00009989738414509233 0.9999999950102563 0
vn 0.00009989738414509233 0.9999999950102563 0
vn 0.00009989738414509233 0.9999999950102563 0
vn -0.9999999950814549 0.00009918210477156173 -2.364685649193805e-11
vn -0.9999999950814549 0.00009918210477156173 -2.364685649193805e-11
vn -0.9999999950814549 0.00009918210477156173 -2.364685649193805e-11
vn -0.9999999950814598 0.00009918205747788306 0
vn -0.9999999950814598 0.00009918205747788306 0
vn -0.9999999950814598 0.00009918205747788306 0
vn 2.384422283093806e-7 0.9999999999999715 0
vn 2.384422283093806e-7 0.9999999999999715 0
vn 2.384422283093806e-7 0.9999999999999715 0
vn 7.153266849279588e-7 0.9999999999997157 -2.384185791014947e-7
vn 7.153266849279588e-7 0.9999999999997157 -2.384185791014947e-7
vn 7.153266849279588e-7 0.9999999999997157 -2.384185791014947e-7
vn -0.9999999948904564 -0.00010108950112415664 1.2050807610053615e-11
vn -0.9999999948904564 -0.00010108950112415664 1.2050807610053615e-11
vn -0.9999999948904564 -0.00010108950112415664 1.2050807610053615e-11
vn -0.9999999948904588 -0.00010108947702254165 0
vn -0.9999999948904588 -0.00010108947702254165 0
vn -0.9999999948904588 -0.00010108947702254165 0
vn -0.9999999950809979 -0.0000991821284183729 -9.536624882840591e-7
vn -0.9999999950809979 -0.0000991821284183729 -9.536624882840591e-7
vn -0.9999999950809979 -0.0000991821284183729 -9.536624882840591e-7
vn -0.9999999948904564 -0.00010108950112415664 2.410161522010723e-11
vn -0.9999999948904564 -0.00010108950112415664 2.410161522010723e-11
vn -0.9999999948904564 -0.00010108950112415664 2.410161522010723e-11
vn 0 0.9999999999999715 -2.384185791015557e-7
vn 0 0.9999999999999715 -2.384185791015557e-7
vn 0 0.9999999999999715 -2.384185791015557e-7
vn 2.3844222830936533e-7 0.9999999999999075 -3.5762786865231066e-7
vn 2.3844222830936533e-7 0.9999999999999075 -3.5762786865231066e-7
vn 2.3844222830936533e-7 0.9999999999999075 -3.5762786865231066e-7
vn 0.9999999803253564 0.00019836425390975393 9.536506507812669e-7
vn 0.9999999803253564 0.00019836425390975393 9.536506507812669e-7
vn 0.9999999803253564 0.00019836425390975393 9.536506507812669e-7
vn 0.9999999799456234 0.00020027169792597758 -7.162274048065338e-11
vn 0.9999999799456234 0.00020027169792597758 -7.162274048065338e-11
vn 0.9999999799456234 0.00020027169792597758 -7.162274048065338e-11
vn 0.9999999799456234 0.00020027169792597758 -2.387424682688446e-11
vn 0.9999999799456234 0.00020027169792597758 -2.387424682688446e-11
vn 0.9999999799456234 0.00020027169792597758 -2.387424682688446e-11
vn 0.9999999799456137 0.00020027174567450347 -4.7748505037904614e-11
vn 0.9999999799456137 0.00020027174567450347 -4.7748505037904614e-11
vn 0.9999999799456137 0.00020027174567450347 -4.7748505037904614e-11
vn 0.9999999950800104 0.00009919208474659029 9.536624870962305e-7
vn 0.9999999950800104 0.00009919208474659029 9.536624870962305e-7
vn 0.9999999950800104 0.00009919208474659029 9.536624870962305e-7
vn 0.9999999948894353 0.00010109960071216098 0
vn 0.9999999948894353 0.00010109960071216098 0
vn 0.9999999948894353 0.00010109960071216098 0
vn 0.9999999948894353 0.00010109960071216098 -1.2052011574764368e-11
vn 0.9999999948894353 0.00010109960071216098 -1.2052011574764368e-11
vn 0.9999999948894353 0.00010109960071216098 -1.2052011574764368e-11
vn 0.9999999948894379 0.00010109957660572992 0
vn 0.9999999948894379 0.00010109957660572992 0
vn 0.9999999948894379 0.00010109957660572992 0
vn 0 0 -1
vn 0 0 -1
vn 0 0 -1
vn 0 0 -1
vn 0 0 -1
vn 0 0 -1
vn 0 0 1
vn 0 0 1
vn 0 0 1
vn 0 0 0.9999999999999999
vn 0 0 0.9999999999999999
vn 0 0 0.9999999999999999
vn 0 0 -1
vn 0 0 -1
vn 0 0 -1
vn 0 0 -1
vn 0 0 -1
vn 0 0 -1
vn 0 0 1
vn 0 0 1
vn 0 0 1
vn 0 0 1
vn 0 0 1
vn 0 0 1
vn 0 0 1
vn 0 0 1
vn 0 0 1
vn 0 0 1
vn 0 0 1
vn 0 0 1
vn 0 0 1
vn 0 0 1
vn 0 0 1
vn 0 0 1
vn 0 0 1
vn 0 0 1
vn 0 0 -1
vn 0 0 -1
vn 0 0 -1
vn 0 0 -1
vn 0 0 -1
vn 0 0 -1
vn 0 0 -1
vn 0 0 -1
vn 0 0 -1
vn 0 0 -1
vn 0 0 -1
vn 0 0 -1
vn 0 0 1
vn 0 0 1
vn 0 0 1
vn 0 0 1
vn 0 0 1
vn 0 0 1
vn 0 0 1
vn 0 0 1
vn 0 0 1
vn 0 0 1
vn 0 0 1
vn 0 0 1
vn 0 0 -1
vn 0 0 -1
vn 0 0 -1
vn 0 0 -1
vn 0 0 -1
vn 0 0 -1
vn 0 0 -1
vn 0 0 -1
vn 0 0 -1
vn 0 0 -1
vn 0 0 -1
vn 0 0 -1
vn 0 0 -1
vn 0 0 -1
vn 0 0 -1
vn 0 0 -1
vn 0 0 -1
vn 0 0 -1
vn 0 0 1
vn 0 0 1
vn 0 0 1
vn 0 0 1
vn 0 0 1
vn 0 0 1
vn 0 0 1
vn 0 0 1
vn 0 0 1
vn 0 0 1
vn 0 0 1
vn 0 0 1
vn 0 0 -1
vn 0 0 -1
vn 0 0 -1
vn 0 0 -1
vn 0 0 -1
vn 0 0 -1
vn -0.9999999949862968 0.00010013580272060505 -4.768669986071573e-7
vn -0.9999999949862968 0.00010013580272060505 -4.768669986071573e-7
vn -0.9999999949862968 0.00010013580272060505 -4.768669986071573e-7
vn -0.9999999949862981 0.0001001357907834887 -4.768610300453614e-7
vn -0.9999999949862981 0.0001001357907834887 -4.768610300453614e-7
vn -0.9999999949862981 0.0001001357907834887 -4.768610300453614e-7
vn 0.0001003742212961206 0.9999999949624794 -2.383707157420843e-7
vn 0.0001003742212961206 0.9999999949624794 -2.383707157420843e-7
vn 0.0001003742212961206 0.9999999949624794 -2.383707157420843e-7
vn 0.00009989747941475179 0.9999999950102468 0
vn 0.00009989747941475179 0.9999999950102468 0
vn 0.00009989747941475179 0.9999999950102468 0
vn 0.00009989747941475179 0.9999999950102468 -4.763483019578542e-11
vn 0.00009989747941475179 0.9999999950102468 -4.763483019578542e-11
vn 0.00009989747941475179 0.9999999950102468 -4.763483019578542e-11
vn 0.00009989738414509233 0.9999999950102563 0
vn 0.00009989738414509233 0.9999999950102563 0
vn 0.00009989738414509233 0.9999999950102563 0
vn -0.9999999949862981 0.0001001357907834887 -4.768610300453614e-7
vn -0.9999999949862981 0.0001001357907834887 -4.768610300453614e-7
vn -0.9999999949862981 0.0001001357907834887 -4.768610300453614e-7
vn -0.9999999951754774 0.00009822839556725211 4.7683715590261337e-7
vn -0.9999999951754774 0.00009822839556725211 4.7683715590261337e-7
vn -0.9999999951754774 0.00009822839556725211 4.7683715590261337e-7
vn 1.1922111415469283e-7 0.9999999999999928 0
vn 1.1922111415469283e-7 0.9999999999999928 0
vn 1.1922111415469283e-7 0.9999999999999928 0
vn 5.961050022269255e-7 0.9999999999997939 -2.3841829485649814e-7
vn 5.961050022269255e-7 0.9999999999997939 -2.3841829485649814e-7
vn 5.961050022269255e-7 0.9999999999997939 -2.3841829485649814e-7
vn -0.9999999948904564 -0.00010108950112415664 1.2050807610053615e-11
vn -0.9999999948904564 -0.00010108950112415664 1.2050807610053615e-11
vn -0.9999999948904564 -0.00010108950112415664 1.2050807610053615e-11
vn -0.9999999948904588 -0.00010108947702254165 0
vn -0.9999999948904588 -0.00010108947702254165 0
vn -0.9999999948904588 -0.00010108947702254165 0
vn -0.9999999949862968 -0.00010013580272060505 -4.768252186945041e-7
vn -0.9999999949862968 -0.00010013580272060505 -4.768252186945041e-7
vn -0.9999999949862968 -0.00010013580272060505 -4.768252186945041e-7
vn -0.9999999948904564 -0.00010108950112415664 2.410161522010723e-11
vn -0.9999999948904564 -0.00010108950112415664 2.410161522010723e-11
vn -0.9999999948904564 -0.00010108950112415664 2.410161522010723e-11
vn 0 0.9999999999999715 -2.384185791015557e-7
vn 0 0.9999999999999715 -2.384185791015557e-7
vn 0 0.9999999999999715 -2.384185791015557e-7
vn 1.1922111415468754e-7 0.9999999999999484 -2.980231670278805e-7
vn 1.1922111415468754e-7 0.9999999999999484 -2.980231670278805e-7
vn 1.1922111415468754e-7 0.9999999999999484 -2.980231670278805e-7
vn 0.9999999799455288 0.00020027160242897134 4.768132744049652e-7
vn 0.9999999799455288 0.00020027160242897134 4.768132744049652e-7
vn 0.9999999799455288 0.00020027160242897134 4.768132744049652e-7
vn 0.9999999799455145 0.0002002716740517004 4.7677746303044895e-7
vn 0.9999999799455145 0.0002002716740517004 4.7677746303044895e-7
vn 0.9999999799455145 0.0002002716740517004 4.7677746303044895e-7
vn 0.9999999799456282 0.00020027167405172318 -2.3874243980851552e-11
vn 0.9999999799456282 0.00020027167405172318 -2.3874243980851552e-11
vn 0.9999999799456282 0.00020027167405172318 -2.3874243980851552e-11
vn 0.9999999801360443 0.00019931804697247753 4.767896276057043e-7
vn 0.9999999801360443 0.00019931804697247753 4.767896276057043e-7
vn 0.9999999801360443 0.00019931804697247753 4.767896276057043e-7
vn 0.9999999949852901 0.00010014585478274473 4.7682521749572484e-7
vn 0.9999999949852901 0.00010014585478274473 4.7682521749572484e-7
vn 0.9999999949852901 0.00010014585478274473 4.7682521749572484e-7
vn 0.9999999948894353 0.00010109960071216098 0
vn 0.9999999948894353 0.00010109960071216098 0
vn 0.9999999948894353 0.00010109960071216098 0
vn 0.9999999948894353 0.00010109960071216098 -1.2052011574764368e-11
vn 0.9999999948894353 0.00010109960071216098 -1.2052011574764368e-11
vn 0.9999999948894353 0.00010109960071216098 -1.2052011574764368e-11
vn 0.9999999948894379 0.00010109957660572992 0
vn 0.9999999948894379 0.00010109957660572992 0
vn 0.9999999948894379 0.00010109957660572992 0
vn 0 0 -1
vn 0 0 -1
vn 0 0 -1
vn 0 0 -1
vn 0 0 -1
vn 0 0 -1
vn 0 0 1
vn 0 0 1
vn 0 0 1
vn 0 0 0.9999999999999999
vn 0 0 0.9999999999999999
vn 0 0 0.9999999999999999
vn 0 0 -1
vn 0 0 -1
vn 0 0 -1
vn 0 0 -1
vn 0 0 -1
vn 0 0 -1
vn 0 0 1
vn 0 0 1
vn 0 0 1
vn 0 0 1
vn 0 0 1
vn 0 0 1
vn 0 0 1
vn 0 0 1
vn 0 0 1
vn 0 0 1
vn 0 0 1
vn 0 0 1
vn 0 0 1
vn 0 0 1
vn 0 0 1
vn 0 0 1
vn 0 0 1
vn 0 0 1
vn 0 0 -1
vn 0 0 -1
vn 0 0 -1
vn 0 0 -1
vn 0 0 -1
vn 0 0 -1
vn 0 0 -1
vn 0 0 -1
vn 0 0 -1
vn 0 0 -1
vn 0 0 -1
vn 0 0 -1
vn 0 0 1
vn 0 0 1
vn 0 0 1
vn 0 0 1
vn 0 0 1
vn 0 0 1
vn 0 0 1
vn 0 0 1
vn 0 0 1
vn 0 0 1
vn 0 0 1
vn 0 0 1
vn 0 0 -1
vn 0 0 -1
vn 0 0 -1
vn 0 0 -1
vn 0 0 -1
vn 0 0 -1
vn 0 0 -1
vn 0 0 -1
vn 0 0 -1
vn 0 0 -1
vn 0 0 -1
vn 0 0 -1
vn -1 0 0
vn -1 0 0
vn -1 0 0
vn -1 0 0
vn -1 0 0
vn -1 0 0
vn 1 0 0
vn 1 0 0
vn 1 0 0
vn 1 0 0
vn 1 0 0
vn 1 0 0
vn 1 0 0
vn 1 0 0
vn 1 0 0
vn 1 0 0
vn 1 0 0
vn 1 0 0
vn -1 0 0
vn -1 0 0
vn -1 0 0
vn -1 0 0
vn -1 0 0
vn -1 0 0
vn -2.410160947383443e-11 0.00010108947702254165 0.9999999948904588
vn -2.410160947383443e-11 0.00010108947702254165 0.9999999948904588
vn -2.410160947383443e-11 0.00010108947702254165 0.9999999948904588
vn -2.410160947383443e-11 0.00010108947702254165 0.9999999948904588
vn -2.410160947383443e-11 0.00010108947702254165 0.9999999948904588
vn -2.410160947383443e-11 0.00010108947702254165 0.9999999948904588
vn -2.384185778948116e-7 0.9999999949385199 -0.0001006126398716105
vn -2.384185778948116e-7 0.9999999949385199 -0.0001006126398716105
vn -2.384185778948116e-7 0.9999999949385199 -0.0001006126398716105
vn 0 0.9999999949864105 -0.00010013580272061643
vn 0 0.9999999949864105 -0.00010013580272061643
vn 0 0.9999999949864105 -0.00010013580272061643
vn 0 0.9999999949864105 -0.00010013580272061643
vn 0 0.9999999949864105 -0.00010013580272061643
vn 0 0.9999999949864105 -0.00010013580272061643
vn 0 0.9999999949864105 -0.00010013580272061643
vn 0 0.9999999949864105 -0.00010013580272061643
vn 0 0.9999999949864105 -0.00010013580272061643
vn -9.536984131424518e-7 0.00010108947702249568 0.999999994890004
vn -9.536984131424518e-7 0.00010108947702249568 0.999999994890004
vn -9.536984131424518e-7 0.00010108947702249568 0.999999994890004
vn 0 0.00009918208112471677 0.9999999950814574
vn 0 0.00009918208112471677 0.9999999950814574
vn 0 0.00009918208112471677 0.9999999950814574
vn 0 1 0
vn 0 1 0
vn 0 1 0
vn -2.3841812430907042e-7 0.9999999999998578 -4.768844566187069e-7
vn -2.3841812430907042e-7 0.9999999999998578 -4.768844566187069e-7
vn -2.3841812430907042e-7 0.9999999999998578 -4.768844566187069e-7
vn -9.53674311715124e-7 -0.0000991821284183729 0.9999999950809979
vn -9.53674311715124e-7 -0.0000991821284183729 0.9999999950809979
vn -9.53674311715124e-7 -0.0000991821284183729 0.9999999950809979
vn 0 -0.00010108947702254165 0.9999999948904588
vn 0 -0.00010108947702254165 0.9999999948904588
vn 0 -0.00010108947702254165 0.9999999948904588
vn 0 -0.00009918208112471677 0.9999999950814574
vn 0 -0.00009918208112471677 0.9999999950814574
vn 0 -0.00009918208112471677 0.9999999950814574
vn 2.3646862129787923e-11 -0.000099182128418418 0.9999999950814527
vn 2.3646862129787923e-11 -0.000099182128418418 0.9999999950814527
vn 2.3646862129787923e-11 -0.000099182128418418 0.9999999950814527
vn -2.3841857910155572e-7 0.9999999999999716 0
vn -2.3841857910155572e-7 0.9999999999999716 0
vn -2.3841857910155572e-7 0.9999999999999716 0
vn -2.3841857910155572e-7 0.9999999999999716 0
vn -2.3841857910155572e-7 0.9999999999999716 0
vn -2.3841857910155572e-7 0.9999999999999716 0
vn 0 0.0002002715069321017 -0.9999999799456616
vn 0 0.0002002715069321017 -0.9999999799456616
vn 0 0.0002002715069321017 -0.9999999799456616
vn -4.774847088551381e-11 0.0002002716024289941 -0.9999999799456425
vn -4.774847088551381e-11 0.0002002716024289941 -0.9999999799456425
vn -4.774847088551381e-11 0.0002002716024289941 -0.9999999799456425
vn 9.536742972804906e-7 0.00020027160242890303 -0.9999999799451877
vn 9.536742972804906e-7 0.00020027160242890303 -0.9999999799451877
vn 9.536742972804906e-7 0.00020027160242890303 -0.9999999799451877
vn 9.536265487868187e-7 0.0002002716979258865 -0.9999999799451686
vn 9.536265487868187e-7 0.0002002716979258865 -0.9999999799451686
vn 9.536265487868187e-7 0.0002002716979258865 -0.9999999799451686
vn -2.3649241542399102e-11 0.00009919210839825072 -0.9999999950804628
vn -2.3649241542399102e-11 0.00009919210839825072 -0.9999999950804628
vn -2.3649241542399102e-11 0.00009919210839825072 -0.9999999950804628
vn 0 0.00009919206109503136 -0.9999999950804676
vn 0 0.00009919206109503136 -0.9999999950804676
vn 0 0.00009919206109503136 -0.9999999950804676
vn 9.536743117141846e-7 0.00009919206109498626 -0.9999999950800128
vn 9.536743117141846e-7 0.00009919206109498626 -0.9999999950800128
vn 9.536743117141846e-7 0.00009919206109498626 -0.9999999950800128
vn 0 0.00010109960071216098 -0.9999999948894353
vn 0 0.00010109960071216098 -0.9999999948894353
vn 0 0.00010109960071216098 -0.9999999948894353
vn -1 0 0
vn -1 0 0
vn -1 0 0
vn -1 0 0
vn -1 0 0
vn -1 0 0
vn 1 0 0
vn 1 0 0
vn 1 0 0
vn 1 0 0
vn 1 0 0
vn 1 0 0
vn -1 0 0
vn -1 0 0
vn -1 0 0
vn -1 0 0
vn -1 0 0
vn -1 0 0
vn 1 0 0
vn 1 0 0
vn 1 0 0
vn 0.9999999999999999 0 0
vn 0.9999999999999999 0 0
vn 0.9999999999999999 0 0
vn 1 0 0
vn 1 0 0
vn 1 0 0
vn 1 0 0
vn 1 0 0
vn 1 0 0
vn 1 0 0
vn 1 0 0
vn 1 0 0
vn 1 0 0
vn 1 0 0
vn 1 0 0
vn -1 0 0
vn -1 0 0
vn -1 0 0
vn -1 0 0
vn -1 0 0
vn -1 0 0
vn -1 0 0
vn -1 0 0
vn -1 0 0
vn -1 0 0
vn -1 0 0
vn -1 0 0
vn 1 0 0
vn 1 0 0
vn 1 0 0
vn 1 0 0
vn 1 0 0
vn 1 0 0
vn 1 0 0
vn 1 0 0
vn 1 0 0
vn 1 0 0
vn 1 0 0
vn 1 0 0
vn -1 0 0
vn -1 0 0
vn -1 0 0
vn -1 0 0
vn -1 0 0
vn -1 0 0
vn -1 0 0
vn -1 0 0
vn -1 0 0
vn -1 0 0
vn -1 0 0
vn -1 0 0
vn -1 0 0
vn -1 0 0
vn -1 0 0
vn -1 0 0
vn -1 0 0
vn -1 0 0
vn 1 0 0
vn 1 0 0
vn 1 0 0
vn 1 0 0
vn 1 0 0
vn 1 0 0
vn 1 0 0
vn 1 0 0
vn 1 0 0
vn 1 0 0
vn 1 0 0
vn 1 0 0
vn -1 0 0
vn -1 0 0
vn -1 0 0
vn -1 0 0
vn -1 0 0
vn -1 0 0
vn 0 0.00010108947702254165 0.9999999948904588
vn 0 0.00010108947702254165 0.9999999948904588
vn 0 0.00010108947702254165 0.9999999948904588
vn 0 0.00010108947702254165 0.9999999948904588
vn 0 0.00010108947702254165 0.9999999948904588
vn 0 0.00010108947702254165 0.9999999948904588
vn 0 0.9999999949864105 -0.00010013580272061643
vn 0 0.9999999949864105 -0.00010013580272061643
vn 0 0.9999999949864105 -0.00010013580272061643
vn 0 0.9999999949864105 -0.00010013580272061643
vn 0 0.9999999949864105 -0.00010013580272061643
vn 0 0.9999999949864105 -0.00010013580272061643
vn 0 0.9999999949864105 -0.00010013580272061643
vn 0 0.9999999949864105 -0.00010013580272061643
vn 0 0.9999999949864105 -0.00010013580272061643
vn 0 0.9999999949864105 -0.00010013580272061643
vn 0 0.9999999949864105 -0.00010013580272061643
vn 0 0.9999999949864105 -0.00010013580272061643
vn -9.537225147519258e-7 0.00010108947702249568 0.999999994890004
vn -9.537225147519258e-7 0.00010108947702249568 0.999999994890004
vn -9.537225147519258e-7 0.00010108947702249568 0.999999994890004
vn 0 0.00009918203383106062 0.9999999950814621
vn 0 0.00009918203383106062 0.9999999950814621
vn 0 0.00009918203383106062 0.9999999950814621
vn 0 1 0
vn 0 1 0
vn 0 1 0
vn -4.768362486179375e-7 0.9999999999994313 -9.53768913237007e-7
vn -4.768362486179375e-7 0.9999999999994313 -9.53768913237007e-7
vn -4.768362486179375e-7 0.9999999999994313 -9.53768913237007e-7
vn -9.53674311715124e-7 -0.0000991821284183729 0.9999999950809979
vn -9.53674311715124e-7 -0.0000991821284183729 0.9999999950809979
vn -9.53674311715124e-7 -0.0000991821284183729 0.9999999950809979
vn 0 -0.00010108947702254165 0.9999999948904588
vn 0 -0.00010108947702254165 0.9999999948904588
vn 0 -0.00010108947702254165 0.9999999948904588
vn 0 -0.000099182128418418 0.9999999950814527
vn 0 -0.000099182128418418 0.9999999950814527
vn 0 -0.000099182128418418 0.9999999950814527
vn 0 -0.000099182128418418 0.9999999950814527
vn 0 -0.000099182128418418 0.9999999950814527
vn 0 -0.000099182128418418 0.9999999950814527
vn 0 1 0
vn 0 1 0
vn 0 1 0
vn 0 1 0
vn 0 1 0
vn 0 1 0
vn 0 0.0002002716024289941 -0.9999999799456425
vn 0 0.0002002716024289941 -0.9999999799456425
vn 0 0.0002002716024289941 -0.9999999799456425
vn 0 0.0002002716024289941 -0.9999999799456425
vn 0 0.0002002716024289941 -0.9999999799456425
vn 0 0.0002002716024289941 -0.9999999799456425
vn 9.536742972804906e-7 0.00020027160242890303 -0.9999999799451877
vn 9.536742972804906e-7 0.00020027160242890303 -0.9999999799451877
vn 9.536742972804906e-7 0.00020027160242890303 -0.9999999799451877
vn 9.535788002476102e-7 0.0002002717934229611 -0.9999999799451496
vn 9.535788002476102e-7 0.0002002717934229611 -0.9999999799451496
vn 9.535788002476102e-7 0.0002002717934229611 -0.9999999799451496
vn 0 0.00009919206109503136 -0.9999999950804676
vn 0 0.00009919206109503136 -0.9999999950804676
vn 0 0.00009919206109503136 -0.9999999950804676
vn 0 0.00009919206109503136 -0.9999999950804676
vn 0 0.00009919206109503136 -0.9999999950804676
vn 0 0.00009919206109503136 -0.9999999950804676
vn 9.536743117141846e-7 0.00009919206109498626 -0.9999999950800128
vn 9.536743117141846e-7 0.00009919206109498626 -0.9999999950800128
vn 9.536743117141846e-7 0.00009919206109498626 -0.9999999950800128
vn 0 0.00010109960071216098 -0.9999999948894353
vn 0 0.00010109960071216098 -0.9999999948894353
vn 0 0.00010109960071216098 -0.9999999948894353
vn -1 0 0
vn -1 0 0
vn -1 0 0
vn -1 0 0
vn -1 0 0
vn -1 0 0
vn 1 0 0
vn 1 0 0
vn 1 0 0
vn 1 0 0
vn 1 0 0
vn 1 0 0
vn -1 0 0
vn -1 0 0
vn -1 0 0
vn -1 0 0
vn -1 0 0
vn -1 0 0
vn 1 0 0
vn 1 0 0
vn 1 0 0
vn 1 0 0
vn 1 0 0
vn 1 0 0
vn 1 0 0
vn 1 0 0
vn 1 0 0
vn 1 0 0
vn 1 0 0
vn 1 0 0
vn 1 0 0
vn 1 0 0
vn 1 0 0
vn 1 0 0
vn 1 0 0
vn 1 0 0
vn -1 0 0
vn -1 0 0
vn -1 0 0
vn -1 0 0
vn -1 0 0
vn -1 0 0
vn -1 0 0
vn -1 0 0
vn -1 0 0
vn -1 0 0
vn -1 0 0
vn -1 0 0
vn 1 0 0
vn 1 0 0
vn 1 0 0
vn 1 0 0
vn 1 0 0
vn 1 0 0
vn 1 0 0
vn 1 0 0
vn 1 0 0
vn 1 0 0
vn 1 0 0
vn 1 0 0
vn -1 0 0
vn -1 0 0
vn -1 0 0
vn -1 0 0
vn -1 0 0
vn -1 0 0
vn -1 0 0
vn -1 0 0
vn -1 0 0
vn -1 0 0
vn -1 0 0
vn -1 0 0
vn 0 0 1
vn 0 0 1
vn 0 0 1
vn 0 0 1
vn 0 0 1
vn 0 0 1
vn 0 0 -1
vn 0 0 -1
vn 0 0 -1
vn 0 0 -1
vn 0 0 -1
vn 0 0 -1
vn 0 0 -1
vn 0 0 -1
vn 0 0 -1
vn 0 0 -1
vn 0 0 -1
vn 0 0 -1
vn 0 0 1
vn 0 0 1
vn 0 0 1
vn 0 0 1
vn 0 0 1
vn 0 0 1
vn 0.9999999949862968 0.00010013580272060505 4.768669986071573e-7
vn 0.9999999949862968 0.00010013580272060505 4.768669986071573e-7
vn 0.9999999949862968 0.00010013580272060505 4.768669986071573e-7
vn 0.9999999949862973 0.00010013579675204652 4.768640143260815e-7
vn 0.9999999949862973 0.00010013579675204652 4.768640143260815e-7
vn 0.9999999949862973 0.00010013579675204652 4.768640143260815e-7
vn -0.00010043382593999392 0.9999999949564873 2.681730095563336e-7
vn -0.00010043382593999392 0.9999999949564873 2.681730095563336e-7
vn -0.00010043382593999392 0.9999999949564873 2.681730095563336e-7
vn -0.00009989747941475179 0.9999999950102468 0
vn -0.00009989747941475179 0.9999999950102468 0
vn -0.00009989747941475179 0.9999999950102468 0
vn -0.00009989747941475161 0.9999999950102451 -5.9557009647782265e-8
vn -0.00009989747941475161 0.9999999950102451 -5.9557009647782265e-8
vn -0.00009989747941475161 0.9999999950102451 -5.9557009647782265e-8
vn -0.00010001659343285652 0.9999999949983405 0
vn -0.00010001659343285652 0.9999999949983405 0
vn -0.00010001659343285652 0.9999999949983405 0
vn 0.9999999949862973 0.00010013579675204652 4.768610300467841e-7
vn 0.9999999949862973 0.00010013579675204652 4.768610300467841e-7
vn 0.9999999949862973 0.00010013579675204652 4.768610300467841e-7
vn 0.999999995175478 0.00009822838971238737 -4.768430107708892e-7
vn 0.999999995175478 0.00009822838971238737 -4.768430107708892e-7
vn 0.999999995175478 0.00009822838971238737 -4.768430107708892e-7
vn -1.1922122786419376e-7 0.9999999999999928 0
vn -1.1922122786419376e-7 0.9999999999999928 0
vn -1.1922122786419376e-7 0.9999999999999928 0
vn -5.961055707733455e-7 0.9999999999997938 2.38418294856227e-7
vn -5.961055707733455e-7 0.9999999999997938 2.38418294856227e-7
vn -5.961055707733455e-7 0.9999999999997938 2.38418294856227e-7
vn 0.9999999950809958 -0.00009918215206524046 9.536624882812382e-7
vn 0.9999999950809958 -0.00009918215206524046 9.536624882812382e-7
vn 0.9999999950809958 -0.00009918215206524046 9.536624882812382e-7
vn 0.9999999948904588 -0.00010108947702254165 0
vn 0.9999999948904588 -0.00010108947702254165 0
vn 0.9999999948904588 -0.00010108947702254165 0
vn 0.9999999950814527 -0.000099182128418418 -1.1823431064893961e-11
vn 0.9999999950814527 -0.000099182128418418 -1.1823431064893961e-11
vn 0.9999999950814527 -0.000099182128418418 -1.1823431064893961e-11
vn 0.9999999950814505 -0.00009918215206528556 -2.3646867767640486e-11
vn 0.9999999950814505 -0.00009918215206528556 -2.3646867767640486e-11
vn 0.9999999950814505 -0.00009918215206528556 -2.3646867767640486e-11
vn 0 0.9999999999999716 2.3841857910155572e-7
vn 0 0.9999999999999716 2.3841857910155572e-7
vn 0 0.9999999999999716 2.3841857910155572e-7
vn -1.1922122786418847e-7 0.9999999999999484 2.9802316702782627e-7
vn -1.1922122786418847e-7 0.9999999999999484 2.9802316702782627e-7
vn -1.1922122786418847e-7 0.9999999999999484 2.9802316702782627e-7
vn -0.9999999799455288 0.00020027160242897134 -4.768132744049652e-7
vn -0.9999999799455288 0.00020027160242897134 -4.768132744049652e-7
vn -0.9999999799455288 0.00020027160242897134 -4.768132744049652e-7
vn -0.9999999799455145 0.0002002716740517004 -4.7677746303044895e-7
vn -0.9999999799455145 0.0002002716740517004 -4.7677746303044895e-7
vn -0.9999999799455145 0.0002002716740517004 -4.7677746303044895e-7
vn -0.9999999799456282 0.00020027167405172318 2.3874243980851552e-11
vn -0.9999999799456282 0.00020027167405172318 2.3874243980851552e-11
vn -0.9999999799456282 0.00020027167405172318 2.3874243980851552e-11
vn -0.9999999801360443 0.00019931804697247753 -4.767896276057043e-7
vn -0.9999999801360443 0.00019931804697247753 -4.767896276057043e-7
vn -0.9999999801360443 0.00019931804697247753 -4.767896276057043e-7
vn -0.9999999949852897 0.00010014586075250237 -4.76825217495013e-7
vn -0.9999999949852897 0.00010014586075250237 -4.76825217495013e-7
vn -0.9999999949852897 0.00010014586075250237 -4.76825217495013e-7
vn -0.9999999948894347 0.00010109960673877054 0
vn -0.9999999948894347 0.00010109960673877054 0
vn -0.9999999948894347 0.00010109960673877054 0
vn -0.9999999948894347 0.00010109960673877054 1.2052012293192213e-11
vn -0.9999999948894347 0.00010109960673877054 1.2052012293192213e-11
vn -0.9999999948894347 0.00010109960673877054 1.2052012293192213e-11
vn -0.999999994889437 0.0001010995826323366 0
vn -0.999999994889437 0.0001010995826323366 0
vn -0.999999994889437 0.0001010995826323366 0
vn 0 0 1
vn 0 0 1
vn 0 0 1
vn 0 0 0.9999999999999999
vn 0 0 0.9999999999999999
vn 0 0 0.9999999999999999
vn 0 0 -1
vn 0 0 -1
vn 0 0 -1
vn 0 0 -1
vn 0 0 -1
vn 0 0 -1
vn 0 0 1
vn 0 0 1
vn 0 0 1
vn 0 0 1
vn 0 0 1
vn 0 0 1
vn 0 0 -1
vn 0 0 -1
vn 0 0 -1
vn 0 0 -1
vn 0 0 -1
vn 0 0 -1
vn 0 0 -1
vn 0 0 -1
vn 0 0 -1
vn 0 0 -1
vn 0 0 -1
vn 0 0 -1
vn 0 0 -1
vn 0 0 -1
vn 0 0 -1
vn 0 0 -1
vn 0 0 -1
vn 0 0 -1
vn 0 0 1
vn 0 0 1
vn 0 0 1
vn 0 0 1
vn 0 0 1
vn 0 0 1
vn 0 0 1
vn 0 0 1
vn 0 0 1
vn 0 0 1
vn 0 0 1
vn 0 0 1
vn 0 0 -1
vn 0 0 -1
vn 0 0 -1
vn 0 0 -1
vn 0 0 -1
vn 0 0 -1
vn 0 0 -1
vn 0 0 -1
vn 0 0 -1
vn 0 0 -1
vn 0 0 -1
vn 0 0 -1
vn 0 0 1
vn 0 0 1
vn 0 0 1
vn 0 0 1
vn 0 0 1
vn 0 0 1
vn 0 0 1
vn 0 0 1
vn 0 0 1
vn 0 0 1
vn 0 0 1
vn 0 0 1
vn 0 0 1
vn 0 0 1
vn 0 0 1
vn 0 0 1
vn 0 0 1
vn 0 0 1
vn 0 0 -1
vn 0 0 -1
vn 0 0 -1
vn 0 0 -1
vn 0 0 -1
vn 0 0 -1
vn 0 0 -1
vn 0 0 -1
vn 0 0 -1
vn 0 0 -1
vn 0 0 -1
vn 0 0 -1
vn 0 0 1
vn 0 0 1
vn 0 0 1
vn 0 0 1
vn 0 0 1
vn 0 0 1
vn 0.9999999948904588 0.00010108947702254165 2.410160947383443e-11
vn 0.9999999948904588 0.00010108947702254165 2.410160947383443e-11
vn 0.9999999948904588 0.00010108947702254165 2.410160947383443e-11
vn 0.9999999948904588 0.00010108947702254165 2.410160947383443e-11
vn 0.9999999948904588 0.00010108947702254165 2.410160947383443e-11
vn 0.9999999948904588 0.00010108947702254165 2.410160947383443e-11
vn -0.0001003742212961206 0.9999999949624794 2.38418577900524e-7
vn -0.0001003742212961206 0.9999999949624794 2.38418577900524e-7
vn -0.0001003742212961206 0.9999999949624794 2.38418577900524e-7
vn -0.00009989738414509233 0.9999999950102563 0
vn -0.00009989738414509233 0.9999999950102563 0
vn -0.00009989738414509233 0.9999999950102563 0
vn -0.00009989738414509233 0.9999999950102563 0
vn -0.00009989738414509233 0.9999999950102563 0
vn -0.00009989738414509233 0.9999999950102563 0
vn -0.00009989738414509233 0.9999999950102563 0
vn -0.00009989738414509233 0.9999999950102563 0
vn -0.00009989738414509233 0.9999999950102563 0
vn 0.999999994890004 0.00010108947702249568 9.536984131424518e-7
vn 0.999999994890004 0.00010108947702249568 9.536984131424518e-7
vn 0.999999994890004 0.00010108947702249568 9.536984131424518e-7
vn 0.9999999950814574 0.00009918208112471677 0
vn 0.9999999950814574 0.00009918208112471677 0
vn 0.9999999950814574 0.00009918208112471677 0
vn 0 1 0
vn 0 1 0
vn 0 1 0
vn -4.768844566187069e-7 0.9999999999998578 2.3841812430907042e-7
vn -4.768844566187069e-7 0.9999999999998578 2.3841812430907042e-7
vn -4.768844566187069e-7 0.9999999999998578 2.3841812430907042e-7
vn 0.9999999950809979 -0.0000991821284183729 9.53674311715124e-7
vn 0.9999999950809979 -0.0000991821284183729 9.53674311715124e-7
vn 0.9999999950809979 -0.0000991821284183729 9.53674311715124e-7
vn 0.9999999948904588 -0.00010108947702254165 0
vn 0.9999999948904588 -0.00010108947702254165 0
vn 0.9999999948904588 -0.00010108947702254165 0
vn 0.9999999950814527 -0.000099182128418418 -2.3646862129787923e-11
vn 0.9999999950814527 -0.000099182128418418 -2.3646862129787923e-11
vn 0.9999999950814527 -0.000099182128418418 -2.3646862129787923e-11
vn 0.9999999950814527 -0.000099182128418418 -2.3646862129787923e-11
vn 0.9999999950814527 -0.000099182128418418 -2.3646862129787923e-11
vn 0.9999999950814527 -0.000099182128418418 -2.3646862129787923e-11
vn 0 0.9999999999999716 2.3841857910155572e-7
vn 0 0.9999999999999716 2.3841857910155572e-7
vn 0 0.9999999999999716 2.3841857910155572e-7
vn 0 0.9999999999999716 2.3841857910155572e-7
vn 0 0.9999999999999716 2.3841857910155572e-7
vn 0 0.9999999999999716 2.3841857910155572e-7
vn -0.9999999799456425 0.0002002716024289941 4.774847088551381e-11
vn -0.9999999799456425 0.0002002716024289941 4.774847088551381e-11
vn -0.9999999799456425 0.0002002716024289941 4.774847088551381e-11
vn -0.9999999799456425 0.0002002716024289941 4.774847088551381e-11
vn -0.9999999799456425 0.0002002716024289941 4.774847088551381e-11
vn -0.9999999799456425 0.0002002716024289941 4.774847088551381e-11
vn -0.9999999799451877 0.00020027160242890303 -9.536742972804906e-7
vn -0.9999999799451877 0.00020027160242890303 -9.536742972804906e-7
vn -0.9999999799451877 0.00020027160242890303 -9.536742972804906e-7
vn -0.9999999799451686 0.0002002716979258865 -9.536265487868187e-7
vn -0.9999999799451686 0.0002002716979258865 -9.536265487868187e-7
vn -0.9999999799451686 0.0002002716979258865 -9.536265487868187e-7
vn -0.9999999950804651 0.00009919208474663539 1.182461795170729e-11
vn -0.9999999950804651 0.00009919208474663539 1.182461795170729e-11
vn -0.9999999950804651 0.00009919208474663539 1.182461795170729e-11
vn -0.9999999950804676 0.00009919206109503136 0
vn -0.9999999950804676 0.00009919206109503136 0
vn -0.9999999950804676 0.00009919206109503136 0
vn -0.9999999950800128 0.00009919206109498626 -9.536624870990524e-7
vn -0.9999999950800128 0.00009919206109498626 -9.536624870990524e-7
vn -0.9999999950800128 0.00009919206109498626 -9.536624870990524e-7
vn -0.9999999948894379 0.00010109957660572992 0
vn -0.9999999948894379 0.00010109957660572992 0
vn -0.9999999948894379 0.00010109957660572992 0
vn 0 0 1
vn 0 0 1
vn 0 0 1
vn 0 0 1
vn 0 0 1
vn 0 0 1
vn 0 0 -1
vn 0 0 -1
vn 0 0 -1
vn 0 0 -1
vn 0 0 -1
vn 0 0 -1
vn 0 0 1
vn 0 0 1
vn 0 0 1
vn 0 0 1
vn 0 0 1
vn 0 0 1
vn 0 0 -1
vn 0 0 -1
vn 0 0 -1
vn 0 0 -1
vn 0 0 -1
vn 0 0 -1
vn 0 0 -1
vn 0 0 -1
vn 0 0 -1
vn 0 0 -1
vn 0 0 -1
vn 0 0 -1
vn 0 0 -1
vn 0 0 -1
vn 0 0 -1
vn 0 0 -1
vn 0 0 -1
vn 0 0 -1
vn 0 0 1
vn 0 0 1
vn 0 0 1
vn 0 0 1
vn 0 0 1
vn 0 0 1
vn 0 0 1
vn 0 0 1
vn 0 0 1
vn 0 0 1
vn 0 0 1
vn 0 0 1
vn 0 0 -1
vn 0 0 -1
vn 0 0 -1
vn 0 0 -1
vn 0 0 -1
vn 0 0 -1
vn 0 0 -1
vn 0 0 -1
vn 0 0 -1
vn 0 0 -1
vn 0 0 -1
vn 0 0 -1
vn 0 0 1
vn 0 0 1
vn 0 0 1
vn 0 0 1
vn 0 0 1
vn 0 0 1
vn 0 0 1
vn 0 0 1
vn 0 0 1
vn 0 0 1
vn 0 0 1
vn 0 0 1
vn 0 0 1
vn 0 0 1
vn 0 0 1
vn 0 0 1
vn 0 0 1
vn 0 0 1
vn 0 0 -1
vn 0 0 -1
vn 0 0 -1
vn 0 0 -1
vn 0 0 -1
vn 0 0 -1
vn 0 0 -1
vn 0 0 -1
vn 0 0 -1
vn 0 0 -1
vn 0 0 -1
vn 0 0 -1
vn 0 0 1
vn 0 0 1
vn 0 0 1
vn 0 0 1
vn 0 0 1
vn 0 0 1
vn 0.9999999948904588 0.00010108947702254165 2.410160947383443e-11
vn 0.9999999948904588 0.00010108947702254165 2.410160947383443e-11
vn 0.9999999948904588 0.00010108947702254165 2.410160947383443e-11
vn 0.9999999948904588 0.00010108947702254165 2.410160947383443e-11
vn 0.9999999948904588 0.00010108947702254165 2.410160947383443e-11
vn 0.9999999948904588 0.00010108947702254165 2.410160947383443e-11
vn -0.0001006126398716105 0.9999999949385199 2.384185778948116e-7
vn -0.0001006126398716105 0.9999999949385199 2.384185778948116e-7
vn -0.0001006126398716105 0.9999999949385199 2.384185778948116e-7
vn -0.00010013580272061643 0.9999999949864105 0
vn -0.00010013580272061643 0.9999999949864105 0
vn -0.00010013580272061643 0.9999999949864105 0
vn -0.00010013580272061643 0.9999999949864105 0
vn -0.00010013580272061643 0.9999999949864105 0
vn -0.00010013580272061643 0.9999999949864105 0
vn -0.00010013580272061643 0.9999999949864105 0
vn -0.00010013580272061643 0.9999999949864105 0
vn -0.00010013580272061643 0.9999999949864105 0
vn 0.999999994890004 0.00010108947702249568 9.536984131424518e-7
vn 0.999999994890004 0.00010108947702249568 9.536984131424518e-7
vn 0.999999994890004 0.00010108947702249568 9.536984131424518e-7
vn 0.9999999950814574 0.00009918208112471677 0
vn 0.9999999950814574 0.00009918208112471677 0
vn 0.9999999950814574 0.00009918208112471677 0
vn 0 1 0
vn 0 1 0
vn 0 1 0
vn -4.768844566187069e-7 0.9999999999998578 2.3841812430907042e-7
vn -4.768844566187069e-7 0.9999999999998578 2.3841812430907042e-7
vn -4.768844566187069e-7 0.9999999999998578 2.3841812430907042e-7
vn 0.9999999950809979 -0.0000991821284183729 9.53674311715124e-7
vn 0.9999999950809979 -0.0000991821284183729 9.53674311715124e-7
vn 0.9999999950809979 -0.0000991821284183729 9.53674311715124e-7
vn 0.9999999948904588 -0.00010108947702254165 0
vn 0.9999999948904588 -0.00010108947702254165 0
vn 0.9999999948904588 -0.00010108947702254165 0
vn 0.9999999950814527 -0.000099182128418418 -2.3646862129787923e-11
vn 0.9999999950814527 -0.000099182128418418 -2.3646862129787923e-11
vn 0.9999999950814527 -0.000099182128418418 -2.3646862129787923e-11
vn 0.9999999950814527 -0.000099182128418418 -2.3646862129787923e-11
vn 0.9999999950814527 -0.000099182128418418 -2.3646862129787923e-11
vn 0.9999999950814527 -0.000099182128418418 -2.3646862129787923e-11
vn 0 0.9999999999999716 2.3841857910155572e-7
vn 0 0.9999999999999716 2.3841857910155572e-7
vn 0 0.9999999999999716 2.3841857910155572e-7
vn 0 0.9999999999999716 2.3841857910155572e-7
vn 0 0.9999999999999716 2.3841857910155572e-7
vn 0 0.9999999999999716 2.3841857910155572e-7
vn -0.9999999799456425 0.0002002716024289941 4.774847088551381e-11
vn -0.9999999799456425 0.0002002716024289941 4.774847088551381e-11
vn -0.9999999799456425 0.0002002716024289941 4.774847088551381e-11
vn -0.9999999799456425 0.0002002716024289941 4.774847088551381e-11
vn -0.9999999799456425 0.0002002716024289941 4.774847088551381e-11
vn -0.9999999799456425 0.0002002716024289941 4.774847088551381e-11
vn -0.9999999799451877 0.00020027160242890303 -9.536742972804906e-7
vn -0.9999999799451877 0.00020027160242890303 -9.536742972804906e-7
vn -0.9999999799451877 0.00020027160242890303 -9.536742972804906e-7
vn -0.9999999799451686 0.0002002716979258865 -9.536265487868187e-7
vn -0.9999999799451686 0.0002002716979258865 -9.536265487868187e-7
vn -0.9999999799451686 0.0002002716979258865 -9.536265487868187e-7
vn -0.9999999950804628 0.00009919210839825072 2.3649241542399102e-11
vn -0.9999999950804628 0.00009919210839825072 2.3649241542399102e-11
vn -0.9999999950804628 0.00009919210839825072 2.3649241542399102e-11
vn -0.9999999950804676 0.00009919206109503136 0
vn -0.9999999950804676 0.00009919206109503136 0
vn -0.9999999950804676 0.00009919206109503136 0
vn -0.9999999950800128 0.00009919206109498626 -9.536743117141846e-7
vn -0.9999999950800128 0.00009919206109498626 -9.536743117141846e-7
vn -0.9999999950800128 0.00009919206109498626 -9.536743117141846e-7
vn -0.9999999948894353 0.00010109960071216098 0
vn -0.9999999948894353 0.00010109960071216098 0
vn -0.9999999948894353 0.00010109960071216098 0
vn 0 0 1
vn 0 0 1
vn 0 0 1
vn 0 0 1
vn 0 0 1
vn 0 0 1
vn 0 0 -1
vn 0 0 -1
vn 0 0 -1
vn 0 0 -1
vn 0 0 -1
vn 0 0 -1
vn 0 0 1
vn 0 0 1
vn 0 0 1
vn 0 0 1
vn 0 0 1
vn 0 0 1
vn 0 0 -1
vn 0 0 -1
vn 0 0 -1
vn 0 0 -0.9999999999999999
vn 0 0 -0.9999999999999999
vn 0 0 -0.9999999999999999
vn 0 0 -1
vn 0 0 -1
vn 0 0 -1
vn 0 0 -1
vn 0 0 -1
vn 0 0 -1
vn 0 0 -1
vn 0 0 -1
vn 0 0 -1
vn 0 0 -1
vn 0 0 -1
vn 0 0 -1
vn 0 0 1
vn 0 0 1
vn 0 0 1
vn 0 0 1
vn 0 0 1
vn 0 0 1
vn 0 0 1
vn 0 0 1
vn 0 0 1
vn 0 0 1
vn 0 0 1
vn 0 0 1
vn 0 0 -1
vn 0 0 -1
vn 0 0 -1
vn 0 0 -1
vn 0 0 -1
vn 0 0 -1
vn 0 0 -1
vn 0 0 -1
vn 0 0 -1
vn 0 0 -1
vn 0 0 -1
vn 0 0 -1
vn 0 0 1
vn 0 0 1
vn 0 0 1
vn 0 0 1
vn 0 0 1
vn 0 0 1
vn 0 0 1
vn 0 0 1
vn 0 0 1
vn 0 0 1
vn 0 0 1
vn 0 0 1
g Scene
usemtl material0
f 1/1/1 4/5/5 2/2/2 3/3/3
f 5/7/7 8/11/11 6/8/8 7/9/9
f 9/13/13 12/17/17 10/14/14 11/15/15
f 13/19/19 16/23/23 14/20/20 15/21/21
f 17/25/25 20/29/29 18/26/26 19/27/27
f 21/31/31 24/35/35 22/32/32 23/33/33
f 25/37/37 28/41/41 26/38/38 27/39/39
f 29/43/43 32/47/47 30/44/44 31/45/45
f 33/49/49 36/53/53 34/50/50 35/51/51
f 37/55/55 40/59/59 38/56/56 39/57/57
f 41/61/61 44/65/65 42/62/62 43/63/63
f 45/67/67 48/71/71 46/68/68 47/69/69
f 49/73/73 52/77/77 50/74/74 51/75/75
f 53/79/79 56/83/83 54/80/80 55/81/81
f 57/85/85 60/89/89 58/86/86 59/87/87
f 61/91/91 64/95/95 62/92/92 63/93/93
f 65/97/97 68/101/101 66/98/98 67/99/99
f 69/103/103 72/107/107 70/104/104 71/105/105
f 73/109/109 76/113/113 74/110/110 75/111/111
f 77/115/115 80/119/119 78/116/116 79/117/117
f 81/121/121 84/125/125 82/122/122 83/123/123
f 85/127/127 88/131/131 86/128/128 87/129/129
f 89/133/133 92/137/137 90/134/134 91/135/135
f 93/139/139 96/143/143 94/140/140 95/141/141
f 97/145/145 100/149/149 98/146/146 99/147/147
f 101/151/151 104/155/155 102/152/152 103/153/153
f 105/157/157 108/161/161 106/158/158 107/159/159
f 109/163/163 112/167/167 110/164/164 111/165/165
f 113/169/169 116/173/173 114/170/170 115/171/171
f 117/175/175 120/179/179 118/176/176 119/177/177
f 121/181/181 124/185/185 122/182/182 123/183/183
f 125/187/187 128/191/191 126/188/188 127/189/189
f 129/193/193 132/197/197 130/194/194 131/195/195
f 133/199/199 136/203/203 134/200/200 135/201/201
f 137/205/205 140/209/209 138/206/206 139/207/207
f 141/211/211 144/215/215 142/212/212 143/213/213
f 145/217/217 148/221/221 146/218/218 147/219/219
f 149/223/223 152/227/227 150/224/224 151/225/225
f 153/229/229 156/233/233 154/230/230 155/231/231
f 157/235/235 160/239/239 158/236/236 159/237/237
f 161/241/241 164/245/245 162/242/242 163/243/243
f 165/247/247 168/251/251 166/248/248 167/249/249
f 169/253/253 172/257/257 170/254/254 171/255/255
f 173/259/259 176/263/263 174/260/260 175/261/261
f 177/265/265 180/269/269 178/266/266 179/267/267
f 181/271/271 184/275/275 182/272/272 183/273/273
f 185/277/277 188/281/281 186/278/278 187/279/279
f 189/283/283 192/287/287 190/284/284 191/285/285
f 193/289/289 196/293/293 194/290/290 195/291/291
f 197/295/295 200/299/299 198/296/296 199/297/297
f 201/301/301 204/305/305 202/302/302 203/303/303
f 205/307/307 208/311/311 206/308/308 207/309/309
f 209/313/313 212/317/317 210/314/314 211/315/315
f 213/319/319 215/323/323 205/320/320 214/321/321
f 216/325/325 217/329/329 215/326/326 213/327/327
f 218/331/331 221/335/335 219/332/332 220/333/333
f 222/337/337 223/341/341 221/338/338 218/339/339
f 224/343/343 227/347/347 225/344/344 226/345/345
f 228/349/349 231/353/353 229/350/350 230/351/351
f 232/355/355 235/359/359 233/356/356 234/357/357
f 236/361/361 239/365/365 237/362/362 238/363/363
f 240/367/367 241/371/371 231/368/368 228/369/369
f 242/373/373 245/377/377 243/374/374 244/375/375
f 246/379/379 249/383/383 247/380/380 248/381/381
f 250/385/385 253/389/389 251/386/386 252/387/387
f 254/391/391 257/395/395 255/392/392 256/393/393
f 258/397/397 261/401/401 259/398/398 260/399/399
f 244/403/403 243/407/407 262/404/404 263/405/405
f 264/409/409 267/413/413 265/410/410 266/411/411
f 252/415/415 251/419/419 268/416/416 269/417/417
f 260/421/421 259/425/425 270/422/422 271/423/423
f 272/427/427 275/431/431 273/428/428 274/429/429
f 276/433/433 279/437/437 277/434/434 278/435/435
f 280/439/439 283/443/443 281/440/440 282/441/441
f 284/445/445 287/449/449 285/446/446 286/447/447
f 288/451/451 291/455/455 289/452/452 290/453/453
f 292/457/457 295/461/461 293/458/458 294/459/459
f 296/463/463 299/467/467 297/464/464 298/465/465
f 300/469/469 303/473/473 301/470/470 302/471/471
f 304/475/475 307/479/479 305/476/476 306/477/477
f 308/481/481 311/485/485 309/482/482 310/483/483
f 312/487/487 315/491/491 313/488/488 314/489/489
f 316/493/493 319/497/497 317/494/494 318/495/495
f 320/499/499 308/503/503 310/500/500 321/501/501
f 322/505/505 325/509/509 323/506/506 324/507/507
f 326/511/511 329/515/515 327/512/512 328/513/513
f 330/517/517 321/521/521 331/518/518 332/519/519
f 321/523/523 310/527/527 333/524/524 331/525/525
f 317/529/529 336/533/533 334/530/530 335/531/531
f 337/535/535 340/539/539 338/536/536 339/537/537
f 310/541/541 309/545/545 341/542/542 333/543/543
f 306/547/547 305/551/551 342/548/548 343/549/549
f 327/553/553 346/557/557 344/554/554 345/555/555
f 347/559/559 350/563/563 348/560/560 349/561/561
f 351/565/565 354/569/569 352/566/566 353/567/567
f 355/571/571 358/575/575 356/572/572 357/573/573
f 359/577/577 362/581/581 360/578/578 361/579/579
f 363/583/583 366/587/587 364/584/584 365/585/585
f 367/589/589 370/593/593 368/590/590 369/591/591
f 371/595/595 374/599/599 372/596/596 373/597/597
f 375/601/601 378/605/605 376/602/602 377/603/603
f 379/607/607 382/611/611 380/608/608 381/609/609
f 341/613/613 385/617/617 383/614/614 384/615/615
f 332/619/619 341/623/623 384/620/620 367/621/621
f 344/625/625 388/629/629 386/626/626 387/627/627
f 389/631/631 392/635/635 390/632/632 391/633/633
f 393/637/637 396/641/641 394/638/638 395/639/639
f 397/643/643 400/647/647 398/644/644 399/645/645
f 399/649/649 398/653/653 401/650/650 402/651/651
f 395/655/655 394/659/659 403/656/656 404/657/657
f 405/661/661 408/665/665 406/662/662 407/663/663
f 409/667/667 405/671/671 407/668/668 410/669/669
f 411/673/673 414/677/677 412/674/674 413/675/675
f 415/679/679 418/683/683 416/680/680 417/681/681
f 417/685/685 416/689/689 419/686/686 420/687/687
f 413/691/691 412/695/695 421/692/692 422/693/693
f 423/697/697 426/701/701 424/698/698 425/699/699
f 427/703/703 423/707/707 425/704/704 428/705/705
f 429/709/709 432/713/713 430/710/710 431/711/711
f 433/715/715 436/719/719 434/716/716 435/717/717
f 435/721/721 434/725/725 437/722/722 438/723/723
f 431/727/727 430/731/731 439/728/728 440/729/729
f 441/733/733 444/737/737 442/734/734 443/735/735
f 445/739/739 441/743/743 443/740/740 446/741/741
f 447/745/745 450/749/749 448/746/746 449/747/747
f 451/751/751 454/755/755 452/752/752 453/753/753
f 455/757/757 458/761/761 456/758/758 457/759/759
f 459/763/763 455/767/767 457/764/764 460/765/765
f 461/769/769 464/773/773 462/770/770 463/771/771
f 465/775/775 466/779/779 458/776/776 455/777/777
f 467/781/781 470/785/785 468/782/782 469/783/783
f 471/787/787 474/791/791 472/788/788 473/789/789
f 475/793/793 478/797/797 476/794/794 477/795/795
f 479/799/799 482/803/803 480/800/800 481/801/801
f 483/805/805 486/809/809 484/806/806 485/807/807
f 487/811/811 479/815/815 488/812/812 489/813/813
f 490/817/817 493/821/821 491/818/818 492/819/819
f 494/823/823 497/827/827 495/824/824 496/825/825
f 498/829/829 501/833/833 499/830/830 500/831/831
f 502/835/835 505/839/839 503/836/836 504/837/837
f 506/841/841 509/845/845 507/842/842 508/843/843
f 510/847/847 513/851/851 511/848/848 512/849/849
f 514/853/853 517/857/857 515/854/854 516/855/855
f 518/859/859 521/863/863 519/860/860 520/861/861
f 522/865/865 525/869/869 523/866/866 524/867/867
f 526/871/871 529/875/875 527/872/872 528/873/873
f 530/877/877 533/881/881 531/878/878 532/879/879
f 534/883/883 537/887/887 535/884/884 536/885/885
f 538/889/889 541/893/893 539/890/890 540/891/891
f 542/895/895 545/899/899 543/896/896 544/897/897
f 546/901/901 549/905/905 547/902/902 548/903/903
f 550/907/907 553/911/911 551/908/908 552/909/909
f 554/913/913 557/917/917 555/914/914 556/915/915
f 556/919/919 555/923/923 558/920/920 559/921/921
f 559/925/925 558/929/929 560/926/926 561/927/927
f 562/931/931 565/935/935 563/932/932 564/933/933
f 566/937/937 569/941/941 567/938/938 568/939/939
f 570/943/943 573/947/947 571/944/944 572/945/945
f 574/949/949 577/953/953 575/950/950 576/951/951
f 578/955/955 581/959/959 579/956/956 580/957/957
f 582/961/961 585/965/965 583/962/962 584/963/963
f 586/967/967 589/971/971 587/968/968 588/969/969
f 590/973/973 593/977/977 591/974/974 592/975/975
f 594/979/979 597/983/983 595/980/980 596/981/981
f 598/985/985 601/989/989 599/986/986 600/987/987
f 602/991/991 605/995/995 603/992/992 604/993/993
f 606/997/997 609/1001/1001 607/998/998 608/999/999
f 610/1003/1003 613/1007/1007 611/1004/1004 612/1005/1005
f 614/1009/1009 617/1013/1013 615/1010/1010 616/1011/1011
f 618/1015/1015 621/1019/1019 619/1016/1016 620/1017/1017
f 622/1021/1021 625/1025/1025 623/1022/1022 624/1023/1023
f 621/1027/1027 627/1031/1031 626/1028/1028 619/1029/1029
f 628/1033/1033 631/1037/1037 629/1034/1034 630/1035/1035
f 632/1039/1039 635/1043/1043 633/1040/1040 634/1041/1041
f 636/1045/1045 639/1049/1049 637/1046/1046 638/1047/1047
f 640/1051/1051 643/1055/1055 641/1052/1052 642/1053/1053
f 644/1057/1057 647/1061/1061 645/1058/1058 646/1059/1059
f 648/1063/1063 651/1067/1067 649/1064/1064 650/1065/1065
f 623/1069/1069 654/1073/1073 652/1070/1070 653/1071/1071
f 655/1075/1075 658/1079/1079 656/1076/1076 657/1077/1077
f 659/1081/1081 662/1085/1085 660/1082/1082 661/1083/1083
f 663/1087/1087 666/1091/1091 664/1088/1088 665/1089/1089
f 667/1093/1093 670/1097/1097 668/1094/1094 669/1095/1095
f 671/1099/1099 674/1103/1103 672/1100/1100 673/1101/1101
f 675/1105/1105 678/1109/1109 676/1106/1106 677/1107/1107
f 679/1111/1111 680/1115/1115 678/1112/1112 675/1113/1113
f 681/1117/1117 684/1121/1121 682/1118/1118 683/1119/1119
f 685/1123/1123 688/1127/1127 686/1124/1124 687/1125/1125
f 689/1129/1129 692/1133/1133 690/1130/1130 691/1131/1131
f 693/1135/1135 696/1139/1139 694/1136/1136 695/1137/1137
f 697/1141/1141 700/1145/1145 698/1142/1142 699/1143/1143
f 701/1147/1147 704/1151/1151 702/1148/1148 703/1149/1149
f 705/1153/1153 708/1157/1157 706/1154/1154 707/1155/1155
f 709/1159/1159 712/1163/1163 710/1160/1160 711/1161/1161
f 711/1165/1165 710/1169/1169 713/1166/1166 714/1167/1167
f 715/1171/1171 717/1175/1175 716/1172/1172 682/1173/1173
f 718/1177/1177 721/1181/1181 719/1178/1178 720/1179/1179
f 720/1183/1183 719/1187/1187 722/1184/1184 723/1185/1185
f 724/1189/1189 725/1193/1193 721/1190/1190 718/1191/1191
f 723/1195/1195 722/1199/1199 726/1196/1196 727/1197/1197
f 728/1201/1201 729/1205/1205 725/1202/1202 724/1203/1203
f 730/1207/1207 732/1211/1211 731/1208/1208 684/1209/1209
f 733/1213/1213 736/1217/1217 734/1214/1214 735/1215/1215
f 703/1219/1219 737/1223/1223 736/1220/1220 730/1221/1221
f 682/1225/1225 716/1229/1229 738/1226/1226 591/1227/1227
f 739/1231/1231 742/1235/1235 740/1232/1232 741/1233/1233
f 743/1237/1237 746/1241/1241 744/1238/1238 745/1239/1239
f 747/1243/1243 750/1247/1247 748/1244/1244 749/1245/1245
f 751/1249/1249 754/1253/1253 752/1250/1250 753/1251/1251
f 755/1255/1255 758/1259/1259 756/1256/1256 757/1257/1257
f 757/1261/1261 756/1265/1265 759/1262/1262 760/1263/1263
f 741/1267/1267 740/1271/1271 758/1268/1268 755/1269/1269
f 760/1273/1273 759/1277/1277 761/1274/1274 762/1275/1275
f 763/1279/1279 766/1283/1283 764/1280/1280 765/1281/1281
f 767/1285/1285 770/1289/1289 768/1286/1286 769/1287/1287
f 745/1291/1291 771/1295/1295 770/1292/1292 763/1293/1293
f 772/1297/1297 775/1301/1301 773/1298/1298 774/1299/1299
f 605/1303/1303 777/1307/1307 776/1304/1304 603/1305/1305
f 778/1309/1309 781/1313/1313 779/1310/1310 780/1311/1311
f 782/1315/1315 752/1319/1319 783/1316/1316 784/1317/1317
f 785/1321/1321 788/1325/1325 786/1322/1322 787/1323/1323
f 789/1327/1327 792/1331/1331 790/1328/1328 791/1329/1329
f 791/1333/1333 790/1337/1337 793/1334/1334 794/1335/1335
f 787/1339/1339 786/1343/1343 795/1340/1340 796/1341/1341
f 797/1345/1345 800/1349/1349 798/1346/1346 799/1347/1347
f 801/1351/1351 804/1355/1355 802/1352/1352 803/1353/1353
f 805/1357/1357 808/1361/1361 806/1358/1358 807/1359/1359
f 809/1363/1363 812/1367/1367 810/1364/1364 811/1365/1365
f 811/1369/1369 810/1373/1373 813/1370/1370 814/1371/1371
f 807/1375/1375 806/1379/1379 815/1376/1376 816/1377/1377
f 817/1381/1381 820/1385/1385 818/1382/1382 819/1383/1383
f 821/1387/1387 817/1391/1391 819/1388/1388 822/1389/1389
f 823/1393/1393 826/1397/1397 824/1394/1394 825/1395/1395
f 827/1399/1399 830/1403/1403 828/1400/1400 829/1401/1401
f 829/1405/1405 828/1409/1409 831/1406/1406 832/1407/1407
f 825/1411/1411 824/1415/1415 833/1412/1412 834/1413/1413
f 835/1417/1417 838/1421/1421 836/1418/1418 837/1419/1419
f 839/1423/1423 835/1427/1427 837/1424/1424 840/1425/1425
f 841/1429/1429 844/1433/1433 842/1430/1430 843/1431/1431
f 845/1435/1435 848/1439/1439 846/1436/1436 847/1437/1437
f 847/1441/1441 846/1445/1445 849/1442/1442 850/1443/1443
f 843/1447/1447 842/1451/1451 851/1448/1448 852/1449/1449
f 853/1453/1453 856/1457/1457 854/1454/1454 855/1455/1455
f 857/1459/1459 853/1463/1463 855/1460/1460 858/1461/1461
f 859/1465/1465 862/1469/1469 860/1466/1466 861/1467/1467
f 863/1471/1471 866/1475/1475 864/1472/1472 865/1473/1473
f 865/1477/1477 864/1481/1481 867/1478/1478 868/1479/1479
f 861/1483/1483 860/1487/1487 869/1484/1484 870/1485/1485
f 871/1489/1489 874/1493/1493 872/1490/1490 873/1491/1491
f 875/1495/1495 871/1499/1499 873/1496/1496 876/1497/1497
f 877/1501/1501 880/1505/1505 878/1502/1502 879/1503/1503
f 881/1507/1507 884/1511/1511 882/1508/1508 883/1509/1509
f 883/1513/1513 882/1517/1517 885/1514/1514 886/1515/1515
f 879/1519/1519 878/1523/1523 887/1520/1520 888/1521/1521
f 889/1525/1525 892/1529/1529 890/1526/1526 891/1527/1527
f 893/1531/1531 889/1535/1535 891/1532/1532 894/1533/1533
f 895/1537/1537 898/1541/1541 896/1538/1538 897/1539/1539
f 899/1543/1543 902/1547/1547 900/1544/1544 901/1545/1545
f 903/1549/1549 906/1553/1553 904/1550/1550 905/1551/1551
f 907/1555/1555 910/1559/1559 908/1556/1556 909/1557/1557
f 911/1561/1561 914/1565/1565 912/1562/1562 913/1563/1563
f 915/1567/1567 918/1571/1571 916/1568/1568 917/1569/1569
f 873/1573/1573 920/1577/1577 919/1574/1574 876/1575/1575
f 921/1579/1579 911/1583/1583 913/1580/1580 922/1581/1581
f 923/1585/1585 915/1589/1589 917/1586/1586 924/1587/1587
f 855/1591/1591 926/1595/1595 925/1592/1592 858/1593/1593
f 443/1597/1597 928/1601/1601 927/1598/1598 446/1599/1599
f 929/1603/1603 932/1607/1607 930/1604/1604 931/1605/1605
f 933/1609/1609 895/1613/1613 897/1610/1610 934/1611/1611
f 407/1615/1615 899/1619/1619 901/1616/1616 410/1617/1617
f 935/1621/1621 938/1625/1625 936/1622/1622 937/1623/1623
f 891/1627/1627 940/1631/1631 939/1628/1628 894/1629/1629
f 941/1633/1633 907/1637/1637 909/1634/1634 942/1635/1635
f 425/1639/1639 903/1643/1643 905/1640/1640 428/1641/1641
f 943/1645/1645 946/1649/1649 944/1646/1646 945/1647/1647
f 837/1651/1651 948/1655/1655 947/1652/1652 840/1653/1653
f 949/1657/1657 952/1661/1661 950/1658/1658 951/1659/1659
f 953/1663/1663 956/1667/1667 954/1664/1664 955/1665/1665
f 957/1669/1669 960/1673/1673 958/1670/1670 959/1671/1671
f 961/1675/1675 964/1679/1679 962/1676/1676 963/1677/1677
f 965/1681/1681 968/1685/1685 966/1682/1682 967/1683/1683
f 969/1687/1687 972/1691/1691 970/1688/1688 971/1689/1689
f 973/1693/1693 976/1697/1697 974/1694/1694 975/1695/1695
f 977/1699/1699 980/1703/1703 978/1700/1700 979/1701/1701
f 981/1705/1705 984/1709/1709 982/1706/1706 983/1707/1707
f 985/1711/1711 987/1715/1715 986/1712/1712 972/1713/1713
f 988/1717/1717 991/1721/1721 989/1718/1718 990/1719/1719
f 992/1723/1723 995/1727/1727 993/1724/1724 994/1725/1725
f 988/1729/1729 998/1733/1733 996/1730/1730 997/1731/1731
f 999/1735/1735 1002/1739/1739 1000/1736/1736 1001/1737/1737
f 1003/1741/1741 1006/1745/1745 1004/1742/1742 1005/1743/1743
f 1007/1747/1747 1003/1751/1751 1005/1748/1748 1008/1749/1749
f 1009/1753/1753 1012/1757/1757 1010/1754/1754 1011/1755/1755
f 1013/1759/1759 1009/1763/1763 1011/1760/1760 1014/1761/1761
f 1015/1765/1765 1018/1769/1769 1016/1766/1766 1017/1767/1767
f 1019/1771/1771 1022/1775/1775 1020/1772/1772 1021/1773/1773
f 1023/1777/1777 1026/1781/1781 1024/1778/1778 1025/1779/1779
f 1027/1783/1783 1030/1787/1787 1028/1784/1784 1029/1785/1785
f 1031/1789/1789 1034/1793/1793 1032/1790/1790 1033/1791/1791
f 1035/1795/1795 1038/1799/1799 1036/1796/1796 1037/1797/1797
f 1039/1801/1801 1041/1805/1805 999/1802/1802 1040/1803/1803
f 1042/1807/1807 1045/1811/1811 1043/1808/1808 1044/1809/1809
f 1046/1813/1813 999/1817/1817 1047/1814/1814 1048/1815/1815
f 1049/1819/1819 1052/1823/1823 1050/1820/1820 1051/1821/1821
f 1053/1825/1825 1056/1829/1829 1054/1826/1826 1055/1827/1827
f 1055/1831/1831 1054/1835/1835 1057/1832/1832 1058/1833/1833
f 1059/1837/1837 1060/1841/1841 1056/1838/1838 1053/1839/1839
f 1058/1843/1843 1057/1847/1847 1061/1844/1844 1062/1845/1845
f 1063/1849/1849 1064/1853/1853 1060/1850/1850 1059/1851/1851
f 1065/1855/1855 1068/1859/1859 1066/1856/1856 1067/1857/1857
f 1069/1861/1861 1072/1865/1865 1070/1862/1862 1071/1863/1863
f 1044/1867/1867 1073/1871/1871 1072/1868/1868 1065/1869/1869
f 1074/1873/1873 1077/1877/1877 1075/1874/1874 1076/1875/1875
f 1078/1879/1879 1081/1883/1883 1079/1880/1880 1080/1881/1881
f 1082/1885/1885 1050/1889/1889 1083/1886/1886 1084/1887/1887
f 1085/1891/1891 1088/1895/1895 1086/1892/1892 1087/1893/1893
f 1089/1897/1897 1092/1901/1901 1090/1898/1898 1091/1899/1899
f 1093/1903/1903 1096/1907/1907 1094/1904/1904 1095/1905/1905
f 1096/1909/1909 1098/1913/1913 1097/1910/1910 1094/1911/1911
f 4/1915/1915 1100/1919/1919 1099/1916/1916 2/1917/1917
f 1092/1921/1921 1102/1925/1925 1101/1922/1922 1090/1923/1923
f 1088/1927/1927 1104/1931/1931 1103/1928/1928 1086/1929/1929
f 1105/1933/1933 1108/1937/1937 1106/1934/1934 1107/1935/1935
f 1109/1939/1939 1112/1943/1943 1110/1940/1940 1111/1941/1941
f 1113/1945/1945 1116/1949/1949 1114/1946/1946 1115/1947/1947
f 1117/1951/1951 1120/1955/1955 1118/1952/1952 1119/1953/1953
f 1116/1957/1957 1122/1961/1961 1121/1958/1958 1114/1959/1959
f 1120/1963/1963 1124/1967/1967 1123/1964/1964 1118/1965/1965
f 1125/1969/1969 1128/1973/1973 1126/1970/1970 1127/1971/1971
f 1129/1975/1975 1132/1979/1979 1130/1976/1976 1131/1977/1977
f 1133/1981/1981 1130/1985/1985 1134/1982/1982 1135/1983/1983
f 1136/1987/1987 1133/1991/1991 1135/1988/1988 1137/1989/1989
f 1138/1993/1993 1141/1997/1997 1139/1994/1994 1140/1995/1995
f 1142/1999/1999 1145/2003/2003 1143/2000/2000 1144/2001/2001
f 1146/2005/2005 1142/2009/2009 1147/2006/2006 1148/2007/2007
f 1149/2011/2011 1152/2015/2015 1150/2012/2012 1151/2013/2013
f 1153/2017/2017 1156/2021/2021 1154/2018/2018 1155/2019/2019
f 1157/2023/2023 1160/2027/2027 1158/2024/2024 1159/2025/2025
f 1161/2029/2029 1164/2033/2033 1162/2030/2030 1163/2031/2031
f 1165/2035/2035 1168/2039/2039 1166/2036/2036 1167/2037/2037
f 1169/2041/2041 1172/2045/2045 1170/2042/2042 1171/2043/2043
f 1173/2047/2047 1176/2051/2051 1174/2048/2048 1175/2049/2049
f 1177/2053/2053 1180/2057/2057 1178/2054/2054 1179/2055/2055
f 1181/2059/2059 1184/2063/2063 1182/2060/2060 1183/2061/2061
f 1185/2065/2065 1188/2069/2069 1186/2066/2066 1187/2067/2067
f 1189/2071/2071 1192/2075/2075 1190/2072/2072 1191/2073/2073
f 1190/2077/2077 1195/2081/2081 1193/2078/2078 1194/2079/2079
f 1196/2083/2083 1199/2087/2087 1197/2084/2084 1198/2085/2085
f 1200/2089/2089 1203/2093/2093 1201/2090/2090 1202/2091/2091
f 1204/2095/2095 1207/2099/2099 1205/2096/2096 1206/2097/2097
f 1208/2101/2101 1211/2105/2105 1209/2102/2102 1210/2103/2103
f 1212/2107/2107 1215/2111/2111 1213/2108/2108 1214/2109/2109
f 1216/2113/2113 1219/2117/2117 1217/2114/2114 1218/2115/2115
f 1220/2119/2119 1223/2123/2123 1221/2120/2120 1222/2121/2121
f 1224/2125/2125 1227/2129/2129 1225/2126/2126 1226/2127/2127
f 1228/2131/2131 1231/2135/2135 1229/2132/2132 1230/2133/2133
f 1232/2137/2137 1234/2141/2141 998/2138/2138 1233/2139/2139
f 1235/2143/2143 1236/2147/2147 1227/2144/2144 1224/2145/2145
f 1237/2149/2149 1238/2153/2153 1231/2150/2150 1228/2151/2151
f 1239/2155/2155 1242/2159/2159 1240/2156/2156 1241/2157/2157
f 1243/2161/2161 1246/2165/2165 1244/2162/2162 1245/2163/2163
f 1192/2167/2167 1247/2171/2171 1195/2168/2168 1190/2169/2169
f 1248/2173/2173 1251/2177/2177 1249/2174/2174 1250/2175/2175
f 1252/2179/2179 1253/2183/2183 1199/2180/2180 1196/2181/2181
f 1254/2185/2185 1257/2189/2189 1255/2186/2186 1256/2187/2187
f 1258/2191/2191 1261/2195/2195 1259/2192/2192 1260/2193/2193
f 1262/2197/2197 1263/2201/2201 1203/2198/2198 1200/2199/2199
f 1264/2203/2203 1267/2207/2207 1265/2204/2204 1266/2205/2205
f 1268/2209/2209 1271/2213/2213 1269/2210/2210 1270/2211/2211
f 1272/2215/2215 1275/2219/2219 1273/2216/2216 1274/2217/2217
f 1276/2221/2221 1279/2225/2225 1277/2222/2222 1278/2223/2223
f 1280/2227/2227 1281/2231/2231 1223/2228/2228 1220/2229/2229
f 1282/2233/2233 1285/2237/2237 1283/2234/2234 1284/2235/2235
f 1286/2239/2239 1289/2243/2243 1287/2240/2240 1288/2241/2241
f 1290/2245/2245 1293/2249/2249 1291/2246/2246 1292/2247/2247
f 1294/2251/2251 1297/2255/2255 1295/2252/2252 1296/2253/2253
f 1298/2257/2257 1301/2261/2261 1299/2258/2258 1300/2259/2259
f 1302/2263/2263 1305/2267/2267 1303/2264/2264 1304/2265/2265
f 1306/2269/2269 1283/2273/2273 1293/2270/2270 1290/2271/2271
f 1307/2275/2275 1310/2279/2279 1308/2276/2276 1309/2277/2277
f 1221/2281/2281 1223/2285/2285 1311/2282/2282 1312/2283/2283
f 1313/2287/2287 1273/2291/2291 1314/2288/2288 1315/2289/2289
f 1316/2293/2293 1319/2297/2297 1317/2294/2294 1318/2295/2295
f 1318/2299/2299 1317/2303/2303 1320/2300/2300 1321/2301/2301
f 1322/2305/2305 1325/2309/2309 1323/2306/2306 1324/2307/2307
f 1309/2311/2311 1308/2315/2315 1326/2312/2312 1327/2313/2313
f 1328/2317/2317 1331/2321/2321 1329/2318/2318 1330/2319/2319
f 1332/2323/2323 1335/2327/2327 1333/2324/2324 1334/2325/2325
f 1336/2329/2329 1287/2333/2333 1335/2330/2330 1332/2331/2331
f 1337/2335/2335 1338/2339/2339 1331/2336/2336 1328/2337/2337
f 1339/2341/2341 1342/2345/2345 1340/2342/2342 1341/2343/2343
f 1343/2347/2347 1344/2351/2351 1342/2348/2348 1339/2349/2349
f 1345/2353/2353 1348/2357/2357 1346/2354/2354 1347/2355/2355
f 1349/2359/2359 1352/2363/2363 1350/2360/2360 1351/2361/2361
f 1353/2365/2365 1356/2369/2369 1354/2366/2366 1355/2367/2367
f 1357/2371/2371 1360/2375/2375 1358/2372/2372 1359/2373/2373
f 1361/2377/2377 1364/2381/2381 1362/2378/2378 1363/2379/2379
f 1365/2383/2383 1368/2387/2387 1366/2384/2384 1367/2385/2385
f 1369/2389/2389 1372/2393/2393 1370/2390/2390 1371/2391/2391
f 1373/2395/2395 1353/2399/2399 1355/2396/2396 1374/2397/2397
f 1375/2401/2401 1378/2405/2405 1376/2402/2402 1377/2403/2403
f 1379/2407/2407 1382/2411/2411 1380/2408/2408 1381/2409/2409
f 1383/2413/2413 1379/2417/2417 1381/2414/2414 1384/2415/2415
f 1384/2419/2419 1386/2423/2423 1385/2420/2420 1361/2421/2421
f 1387/2425/2425 1390/2429/2429 1388/2426/2426 1389/2427/2427
f 1391/2431/2431 1394/2435/2435 1392/2432/2432 1393/2433/2433
f 1393/2437/2437 1392/2441/2441 1395/2438/2438 1396/2439/2439
f 1397/2443/2443 1398/2447/2447 1394/2444/2444 1391/2445/2445
f 1396/2449/2449 1395/2453/2453 1399/2450/2450 1400/2451/2451
f 1401/2455/2455 1402/2459/2459 1398/2456/2456 1397/2457/2457
f 1403/2461/2461 1406/2465/2465 1404/2462/2462 1405/2463/2463
f 1407/2467/2467 1410/2471/2471 1408/2468/2468 1409/2469/2469
f 1296/2473/2473 1411/2477/2477 1410/2474/2474 1403/2475/2475
f 1184/2479/2479 1413/2483/2483 1412/2480/2480 1182/2481/2481
f 1414/2485/2485 1417/2489/2489 1415/2486/2486 1416/2487/2487
f 1418/2491/2491 1420/2495/2495 1419/2492/2492 1375/2493/2493
f 1421/2497/2497 1424/2501/2501 1422/2498/2498 1423/2499/2499
f 1382/2503/2503 1426/2507/2507 1425/2504/2504 1380/2505/2505
f 1389/2509/2509 1388/2513/2513 1386/2510/2510 1425/2511/2511
f 1427/2515/2515 1428/2519/2519 1420/2516/2516 1418/2517/2517
f 1429/2521/2521 1432/2525/2525 1430/2522/2522 1431/2523/2523
f 1433/2527/2527 1436/2531/2531 1434/2528/2528 1435/2529/2529
f 1437/2533/2533 1440/2537/2537 1438/2534/2534 1439/2535/2535
f 1441/2539/2539 1444/2543/2543 1442/2540/2540 1443/2541/2541
f 1445/2545/2545 1448/2549/2549 1446/2546/2546 1447/2547/2547
f 1449/2551/2551 1452/2555/2555 1450/2552/2552 1451/2553/2553
f 1453/2557/2557 1456/2561/2561 1454/2558/2558 1455/2559/2559
f 1188/2563/2563 1445/2567/2567 1447/2564/2564 1186/2565/2565
f 1457/2569/2569 1441/2573/2573 1458/2570/2570 1459/2571/2571
f 1151/2575/2575 1150/2579/2579 1460/2576/2576 1461/2577/2577
f 1405/2581/2581 1389/2585/2585 1462/2582/2582 1463/2583/2583
f 1464/2587/2587 1429/2591/2591 1465/2588/2588 1466/2589/2589
f 1463/2593/2593 1462/2597/2597 1467/2594/2594 1468/2595/2595
f 1468/2599/2599 1467/2603/2603 1469/2600/2600 1470/2601/2601
f 1471/2605/2605 1474/2609/2609 1472/2606/2606 1473/2607/2607
f 1475/2611/2611 1478/2615/2615 1476/2612/2612 1477/2613/2613
f 1479/2617/2617 1482/2621/2621 1480/2618/2618 1481/2619/2619
f 1483/2623/2623 1486/2627/2627 1484/2624/2624 1485/2625/2625
f 1487/2629/2629 1490/2633/2633 1488/2630/2630 1489/2631/2631
f 1491/2635/2635 1494/2639/2639 1492/2636/2636 1493/2637/2637
f 1495/2641/2641 1496/2645/2645 1494/2642/2642 1491/2643/2643
f 1497/2647/2647 1500/2651/2651 1498/2648/2648 1499/2649/2649
f 1501/2653/2653 1502/2657/2657 1500/2654/2654 1497/2655/2655
f 1500/2659/2659 1504/2663/2663 1503/2660/2660 1498/2661/2661
f 1502/2665/2665 1505/2669/2669 1504/2666/2666 1500/2667/2667
f 1505/2671/2671 1495/2675/2675 1491/2672/2672 1504/2673/2673
f 1504/2677/2677 1491/2681/2681 1493/2678/2678 1503/2679/2679
f 1503/2683/2683 1493/2687/2687 1506/2684/2684 1507/2685/2685
f 1498/2689/2689 1503/2693/2693 1507/2690/2690 1508/2691/2691
f 1509/2695/2695 1487/2699/2699 1489/2696/2696 1510/2697/2697
f 1511/2701/2701 1514/2705/2705 1512/2702/2702 1513/2703/2703
f 1515/2707/2707 1516/2711/2711 1151/2708/2708 1461/2709/2709
f 1516/2713/2713 1517/2717/2717 1149/2714/2714 1151/2715/2715
f 1518/2719/2719 1521/2723/2723 1519/2720/2720 1520/2721/2721
f 1522/2725/2725 1525/2729/2729 1523/2726/2726 1524/2727/2727
f 1526/2731/2731 1529/2735/2735 1527/2732/2732 1528/2733/2733
f 1530/2737/2737 1459/2741/2741 1531/2738/2738 1532/2739/2739
f 1533/2743/2743 1536/2747/2747 1534/2744/2744 1535/2745/2745
f 1537/2749/2749 1539/2753/2753 1538/2750/2750 1512/2751/2751
f 1540/2755/2755 1543/2759/2759 1541/2756/2756 1542/2757/2757
f 1152/2761/2761 1545/2765/2765 1544/2762/2762 1150/2763/2763
f 1546/2767/2767 1549/2771/2771 1547/2768/2768 1548/2769/2769
f 1550/2773/2773 1553/2777/2777 1551/2774/2774 1552/2775/2775
f 1554/2779/2779 1557/2783/2783 1555/2780/2780 1556/2781/2781
f 1558/2785/2785 1561/2789/2789 1559/2786/2786 1560/2787/2787
f 1562/2791/2791 1565/2795/2795 1563/2792/2792 1564/2793/2793
f 1566/2797/2797 1569/2801/2801 1567/2798/2798 1568/2799/2799
f 1562/2803/2803 1571/2807/2807 1570/2804/2804 1564/2805/2805
f 1572/2809/2809 1569/2813/2813 1567/2810/2810 426/2811/2811
f 1573/2815/2815 1576/2819/2819 1574/2816/2816 1575/2817/2817
f 1577/2821/2821 1580/2825/2825 1578/2822/2822 1579/2823/2823
f 1573/2827/2827 1582/2831/2831 1581/2828/2828 1575/2829/2829
f 1583/2833/2833 1580/2837/2837 1578/2834/2834 1584/2835/2835
f 1585/2839/2839 1588/2843/2843 1586/2840/2840 1587/2841/2841
f 1589/2845/2845 1592/2849/2849 1590/2846/2846 1591/2847/2847
f 1585/2851/2851 1594/2855/2855 1593/2852/2852 1587/2853/2853
f 1595/2857/2857 1592/2861/2861 1590/2858/2858 1596/2859/2859
f 1597/2863/2863 1600/2867/2867 1598/2864/2864 1599/2865/2865
f 1601/2869/2869 1604/2873/2873 1602/2870/2870 1603/2871/2871
f 1605/2875/2875 1608/2879/2879 1606/2876/2876 1607/2877/2877
f 1609/2881/2881 1612/2885/2885 1610/2882/2882 1611/2883/2883
g metal_stuff
f 1613/2887/2887 1616/2891/2891 1614/2888/2888 1615/2889/2889
f 1617/2893/2893 1620/2897/2897 1618/2894/2894 1619/2895/2895
f 1621/2899/2899 1622/2903/2903 1620/2900/2900 1617/2901/2901
f 1623/2905/2905 1626/2909/2909 1624/2906/2906 1625/2907/2907
f 1627/2911/2911 1623/2915/2915 1625/2912/2912 1628/2913/2913
f 1629/2917/2917 1632/2921/2921 1630/2918/2918 1631/2919/2919
f 1633/2923/2923 1636/2927/2927 1634/2924/2924 1635/2925/2925
f 957/2929/2929 1633/2933/2933 1635/2930/2930 959/2931/2931
f 1626/2935/2935 1638/2939/2939 1637/2936/2936 1624/2937/2937
f 1639/2941/2941 1640/2945/2945 1638/2942/2942 1626/2943/2943
f 953/2947/2947 1642/2951/2951 1641/2948/2948 955/2949/2949
f 1643/2953/2953 960/2957/2957 958/2954/2954 1644/2955/2955
f 1645/2959/2959 1648/2963/2963 1646/2960/2960 1647/2961/2961
f 1649/2965/2965 1645/2969/2969 1647/2966/2966 1650/2967/2967
f 1651/2971/2971 1654/2975/2975 1652/2972/2972 1653/2973/2973
f 1655/2977/2977 1658/2981/2981 1656/2978/2978 1657/2979/2979
f 1659/2983/2983 1662/2987/2987 1660/2984/2984 1661/2985/2985
f 1663/2989/2989 1666/2993/2993 1664/2990/2990 1665/2991/2991
f 1667/2995/2995 1668/2999/2999 1655/2996/2996 1657/2997/2997
f 1669/3001/3001 1672/3005/3005 1670/3002/3002 1671/3003/3003
f 1673/3007/3007 1676/3011/3011 1674/3008/3008 1675/3009/3009
f 1677/3013/3013 1680/3017/3017 1678/3014/3014 1679/3015/3015
f 1673/3019/3019 1682/3023/3023 1681/3020/3020 1675/3021/3021
f 1683/3025/3025 1680/3029/3029 1678/3026/3026 1684/3027/3027
f 1685/3031/3031 1688/3035/3035 1686/3032/3032 1687/3033/3033
f 1688/3037/3037 1690/3041/3041 1689/3038/3038 1686/3039/3039
f 1691/3043/3043 1694/3047/3047 1692/3044/3044 1693/3045/3045
f 1695/3049/3049 1698/3053/3053 1696/3050/3050 1697/3051/3051
f 1698/3055/3055 1700/3059/3059 1699/3056/3056 1696/3057/3057
f 1701/3061/3061 1704/3065/3065 1702/3062/3062 1703/3063/3063
f 1705/3067/3067 1708/3071/3071 1706/3068/3068 1707/3069/3069
f 1709/3073/3073 1694/3077/3077 1692/3074/3074 1710/3075/3075
f 1695/3079/3079 1690/3083/3083 1689/3080/3080 1697/3081/3081
f 1691/3085/3085 1712/3089/3089 1711/3086/3086 1693/3087/3087
f 1712/3091/3091 1714/3095/3095 1713/3092/3092 1711/3093/3093
f 1715/3097/3097 1709/3101/3101 1710/3098/3098 1716/3099/3099
f 1717/3103/3103 1714/3107/3107 1713/3104/3104 1718/3105/3105
f 1577/3109/3109 1721/3113/3113 1719/3110/3110 1720/3111/3111
f 1720/3115/3115 1719/3119/3119 1722/3116/3116 1723/3117/3117
f 1724/3121/3121 1727/3125/3125 1725/3122/3122 1726/3123/3123
f 1728/3127/3127 1731/3131/3131 1729/3128/3128 1730/3129/3129
f 1732/3133/3133 1735/3137/3137 1733/3134/3134 1734/3135/3135
f 1736/3139/3139 1739/3143/3143 1737/3140/3140 1738/3141/3141
f 1738/3145/3145 1737/3149/3149 1740/3146/3146 1741/3147/3147
f 1742/3151/3151 1738/3155/3155 1741/3152/3152 1743/3153/3153
f 1744/3157/3157 1736/3161/3161 1738/3158/3158 1742/3159/3159
f 1745/3163/3163 1732/3167/3167 1734/3164/3164 1746/3165/3165
f 1747/3169/3169 1728/3173/3173 1730/3170/3170 1748/3171/3171
f 1749/3175/3175 1724/3179/3179 1726/3176/3176 1750/3177/3177
f 1751/3181/3181 1720/3185/3185 1723/3182/3182 1752/3183/3183
f 1753/3187/3187 1577/3191/3191 1720/3188/3188 1751/3189/3189
f 1754/3193/3193 1753/3197/3197 1751/3194/3194 1755/3195/3195
f 1755/3199/3199 1751/3203/3203 1752/3200/3200 1756/3201/3201
f 1757/3205/3205 1749/3209/3209 1750/3206/3206 1758/3207/3207
f 1759/3211/3211 1747/3215/3215 1748/3212/3212 1760/3213/3213
f 1761/3217/3217 1745/3221/3221 1746/3218/3218 1762/3219/3219
f 1763/3223/3223 1744/3227/3227 1742/3224/3224 1764/3225/3225
f 1764/3229/3229 1742/3233/3233 1743/3230/3230 1765/3231/3231
f 1766/3235/3235 1768/3239/3239 1767/3236/3236 1765/3237/3237
f 1769/3241/3241 1772/3245/3245 1770/3242/3242 1771/3243/3243
f 1773/3247/3247 1774/3251/3251 1754/3248/3248 1755/3249/3249
f 1775/3253/3253 1778/3257/3257 1776/3254/3254 1777/3255/3255
f 1779/3259/3259 1782/3263/3263 1780/3260/3260 1781/3261/3261
f 1783/3265/3265 1784/3269/3269 1782/3266/3266 1779/3267/3267
f 1785/3271/3271 1788/3275/3275 1786/3272/3272 1787/3273/3273
f 1789/3277/3277 1790/3281/3281 1788/3278/3278 1785/3279/3279
f 1791/3283/3283 1794/3287/3287 1792/3284/3284 1793/3285/3285
f 1795/3289/3289 1797/3293/3293 1796/3290/3290 1781/3291/3291
f 1798/3295/3295 1801/3299/3299 1799/3296/3296 1800/3297/3297
f 1802/3301/3301 1803/3305/3305 1789/3302/3302 1785/3303/3303
f 1804/3307/3307 1807/3311/3311 1805/3308/3308 1806/3309/3309
f 1808/3313/3313 1549/3317/3317 1547/3314/3314 444/3315/3315
f 1809/3319/3319 1812/3323/3323 1810/3320/3320 1811/3321/3321
f 1812/3325/3325 1814/3329/3329 1813/3326/3326 1810/3327/3327
f 1815/3331/3331 1816/3332/3332 1818/3335/3335 1817/3333/3333
f 1819/3337/3337 1822/3341/3341 1820/3338/3338 1821/3339/3339
f 1823/3343/3343 1824/3344/3344 1826/3347/3347 1825/3345/3345
f 1827/3349/3349 1819/3353/3353 1821/3350/3350 1828/3351/3351
f 1829/3355/3355 1832/3359/3359 1830/3356/3356 1831/3357/3357
f 1833/3361/3361 1836/3365/3365 1834/3362/3362 1835/3363/3363
f 1837/3367/3367 1833/3371/3371 1835/3368/3368 1838/3369/3369
f 1839/3373/3373 1842/3377/3377 1840/3374/3374 1841/3375/3375
f 1843/3379/3379 1846/3383/3383 1844/3380/3380 1845/3381/3381
f 1847/3385/3385 1850/3389/3389 1848/3386/3386 1849/3387/3387
f 1832/3391/3391 1852/3395/3395 1851/3392/3392 1830/3393/3393
g stairs
f 1853/3397/3397 1856/3401/3401 1854/3398/3398 1855/3399/3399
f 1856/3403/3403 1853/3407/3407 1855/3404/3404 1854/3405/3405
f 1857/3409/3409 1859/3413/3413 1674/3410/3410 1858/3411/3411
f 1859/3415/3415 1857/3419/3419 1858/3416/3416 1674/3417/3417
f 1860/3421/3421 1863/3425/3425 1861/3422/3422 1862/3423/3423
f 1864/3427/3427 1865/3431/3431 1863/3428/3428 1860/3429/3429
f 1866/3433/3433 1869/3437/3437 1867/3434/3434 1868/3435/3435
f 1868/3439/3439 1867/3443/3443 1870/3440/3440 1871/3441/3441
f 1872/3445/3445 1875/3449/3449 1873/3446/3446 1874/3447/3447
f 1874/3451/3451 1873/3455/3455 1876/3452/3452 1877/3453/3453
f 1878/3457/3457 1881/3461/3461 1879/3458/3458 1880/3459/3459
f 1882/3463/3463 1883/3467/3467 1881/3464/3464 1878/3465/3465
f 1884/3469/3469 1885/3470/3470 1887/3473/3473 1886/3471/3471
f 1888/3475/3475 1889/3476/3476 1891/3479/3479 1890/3477/3477
f 1892/3481/3481 1893/3482/3482 1895/3485/3485 1894/3483/3483
f 1896/3487/3487 1897/3488/3488 1899/3491/3491 1898/3489/3489
f 1900/3493/3493 1901/3494/3494 1903/3497/3497 1902/3495/3495
f 1904/3499/3499 1905/3500/3500 1907/3503/3503 1906/3501/3501
f 1908/3505/3505 1909/3506/3506 1911/3509/3509 1910/3507/3507
f 1912/3511/3511 1913/3512/3512 1915/3515/3515 1914/3513/3513
f 1916/3517/3517 1919/3521/3521 1917/3518/3518 1918/3519/3519
f 1920/3523/3523 1921/3527/3527 1919/3524/3524 1916/3525/3525
f 1922/3529/3529 1923/3530/3530 1925/3533/3533 1924/3531/3531
f 1926/3535/3535 1927/3536/3536 1923/3539/3539 1922/3537/3537
f 1924/3541/3541 1925/3545/3545 1923/3542/3542 1922/3543/3543
f 1922/3547/3547 1923/3551/3551 1927/3548/3548 1926/3549/3549
f 1916/3553/3553 1919/3554/3554 1921/3557/3557 1920/3555/3555
f 1918/3559/3559 1917/3560/3560 1919/3563/3563 1916/3561/3561
f 1928/3565/3565 1931/3569/3569 1929/3566/3566 1930/3567/3567
f 1931/3571/3571 1928/3575/3575 1930/3572/3572 1929/3573/3573
f 1932/3577/3577 1935/3581/3581 1933/3578/3578 1934/3579/3579
f 1935/3583/3583 1932/3587/3587 1934/3584/3584 1933/3585/3585
f 1936/3589/3589 1939/3593/3593 1937/3590/3590 1938/3591/3591
f 1940/3595/3595 1941/3599/3599 1939/3596/3596 1936/3597/3597
f 1942/3601/3601 1945/3605/3605 1943/3602/3602 1944/3603/3603
f 1944/3607/3607 1943/3611/3611 1946/3608/3608 1947/3609/3609
f 1948/3613/3613 1951/3617/3617 1949/3614/3614 1950/3615/3615
f 1950/3619/3619 1949/3623/3623 1952/3620/3620 1953/3621/3621
f 1954/3625/3625 1957/3629/3629 1955/3626/3626 1956/3627/3627
f 1958/3631/3631 1959/3635/3635 1957/3632/3632 1954/3633/3633
f 1960/3637/3637 1961/3638/3638 1963/3641/3641 1962/3639/3639
f 1964/3643/3643 1965/3644/3644 1967/3647/3647 1966/3645/3645
f 1968/3649/3649 1969/3650/3650 1971/3653/3653 1970/3651/3651
f 1972/3655/3655 1973/3656/3656 1975/3659/3659 1974/3657/3657
f 1976/3661/3661 1977/3662/3662 1979/3665/3665 1978/3663/3663
f 1980/3667/3667 1981/3668/3668 1983/3671/3671 1982/3669/3669
f 1984/3673/3673 1985/3674/3674 1987/3677/3677 1986/3675/3675
f 1988/3679/3679 1989/3680/3680 1991/3683/3683 1990/3681/3681
f 1992/3685/3685 1995/3689/3689 1993/3686/3686 1994/3687/3687
f 1996/3691/3691 1997/3695/3695 1995/3692/3692 1992/3693/3693
f 1998/3697/3697 1999/3698/3698 2001/3701/3701 2000/3699/3699
f 2002/3703/3703 2003/3704/3704 1999/3707/3707 1998/3705/3705
f 2000/3709/3709 2001/3713/3713 1999/3710/3710 1998/3711/3711
f 1998/3715/3715 1999/3719/3719 2003/3716/3716 2002/3717/3717
f 1992/3721/3721 1995/3722/3722 1997/3725/3725 1996/3723/3723
f 1994/3727/3727 1993/3728/3728 1995/3731/3731 1992/3729/3729
f 2004/3733/3733 2007/3737/3737 2005/3734/3734 2006/3735/3735
f 2007/3739/3739 2004/3743/3743 2006/3740/3740 2005/3741/3741
f 2008/3745/3745 2011/3749/3749 2009/3746/3746 2010/3747/3747
f 2011/3751/3751 2008/3755/3755 2010/3752/3752 2009/3753/3753
f 2012/3757/3757 2015/3761/3761 2013/3758/3758 2014/3759/3759
f 2016/3763/3763 2017/3767/3767 2015/3764/3764 2012/3765/3765
f 2018/3769/3769 2021/3773/3773 2019/3770/3770 2020/3771/3771
f 2020/3775/3775 2019/3779/3779 2022/3776/3776 2023/3777/3777
f 2024/3781/3781 2027/3785/3785 2025/3782/3782 2026/3783/3783
f 2026/3787/3787 2025/3791/3791 2028/3788/3788 2029/3789/3789
f 2030/3793/3793 2033/3797/3797 2031/3794/3794 2032/3795/3795
f 2034/3799/3799 2035/3803/3803 2033/3800/3800 2030/3801/3801
f 2036/3805/3805 2037/3806/3806 2039/3809/3809 2038/3807/3807
f 2040/3811/3811 2041/3812/3812 2043/3815/3815 2042/3813/3813
f 2044/3817/3817 2045/3818/3818 2047/3821/3821 2046/3819/3819
f 2048/3823/3823 2049/3824/3824 2051/3827/3827 2050/3825/3825
f 2052/3829/3829 2053/3830/3830 2055/3833/3833 2054/3831/3831
f 2056/3835/3835 2057/3836/3836 2059/3839/3839 2058/3837/3837
f 2060/3841/3841 2061/3842/3842 2063/3845/3845 2062/3843/3843
f 2064/3847/3847 2065/3848/3848 2067/3851/3851 2066/3849/3849
f 2068/3853/3853 2071/3857/3857 2069/3854/3854 2070/3855/3855
f 2072/3859/3859 2073/3863/3863 2071/3860/3860 2068/3861/3861
f 2074/3865/3865 2075/3866/3866 2077/3869/3869 2076/3867/3867
f 2078/3871/3871 2079/3872/3872 2075/3875/3875 2074/3873/3873
f 2076/3877/3877 2077/3881/3881 2075/3878/3878 2074/3879/3879
f 2074/3883/3883 2075/3887/3887 2079/3884/3884 2078/3885/3885
f 2068/3889/3889 2071/3890/3890 2073/3893/3893 2072/3891/3891
f 2070/3895/3895 2069/3896/3896 2071/3899/3899 2068/3897/3897
f 2080/3901/3901 2083/3905/3905 2081/3902/3902 2082/3903/3903
f 2083/3907/3907 2080/3911/3911 2082/3908/3908 2081/3909/3909
f 2084/3913/3913 2087/3917/3917 2085/3914/3914 2086/3915/3915
f 2087/3919/3919 2084/3923/3923 2086/3920/3920 2085/3921/3921
f 2088/3925/3925 2091/3929/3929 2089/3926/3926 2090/3927/3927
f 2092/3931/3931 2093/3935/3935 2091/3932/3932 2088/3933/3933
f 2094/3937/3937 2097/3941/3941 2095/3938/3938 2096/3939/3939
f 2096/3943/3943 2095/3947/3947 2098/3944/3944 2099/3945/3945
f 2100/3949/3949 2103/3953/3953 2101/3950/3950 2102/3951/3951
f 2102/3955/3955 2101/3959/3959 2104/3956/3956 2105/3957/3957
f 2106/3961/3961 2109/3965/3965 2107/3962/3962 2108/3963/3963
f 2110/3967/3967 2111/3971/3971 2109/3968/3968 2106/3969/3969
f 2112/3973/3973 2113/3974/3974 2115/3977/3977 2114/3975/3975
f 2116/3979/3979 2117/3980/3980 2119/3983/3983 2118/3981/3981
f 2120/3985/3985 2121/3986/3986 2123/3989/3989 2122/3987/3987
f 2124/3991/3991 2125/3992/3992 2127/3995/3995 2126/3993/3993
f 2128/3997/3997 2129/3998/3998 2131/4001/4001 2130/3999/3999
f 2132/4003/4003 2133/4004/4004 2135/4007/4007 2134/4005/4005
f 2136/4009/4009 2137/4010/4010 2139/4013/4013 2138/4011/4011
f 2140/4015/4015 2141/4016/4016 2143/4019/4019 2142/4017/4017
f 2144/4021/4021 2147/4025/4025 2145/4022/4022 2146/4023/4023
f 2148/4027/4027 2149/4031/4031 2147/4028/4028 2144/4029/4029
f 2150/4033/4033 2151/4034/4034 2153/4037/4037 2152/4035/4035
f 2154/4039/4039 2155/4040/4040 2151/4043/4043 2150/4041/4041
f 2152/4045/4045 2153/4049/4049 2151/4046/4046 2150/4047/4047
f 2150/4051/4051 2151/4055/4055 2155/4052/4052 2154/4053/4053
f 2144/4057/4057 2147/4058/4058 2149/4061/4061 2148/4059/4059
f 2146/4063/4063 2145/4064/4064 2147/4067/4067 2144/4065/4065
f 2156/4069/4069 2159/4073/4073 2157/4070/4070 2158/4071/4071
f 2159/4075/4075 2156/4079/4079 2158/4076/4076 2157/4077/4077
f 2160/4081/4081 2163/4085/4085 2161/4082/4082 2162/4083/4083
f 2163/4087/4087 2160/4091/4091 2162/4088/4088 2161/4089/4089
f 2164/4093/4093 2167/4097/4097 2165/4094/4094 2166/4095/4095
f 2168/4099/4099 2169/4103/4103 2167/4100/4100 2164/4101/4101
f 2170/4105/4105 2173/4109/4109 2171/4106/4106 2172/4107/4107
f 2172/4111/4111 2171/4115/4115 2174/4112/4112 2175/4113/4113
f 2176/4117/4117 2179/4121/4121 2177/4118/4118 2178/4119/4119
f 2178/4123/4123 2177/4127/4127 2180/4124/4124 2181/4125/4125
f 2182/4129/4129 2185/4133/4133 2183/4130/4130 2184/4131/4131
f 2186/4135/4135 2187/4139/4139 2185/4136/4136 2182/4137/4137
f 2188/4141/4141 2189/4142/4142 2191/4145/4145 2190/4143/4143
f 2192/4147/4147 2193/4148/4148 2195/4151/4151 2194/4149/4149
f 2196/4153/4153 2197/4154/4154 2199/4157/4157 2198/4155/4155
f 2200/4159/4159 2201/4160/4160 2203/4163/4163 2202/4161/4161
f 2204/4165/4165 2205/4166/4166 2207/4169/4169 2206/4167/4167
f 2208/4171/4171 2209/4172/4172 2211/4175/4175 2210/4173/4173
f 2212/4177/4177 2213/4178/4178 2215/4181/4181 2214/4179/4179
f 2216/4183/4183 2217/4184/4184 2219/4187/4187 2218/4185/4185
f 2220/4189/4189 2223/4193/4193 2221/4190/4190 2222/4191/4191
f 2224/4195/4195 2225/4199/4199 2223/4196/4196 2220/4197/4197
f 2226/4201/4201 2227/4202/4202 2229/4205/4205 2228/4203/4203
f 2230/4207/4207 2231/4208/4208 2227/4211/4211 2226/4209/4209
f 2228/4213/4213 2229/4217/4217 2227/4214/4214 2226/4215/4215
f 2226/4219/4219 2227/4223/4223 2231/4220/4220 2230/4221/4221
f 2220/4225/4225 2223/4226/4226 2225/4229/4229 2224/4227/4227
f 2222/4231/4231 2221/4232/4232 2223/4235/4235 2220/4233/4233
f 2232/4237/4237 2235/4241/4241 2233/4238/4238 2234/4239/4239
f 2235/4243/4243 2232/4247/4247 2234/4244/4244 2233/4245/4245
f 2236/4249/4249 2239/4253/4253 2237/4250/4250 2238/4251/4251
f 2239/4255/4255 2236/4259/4259 2238/4256/4256 2237/4257/4257
f 2240/4261/4261 2243/4265/4265 2241/4262/4262 2242/4263/4263
f 2244/4267/4267 2245/4271/4271 2243/4268/4268 2240/4269/4269
f 2246/4273/4273 2249/4277/4277 2247/4274/4274 2248/4275/4275
f 2248/4279/4279 2247/4283/4283 2250/4280/4280 2251/4281/4281
f 2252/4285/4285 2255/4289/4289 2253/4286/4286 2254/4287/4287
f 2254/4291/4291 2253/4295/4295 2256/4292/4292 2257/4293/4293
f 2258/4297/4297 2261/4301/4301 2259/4298/4298 2260/4299/4299
f 2262/4303/4303 2263/4307/4307 2261/4304/4304 2258/4305/4305
f 2264/4309/4309 2265/4310/4310 2267/4313/4313 2266/4311/4311
f 2268/4315/4315 2269/4316/4316 2271/4319/4319 2270/4317/4317
f 2272/4321/4321 2273/4322/4322 2275/4325/4325 2274/4323/4323
f 2276/4327/4327 2277/4328/4328 2279/4331/4331 2278/4329/4329
f 2280/4333/4333 2281/4334/4334 2283/4337/4337 2282/4335/4335
f 2284/4339/4339 2285/4340/4340 2287/4343/4343 2286/4341/4341
f 2288/4345/4345 2289/4346/4346 2291/4349/4349 2290/4347/4347
f 2292/4351/4351 2293/4352/4352 2295/4355/4355 2294/4353/4353
f 2296/4357/4357 2299/4361/4361 2297/4358/4358 2298/4359/4359
f 2300/4363/4363 2301/4367/4367 2299/4364/4364 2296/4365/4365
f 2302/4369/4369 2303/4370/4370 2305/4373/4373 2304/4371/4371
f 2306/4375/4375 2307/4376/4376 2303/4379/4379 2302/4377/4377
f 2304/4381/4381 2305/4385/4385 2303/4382/4382 2302/4383/4383
f 2302/4387/4387 2303/4391/4391 2307/4388/4388 2306/4389/4389
f 2296/4393/4393 2299/4394/4394 2301/4397/4397 2300/4395/4395
f 2298/4399/4399 2297/4400/4400 2299/4403/4403 2296/4401/4401
f 2308/4405/4405 2311/4409/4409 2309/4406/4406 2310/4407/4407
f 2311/4411/4411 2308/4415/4415 2310/4412/4412 2309/4413/4413
f 2312/4417/4417 2315/4421/4421 2313/4418/4418 2314/4419/4419
f 2315/4423/4423 2312/4427/4427 2314/4424/4424 2313/4425/4425
f 2316/4429/4429 2319/4433/4433 2317/4430/4430 2318/4431/4431
f 2320/4435/4435 2321/4439/4439 2319/4436/4436 2316/4437/4437
f 2322/4441/4441 2325/4445/4445 2323/4442/4442 2324/4443/4443
f 2324/4447/4447 2323/4451/4451 2326/4448/4448 2327/4449/4449
f 2328/4453/4453 2331/4457/4457 2329/4454/4454 2330/4455/4455
f 2330/4459/4459 2329/4463/4463 2332/4460/4460 2333/4461/4461
f 2334/4465/4465 2337/4469/4469 2335/4466/4466 2336/4467/4467
f 2338/4471/4471 2339/4475/4475 2337/4472/4472 2334/4473/4473
f 2340/4477/4477 2341/4478/4478 2343/4481/4481 2342/4479/4479
f 2344/4483/4483 2345/4484/4484 2347/4487/4487 2346/4485/4485
f 2348/4489/4489 2349/4490/4490 2351/4493/4493 2350/4491/4491
f 2352/4495/4495 2353/4496/4496 2355/4499/4499 2354/4497/4497
f 2356/4501/4501 2357/4502/4502 2359/4505/4505 2358/4503/4503
f 2360/4507/4507 2361/4508/4508 2363/4511/4511 2362/4509/4509
f 2364/4513/4513 2365/4514/4514 2367/4517/4517 2366/4515/4515
f 2368/4519/4519 2369/4520/4520 2371/4523/4523 2370/4521/4521
f 2372/4525/4525 2375/4529/4529 2373/4526/4526 2374/4527/4527
f 2376/4531/4531 2377/4535/4535 2375/4532/4532 2372/4533/4533
f 2378/4537/4537 2379/4538/4538 2381/4541/4541 2380/4539/4539
f 2382/4543/4543 2383/4544/4544 2379/4547/4547 2378/4545/4545
f 2380/4549/4549 2381/4553/4553 2379/4550/4550 2378/4551/4551
f 2378/4555/4555 2379/4559/4559 2383/4556/4556 2382/4557/4557
f 2372/4561/4561 2375/4562/4562 2377/4565/4565 2376/4563/4563
f 2374/4567/4567 2373/4568/4568 2375/4571/4571 2372/4569/4569
